timestamp,total_vehicles_2701,total_vehicles_2702,total_vehicles_2704,total_vehicles_2706,vehicles_per_mpx_2701,vehicles_per_mpx_2702,vehicles_per_mpx_2704,vehicles_per_mpx_2706,cluster_2701,cluster_2702,cluster_2704,cluster_2706,missing_2701,missing_2702,missing_2704,missing_2706
2025-10-15 05:25:00,8.0,7.0,4.0,0.0,0.0445,0.0335,0.0115,0.0,1.0,1.0,1.0,1.0,0,0,0,0
2025-10-15 05:30:00,14.0,10.0,3.0,4.0,0.0789,0.0287,0.0639,0.0718,1.0,1.0,1.0,1.0,0,0,0,0
2025-10-15 05:35:00,13.0,9.0,2.0,1.0,0.1015,0.046,0.0035,0.0049,1.0,1.0,1.0,1.0,0,0,0,0
2025-10-15 05:40:00,15.0,7.0,2.0,3.0,0.0452,0.027,0.0029,0.0605,1.0,1.0,1.0,1.0,0,0,0,0
2025-10-15 05:45:00,21.0,12.0,2.0,0.0,0.0855,0.0685,0.0017,0.0,1.0,1.0,1.0,1.0,0,0,0,0
2025-10-15 05:50:00,9.0,18.0,1.0,2.0,0.0256,0.0774,0.065,0.0044,1.0,1.0,1.0,1.0,0,0,0,0
2025-10-15 05:55:00,11.0,10.0,0.0,2.0,0.0539,0.0483,0.0,0.021,1.0,1.0,1.0,1.0,0,0,0,0
2025-10-15 06:00:00,22.0,10.0,4.0,0.0,0.0934,0.0276,0.0082,0.0,1.0,1.0,1.0,1.0,0,0,0,0
2025-10-15 06:05:00,25.0,8.0,2.0,1.0,0.1467,0.015,0.0077,0.005,1.0,1.0,1.0,1.0,0,0,0,0
2025-10-15 06:10:00,20.0,7.0,1.0,0.0,0.1393,0.0127,0.0009,0.0,1.0,1.0,1.0,1.0,0,0,0,0
2025-10-15 06:15:00,28.0,17.0,3.0,0.0,0.211,0.0712,0.0105,0.0,0.0,1.0,1.0,1.0,0,0,0,0
2025-10-15 06:20:00,20.0,12.0,2.0,0.0,0.1538,0.0506,0.0029,0.0,1.0,1.0,1.0,1.0,0,0,0,0
2025-10-15 06:25:00,26.0,10.0,0.0,11.0,0.1067,0.04,0.0,0.1361,1.0,1.0,1.0,1.0,0,0,0,0
2025-10-15 06:30:00,33.0,9.0,1.0,2.0,0.1995,0.0548,0.0022,0.0067,0.0,1.0,1.0,1.0,0,0,0,0
2025-10-15 06:35:00,45.0,14.0,1.0,22.0,0.2746,0.0261,0.0025,0.1972,0.0,1.0,1.0,1.0,0,0,0,0
2025-10-15 06:40:00,46.0,19.0,1.0,11.0,0.2216,0.0505,0.0001,0.0884,0.0,1.0,1.0,1.0,0,0,0,0
2025-10-15 06:45:00,36.0,20.0,1.0,18.0,0.2338,0.0576,0.0008,0.0749,0.0,1.0,1.0,1.0,0,0,0,0
2025-10-15 06:50:00,33.0,25.0,4.0,17.0,0.2793,0.0358,0.0183,0.1194,0.0,1.0,1.0,1.0,0,0,0,0
2025-10-15 06:55:00,30.0,27.0,2.0,20.0,0.2403,0.0626,0.0019,0.165,0.0,1.0,1.0,1.0,0,0,0,0
2025-10-15 07:00:00,42.0,29.0,7.0,19.0,0.3051,0.1107,0.021,0.1588,0.0,1.0,1.0,1.0,0,0,0,0
2025-10-15 07:05:00,44.0,20.0,3.0,26.0,0.3297,0.0505,0.0348,0.2032,0.0,1.0,1.0,0.0,0,0,0,0
2025-10-15 07:10:00,51.0,,6.0,28.0,0.2929,,0.2995,0.1412,0.0,,1.0,1.0,0,1,0,0
2025-10-15 07:15:00,44.0,15.0,7.0,31.0,0.2923,0.0556,0.0836,0.2993,0.0,1.0,1.0,0.0,0,0,0,0
2025-10-15 07:20:00,49.0,17.0,3.0,33.0,0.4116,0.0284,0.0199,0.2249,0.0,1.0,1.0,0.0,0,0,0,0
2025-10-15 07:25:00,46.0,31.0,3.0,28.0,0.2548,0.08,0.0077,0.2439,0.0,1.0,1.0,0.0,0,0,0,0
2025-10-15 07:30:00,46.0,32.0,2.0,34.0,0.3321,0.1306,0.0023,0.2747,0.0,1.0,1.0,0.0,0,0,0,0
2025-10-15 07:35:00,43.0,30.0,11.0,31.0,0.2702,0.0911,0.0256,0.2367,0.0,1.0,1.0,0.0,0,0,0,0
2025-10-15 07:40:00,48.0,45.0,10.0,29.0,0.2959,0.1374,0.0577,0.2284,0.0,0.0,1.0,0.0,0,0,0,0
2025-10-15 07:45:00,31.0,39.0,7.0,30.0,0.2619,0.1312,0.0111,0.2346,0.0,0.0,1.0,0.0,0,0,0,0
2025-10-15 07:50:00,46.0,22.0,4.0,30.0,0.241,0.0778,0.0085,0.1344,0.0,1.0,1.0,1.0,0,0,0,0
2025-10-15 07:55:00,43.0,33.0,6.0,30.0,0.2482,0.1134,0.3053,0.1917,0.0,1.0,1.0,0.0,0,0,0,0
2025-10-15 21:40:00,18.0,45.0,3.0,9.0,0.1183,0.0982,0.0265,0.0322,3.0,0.0,3.0,3.0,0,0,0,0
2025-10-15 21:45:00,12.0,36.0,5.0,1.0,0.0264,0.0944,0.0812,0.0076,3.0,0.0,3.0,3.0,0,0,0,0
2025-10-15 21:50:00,18.0,39.0,3.0,5.0,0.0702,0.0995,0.0495,0.0568,3.0,0.0,3.0,3.0,0,0,0,0
2025-10-15 21:55:00,14.0,31.0,5.0,9.0,0.0627,0.0662,0.0186,0.1054,3.0,3.0,3.0,3.0,0,0,0,0
2025-10-15 22:00:00,47.0,32.0,0.0,9.0,0.17,0.079,0.0,0.0736,0.0,3.0,3.0,3.0,0,0,0,0
2025-10-15 22:05:00,34.0,40.0,6.0,7.0,0.175,0.0921,0.0315,0.0303,0.0,0.0,3.0,3.0,0,0,0,0
2025-10-15 22:10:00,46.0,43.0,7.0,2.0,0.1547,0.1326,0.0182,0.0518,0.0,0.0,3.0,3.0,0,0,0,0
2025-10-15 22:15:00,38.0,36.0,3.0,6.0,0.1796,0.1048,0.0068,0.0507,0.0,0.0,3.0,3.0,0,0,0,0
2025-10-15 22:20:00,46.0,52.0,1.0,11.0,0.2089,0.1274,0.0023,0.0798,0.0,0.0,3.0,3.0,0,0,0,0
2025-10-15 22:25:00,46.0,38.0,4.0,4.0,0.194,0.1185,0.0139,0.0466,0.0,0.0,3.0,3.0,0,0,0,0
2025-10-15 22:30:00,44.0,40.0,6.0,2.0,0.1668,0.0851,0.1835,0.0112,0.0,0.0,3.0,3.0,0,0,0,0
2025-10-15 22:35:00,50.0,28.0,5.0,2.0,0.1985,0.0729,0.0123,0.0152,0.0,3.0,3.0,3.0,0,0,0,0
2025-10-15 22:40:00,45.0,38.0,3.0,6.0,0.1849,0.0997,0.0537,0.0342,0.0,0.0,3.0,3.0,0,0,0,0
2025-10-15 22:45:00,54.0,31.0,8.0,3.0,0.1778,0.0827,0.0792,0.0352,0.0,3.0,3.0,3.0,0,0,0,0
2025-10-15 22:50:00,46.0,41.0,4.0,6.0,0.1726,0.1159,0.0124,0.0443,0.0,0.0,3.0,3.0,0,0,0,0
2025-10-15 22:55:00,47.0,42.0,3.0,3.0,0.1404,0.0821,0.0408,0.0535,0.0,0.0,3.0,3.0,0,0,0,0
2025-10-15 23:00:00,52.0,38.0,4.0,2.0,0.1732,0.0917,0.014,0.013,0.0,0.0,3.0,3.0,0,0,0,0
2025-10-15 23:05:00,55.0,24.0,1.0,1.0,0.1687,0.0702,0.0026,0.0111,0.0,3.0,3.0,3.0,0,0,0,0
2025-10-15 23:10:00,60.0,26.0,5.0,1.0,0.2015,0.0602,0.0455,0.0013,0.0,3.0,3.0,3.0,0,0,0,0
2025-10-15 23:15:00,49.0,26.0,3.0,8.0,0.1669,0.0677,0.0296,0.0758,0.0,3.0,3.0,3.0,0,0,0,0
2025-10-15 23:20:00,48.0,38.0,5.0,4.0,0.1779,0.0823,0.0364,0.0286,0.0,0.0,3.0,3.0,0,0,0,0
2025-10-15 23:25:00,30.0,36.0,5.0,0.0,0.126,0.0972,0.0135,0.0,0.0,0.0,3.0,3.0,0,0,0,0
2025-10-15 23:30:00,6.0,38.0,4.0,4.0,0.0243,0.0848,0.0149,0.019,3.0,0.0,3.0,3.0,0,0,0,0
2025-10-15 23:35:00,5.0,36.0,5.0,2.0,0.0183,0.0923,0.0309,0.0719,3.0,0.0,3.0,3.0,0,0,0,0
2025-10-15 23:40:00,10.0,42.0,3.0,2.0,0.0552,0.1011,0.0723,0.056,3.0,0.0,3.0,3.0,0,0,0,0
2025-10-15 23:45:00,5.0,32.0,6.0,2.0,0.0129,0.094,0.0829,0.021,3.0,3.0,3.0,3.0,0,0,0,0
2025-10-15 23:50:00,5.0,34.0,6.0,2.0,0.0138,0.0835,0.049,0.0413,3.0,3.0,3.0,3.0,0,0,0,0
2025-10-15 23:55:00,0.0,36.0,2.0,0.0,0.0,0.0954,0.0097,0.0,3.0,0.0,3.0,3.0,0,0,0,0
2025-10-16 04:55:00,12.0,1.0,1.0,2.0,0.1051,0.0017,0.0007,0.0486,1.0,1.0,1.0,1.0,0,0,0,0
2025-10-16 05:00:00,11.0,5.0,0.0,0.0,0.0523,0.0336,0.0,0.0,1.0,1.0,1.0,1.0,0,0,0,0
2025-10-16 05:05:00,9.0,10.0,5.0,1.0,0.0319,0.051,0.0312,0.0301,1.0,1.0,1.0,1.0,0,0,0,0
2025-10-16 05:10:00,9.0,5.0,1.0,2.0,0.0669,0.0135,0.0007,0.0304,1.0,1.0,1.0,1.0,0,0,0,0
2025-10-16 05:15:00,2.0,9.0,3.0,6.0,0.005,0.0311,0.024,0.0494,1.0,1.0,1.0,1.0,0,0,0,0
2025-10-16 05:20:00,12.0,9.0,2.0,2.0,0.0449,0.0287,0.0225,0.0125,1.0,1.0,1.0,1.0,0,0,0,0
2025-10-16 05:25:00,14.0,7.0,1.0,0.0,0.0501,0.0223,0.0006,0.0,1.0,1.0,1.0,1.0,0,0,0,0
2025-10-16 05:30:00,19.0,17.0,0.0,1.0,0.1069,0.0572,0.0,0.0168,1.0,1.0,1.0,1.0,0,0,0,0
2025-10-16 05:35:00,18.0,8.0,2.0,1.0,0.1838,0.0163,0.0015,0.0012,0.0,1.0,1.0,1.0,0,0,0,0
2025-10-16 05:40:00,25.0,16.0,1.0,2.0,0.1593,0.0664,0.0276,0.0146,0.0,1.0,1.0,1.0,0,0,0,0
2025-10-16 05:50:00,31.0,14.0,5.0,3.0,0.3053,0.0459,0.0522,0.0536,0.0,1.0,1.0,1.0,0,0,0,0
2025-10-16 06:00:00,27.0,15.0,0.0,3.0,0.1866,0.0569,0.0,0.0474,0.0,1.0,1.0,1.0,0,0,0,0
2025-10-16 06:10:00,25.0,9.0,1.0,0.0,0.1708,0.0543,0.0798,0.0,0.0,1.0,1.0,1.0,0,0,0,0
2025-10-16 06:15:00,36.0,10.0,3.0,5.0,0.2005,0.0547,0.035,0.0437,0.0,1.0,1.0,1.0,0,0,0,0
2025-10-16 06:25:00,23.0,9.0,7.0,3.0,0.225,0.0308,0.151,0.0261,0.0,1.0,1.0,1.0,0,0,0,0
2025-10-16 06:30:00,25.0,17.0,5.0,10.0,0.2349,0.0621,0.0298,0.0692,0.0,1.0,1.0,1.0,0,0,0,0
2025-10-16 06:35:00,38.0,15.0,3.0,5.0,0.2455,0.0309,0.0035,0.0308,0.0,1.0,1.0,1.0,0,0,0,0
2025-10-16 06:40:00,33.0,14.0,2.0,24.0,0.2779,0.0567,0.0083,0.166,0.0,1.0,1.0,0.0,0,0,0,0
2025-10-16 06:45:00,31.0,24.0,3.0,26.0,0.287,0.101,0.0007,0.1866,0.0,1.0,1.0,0.0,0,0,0,0
2025-10-16 06:50:00,40.0,23.0,3.0,24.0,0.429,0.0894,0.0038,0.0856,0.0,1.0,1.0,1.0,0,0,0,0
2025-10-16 06:55:00,54.0,15.0,3.0,27.0,0.372,0.0412,0.1061,0.1359,0.0,1.0,1.0,0.0,0,0,0,0
2025-10-16 07:00:00,44.0,13.0,1.0,24.0,0.3314,0.0257,0.0006,0.1772,0.0,1.0,1.0,0.0,0,0,0,0
2025-10-16 07:05:00,49.0,16.0,4.0,38.0,0.3434,0.0516,0.046,0.1341,0.0,1.0,1.0,0.0,0,0,0,0
2025-10-16 07:10:00,59.0,16.0,8.0,31.0,0.3634,0.0506,0.0626,0.1909,0.0,1.0,1.0,0.0,0,0,0,0
2025-10-16 07:15:00,53.0,18.0,7.0,26.0,0.4829,0.0547,0.0446,0.1158,0.0,1.0,1.0,1.0,0,0,0,0
2025-10-16 07:20:00,53.0,18.0,4.0,34.0,0.4611,0.0339,0.0401,0.2308,0.0,1.0,1.0,0.0,0,0,0,0
2025-10-16 07:25:00,49.0,11.0,8.0,25.0,0.3296,0.0344,0.2302,0.0762,0.0,1.0,1.0,1.0,0,0,0,0
2025-10-16 07:30:00,42.0,28.0,7.0,30.0,0.3402,0.1583,0.027,0.1103,0.0,0.0,1.0,0.0,0,0,0,0
2025-10-16 07:35:00,56.0,31.0,9.0,26.0,0.3528,0.1678,0.1036,0.1821,0.0,0.0,1.0,0.0,0,0,0,0
2025-10-16 07:40:00,54.0,29.0,9.0,46.0,0.3758,0.1103,0.0876,0.2099,0.0,0.0,1.0,0.0,0,0,0,0
2025-10-16 07:45:00,45.0,35.0,7.0,35.0,0.3198,0.1165,0.0473,0.1612,0.0,0.0,1.0,0.0,0,0,0,0
2025-10-16 07:50:00,50.0,30.0,2.0,31.0,0.3398,0.1156,0.0052,0.1487,0.0,0.0,1.0,0.0,0,0,0,0
2025-10-16 08:00:00,48.0,37.0,6.0,31.0,0.3199,0.1106,0.0171,0.1865,0.0,0.0,1.0,0.0,0,0,0,0
2025-10-16 08:05:00,42.0,46.0,10.0,33.0,0.2948,0.1396,0.0234,0.2238,0.0,0.0,1.0,0.0,0,0,0,0
2025-10-16 08:15:00,44.0,32.0,20.0,19.0,0.2978,0.0875,0.0749,0.1569,0.0,0.0,1.0,1.0,0,0,0,0
2025-10-16 08:20:00,49.0,31.0,8.0,34.0,0.3537,0.0898,0.0312,0.174,0.0,0.0,1.0,0.0,0,0,0,0
2025-10-16 08:25:00,48.0,35.0,8.0,25.0,0.3553,0.1183,0.1364,0.1955,0.0,0.0,1.0,0.0,0,0,0,0
2025-10-16 08:30:00,43.0,27.0,5.0,34.0,0.3668,0.0726,0.0212,0.185,0.0,1.0,1.0,0.0,0,0,0,0
2025-10-16 08:35:00,53.0,35.0,4.0,30.0,0.3443,0.1192,0.0157,0.2287,0.0,0.0,1.0,0.0,0,0,0,0
2025-10-16 08:40:00,46.0,36.0,4.0,32.0,0.293,0.1244,0.0063,0.3113,0.0,0.0,1.0,0.0,0,0,0,0
2025-10-16 08:45:00,46.0,38.0,8.0,28.0,0.3075,0.1271,0.0919,0.298,0.0,0.0,1.0,0.0,0,0,0,0
2025-10-16 08:50:00,44.0,37.0,6.0,41.0,0.2824,0.1169,0.0063,0.3261,0.0,0.0,1.0,0.0,0,0,0,0
2025-10-16 08:55:00,48.0,49.0,8.0,28.0,0.3164,0.1072,0.0215,0.2209,0.0,0.0,1.0,0.0,0,0,0,0
2025-10-16 09:00:00,55.0,42.0,4.0,37.0,0.352,0.1152,0.3448,0.2279,0.0,0.0,0.0,0.0,0,0,0,0
2025-10-16 09:05:00,43.0,56.0,3.0,29.0,0.3514,0.1482,0.0096,0.221,0.0,0.0,1.0,0.0,0,0,0,0
2025-10-16 09:10:00,45.0,54.0,0.0,27.0,0.3421,0.1453,0.0,0.3229,0.0,0.0,1.0,0.0,0,0,0,0
2025-10-16 09:15:00,55.0,48.0,2.0,32.0,0.4124,0.118,0.0217,0.1992,0.0,0.0,1.0,0.0,0,0,0,0
2025-10-16 09:20:00,51.0,48.0,4.0,30.0,0.4132,0.0967,0.0561,0.2116,0.0,0.0,1.0,0.0,0,0,0,0
2025-10-16 09:25:00,35.0,38.0,7.0,27.0,0.4313,0.0859,0.0435,0.1698,0.0,0.0,1.0,0.0,0,0,0,0
2025-10-16 09:30:00,41.0,61.0,12.0,34.0,0.3538,0.1597,0.044,0.169,0.0,0.0,1.0,0.0,0,0,0,0
2025-10-16 09:35:00,27.0,39.0,3.0,29.0,0.2603,0.1293,0.0097,0.2407,0.0,0.0,1.0,0.0,0,0,0,0
2025-10-16 09:40:00,23.0,37.0,3.0,19.0,0.2728,0.0725,0.0083,0.1233,0.0,0.0,1.0,1.0,0,0,0,0
2025-10-16 09:45:00,36.0,47.0,3.0,38.0,0.2927,0.1498,0.0041,0.171,0.0,0.0,1.0,0.0,0,0,0,0
2025-10-16 09:50:00,35.0,55.0,4.0,21.0,0.3256,0.149,0.1134,0.1477,0.0,0.0,1.0,0.0,0,0,0,0
2025-10-16 09:55:00,52.0,52.0,3.0,17.0,0.3246,0.0899,0.004,0.1114,0.0,0.0,1.0,1.0,0,0,0,0
2025-10-16 10:00:00,28.0,42.0,3.0,25.0,0.3919,0.0869,0.0036,0.0952,0.0,0.0,1.0,1.0,0,0,0,0
2025-10-16 10:05:00,20.0,53.0,4.0,22.0,0.2487,0.0976,0.0152,0.141,0.0,0.0,1.0,0.0,0,0,0,0
2025-10-16 10:10:00,28.0,49.0,10.0,21.0,0.2645,0.0995,0.0875,0.1034,0.0,0.0,1.0,1.0,0,0,0,0
2025-10-16 10:15:00,26.0,34.0,5.0,27.0,0.3234,0.0531,0.009,0.2199,0.0,0.0,1.0,0.0,0,0,0,0
2025-10-16 10:20:00,27.0,40.0,4.0,23.0,0.2441,0.1104,0.0162,0.0942,0.0,0.0,1.0,1.0,0,0,0,0
2025-10-16 10:25:00,33.0,42.0,5.0,26.0,0.3174,0.0816,0.0506,0.1356,0.0,0.0,1.0,0.0,0,0,0,0
2025-10-16 10:30:00,29.0,48.0,4.0,25.0,0.285,0.1425,0.0053,0.0895,0.0,0.0,1.0,1.0,0,0,0,0
2025-10-16 10:35:00,27.0,34.0,8.0,17.0,0.3432,0.0734,0.0504,0.0843,0.0,0.0,1.0,1.0,0,0,0,0
2025-10-16 10:40:00,35.0,39.0,8.0,22.0,0.3053,0.1292,0.0458,0.1313,0.0,0.0,1.0,0.0,0,0,0,0
2025-10-16 10:45:00,32.0,35.0,5.0,22.0,0.3091,0.0663,0.0307,0.1106,0.0,0.0,1.0,1.0,0,0,0,0
2025-10-16 10:50:00,31.0,48.0,7.0,24.0,0.3205,0.1099,0.0127,0.1167,0.0,0.0,1.0,0.0,0,0,0,0
2025-10-16 10:55:00,49.0,49.0,4.0,29.0,0.3365,0.1152,0.0784,0.111,0.0,0.0,1.0,0.0,0,0,0,0
2025-10-16 11:00:00,49.0,51.0,5.0,16.0,0.2908,0.1223,0.0072,0.1191,0.0,0.0,1.0,1.0,0,0,0,0
2025-10-16 11:05:00,63.0,42.0,4.0,24.0,0.3858,0.1193,0.0119,0.1299,0.0,0.0,1.0,0.0,0,0,0,0
2025-10-16 11:10:00,53.0,42.0,1.0,27.0,0.3496,0.0953,0.0014,0.1618,0.0,0.0,1.0,0.0,0,0,0,0
2025-10-16 11:15:00,65.0,46.0,0.0,13.0,0.4607,0.1172,0.0,0.1215,0.0,0.0,1.0,1.0,0,0,0,0
2025-10-16 11:20:00,,51.0,6.0,15.0,,0.11,0.0289,0.0828,,0.0,1.0,1.0,1,0,0,0
2025-10-16 11:30:00,58.0,46.0,6.0,16.0,0.3481,0.1248,0.0557,0.1226,0.0,0.0,1.0,1.0,0,0,0,0
2025-10-16 11:35:00,56.0,,,,0.384,,,,0.0,,,,0,1,1,1
2025-10-16 11:40:00,,,2.0,,,,0.0255,,,,1.0,,1,1,0,1
2025-10-16 11:45:00,,54.0,,19.0,,0.1447,,0.2159,,0.0,,0.0,1,0,1,0
2025-10-16 12:00:00,28.0,69.0,2.0,22.0,0.3906,0.1615,0.0024,0.1085,0.0,0.0,1.0,1.0,0,0,0,0
2025-10-16 12:05:00,26.0,49.0,1.0,15.0,0.3015,0.1147,0.001,0.0976,0.0,0.0,1.0,1.0,0,0,0,0
2025-10-16 12:10:00,17.0,53.0,4.0,26.0,0.3375,0.1352,0.0116,0.0994,0.0,0.0,1.0,0.0,0,0,0,0
2025-10-16 12:15:00,18.0,32.0,4.0,33.0,0.293,0.0701,0.0894,0.1575,0.0,0.0,1.0,0.0,0,0,0,0
2025-10-16 12:20:00,37.0,,9.0,22.0,0.395,,0.0427,0.0881,0.0,,1.0,1.0,0,1,0,0
2025-10-16 12:25:00,40.0,46.0,,29.0,0.3885,0.1038,,0.1477,0.0,0.0,,0.0,0,0,1,0
2025-10-16 12:30:00,35.0,47.0,2.0,30.0,0.3812,0.114,0.003,0.092,0.0,0.0,1.0,0.0,0,0,0,0
2025-10-16 12:35:00,38.0,25.0,3.0,26.0,0.3935,0.061,0.0416,0.145,0.0,1.0,1.0,0.0,0,0,0,0
2025-10-16 12:40:00,30.0,37.0,2.0,22.0,0.3048,0.1319,0.012,0.1119,0.0,0.0,1.0,0.0,0,0,0,0
2025-10-16 12:45:00,26.0,37.0,6.0,20.0,0.3265,0.1061,0.0085,0.1517,0.0,0.0,1.0,0.0,0,0,0,0
2025-10-16 12:50:00,26.0,33.0,3.0,21.0,0.3173,0.1017,0.0064,0.0866,0.0,0.0,1.0,1.0,0,0,0,0
2025-10-16 12:55:00,35.0,30.0,3.0,30.0,0.3798,0.0715,0.0235,0.0991,0.0,0.0,1.0,0.0,0,0,0,0
2025-10-16 13:00:00,21.0,44.0,8.0,19.0,0.3209,0.1918,0.0139,0.1108,0.0,0.0,1.0,1.0,0,0,0,0
2025-10-16 13:05:00,31.0,39.0,4.0,22.0,0.4244,0.1335,0.0231,0.0988,0.0,0.0,1.0,0.0,0,0,0,0
2025-10-16 13:10:00,26.0,44.0,8.0,24.0,0.3607,0.1277,0.0983,0.113,0.0,0.0,1.0,0.0,0,0,0,0
2025-10-16 13:15:00,26.0,51.0,4.0,16.0,0.3173,0.1578,0.0095,0.0424,0.0,0.0,1.0,1.0,0,0,0,0
2025-10-16 13:20:00,27.0,43.0,3.0,23.0,0.2863,0.1359,0.0032,0.0705,0.0,0.0,1.0,1.0,0,0,0,0
2025-10-16 13:25:00,14.0,51.0,7.0,32.0,0.1382,0.1187,0.0169,0.0922,0.0,0.0,1.0,0.0,0,0,0,0
2025-10-16 13:30:00,0.0,54.0,8.0,31.0,0.0,0.1417,0.0714,0.1916,1.0,0.0,1.0,0.0,0,0,0,0
2025-10-16 13:35:00,0.0,37.0,1.0,23.0,0.0,0.1244,0.0032,0.128,1.0,0.0,1.0,0.0,0,0,0,0
2025-10-16 13:40:00,5.0,41.0,0.0,12.0,0.0699,0.0959,0.0,0.1473,1.0,0.0,1.0,1.0,0,0,0,0
2025-10-16 13:45:00,6.0,27.0,4.0,20.0,0.0663,0.1101,0.3905,0.2109,1.0,0.0,0.0,0.0,0,0,0,0
2025-10-16 13:50:00,1.0,4.0,9.0,9.0,0.0001,0.0196,0.0703,0.045,1.0,1.0,1.0,1.0,0,0,0,0
2025-10-16 13:55:00,0.0,27.0,3.0,5.0,0.0,0.0713,0.0035,0.0839,1.0,0.0,1.0,1.0,0,0,0,0
2025-10-16 14:00:00,13.0,21.0,4.0,27.0,0.1008,0.0818,0.009,0.1993,1.0,1.0,1.0,0.0,0,0,0,0
2025-10-16 14:05:00,37.0,26.0,3.0,18.0,0.2548,0.0545,0.0134,0.1275,0.0,0.0,1.0,0.0,0,0,0,0
2025-10-16 14:10:00,43.0,24.0,3.0,15.0,0.2925,0.0732,0.1859,0.1102,0.0,0.0,1.0,1.0,0,0,0,0
2025-10-16 14:15:00,7.0,37.0,6.0,6.0,0.1603,0.1165,0.1964,0.0214,1.0,0.0,0.0,1.0,0,0,0,0
2025-10-16 14:20:00,13.0,45.0,5.0,17.0,0.1649,0.1261,0.027,0.1017,0.0,0.0,1.0,1.0,0,0,0,0
2025-10-16 14:25:00,21.0,44.0,1.0,,0.2873,0.125,0.0062,,0.0,0.0,1.0,,0,0,0,1
2025-10-16 14:30:00,13.0,44.0,6.0,27.0,0.1546,0.1631,0.0759,0.149,0.0,0.0,1.0,0.0,0,0,0,0
2025-10-16 14:35:00,33.0,49.0,10.0,24.0,0.3204,0.1325,0.0168,0.1709,0.0,0.0,1.0,0.0,0,0,0,0
2025-10-16 14:45:00,15.0,39.0,7.0,33.0,0.2531,0.1126,0.0185,0.1376,0.0,0.0,1.0,0.0,0,0,0,0
2025-10-16 14:50:00,44.0,42.0,3.0,28.0,0.2623,0.1114,0.0476,0.1574,0.0,0.0,1.0,0.0,0,0,0,0
2025-10-16 14:55:00,24.0,51.0,4.0,31.0,0.2806,0.1025,0.023,0.129,0.0,0.0,1.0,0.0,0,0,0,0
2025-10-16 15:00:00,14.0,44.0,5.0,29.0,0.2142,0.1125,0.0555,0.1266,0.0,0.0,1.0,0.0,0,0,0,0
2025-10-16 15:05:00,23.0,38.0,3.0,30.0,0.2666,0.1072,0.0278,0.2073,0.0,0.0,1.0,0.0,0,0,0,0
2025-10-16 15:10:00,37.0,36.0,3.0,28.0,0.3022,0.0918,0.0553,0.078,0.0,0.0,1.0,0.0,0,0,0,0
2025-10-16 15:15:00,18.0,42.0,8.0,21.0,0.1908,0.1066,0.0145,0.1036,0.0,0.0,1.0,0.0,0,0,0,0
2025-10-16 15:20:00,28.0,36.0,3.0,30.0,0.3498,0.0966,0.0081,0.1315,0.0,0.0,1.0,0.0,0,0,0,0
2025-10-16 15:25:00,23.0,44.0,12.0,21.0,0.3368,0.0856,0.0431,0.0872,0.0,0.0,1.0,0.0,0,0,0,0
2025-10-16 15:30:00,15.0,38.0,4.0,37.0,0.2249,0.1092,0.0697,0.2693,0.0,0.0,1.0,0.0,0,0,0,0
2025-10-16 15:35:00,19.0,37.0,7.0,24.0,0.2826,0.0959,0.0546,0.1608,0.0,0.0,1.0,0.0,0,0,0,0
2025-10-16 15:40:00,,38.0,,26.0,,0.0935,,0.0914,,0.0,,0.0,1,0,1,0
2025-10-16 15:45:00,41.0,42.0,18.0,35.0,0.3893,0.1377,0.1314,0.2109,0.0,0.0,0.0,0.0,0,0,0,0
2025-10-16 15:50:00,50.0,41.0,17.0,34.0,0.3815,0.0971,0.0722,0.1551,0.0,0.0,1.0,0.0,0,0,0,0
2025-10-16 15:55:00,47.0,36.0,14.0,34.0,0.3335,0.0917,0.0803,0.1281,0.0,0.0,1.0,0.0,0,0,0,0
2025-10-16 16:00:00,43.0,46.0,17.0,23.0,0.3415,0.1143,0.0515,0.1392,0.0,0.0,1.0,0.0,0,0,0,0
2025-10-16 16:05:00,56.0,44.0,10.0,27.0,0.3224,0.1143,0.0414,0.1769,0.0,0.0,1.0,0.0,0,0,0,0
2025-10-16 16:10:00,65.0,42.0,15.0,37.0,0.4088,0.0932,0.0583,0.1614,0.0,0.0,1.0,0.0,0,0,0,0
2025-10-16 16:15:00,30.0,57.0,13.0,26.0,0.33,0.1314,0.0778,0.1319,0.0,0.0,1.0,0.0,0,0,0,0
2025-10-16 16:20:00,31.0,49.0,10.0,32.0,0.3255,0.1168,0.0474,0.1943,0.0,0.0,1.0,0.0,0,0,0,0
2025-10-16 16:25:00,28.0,55.0,17.0,31.0,0.2707,0.111,0.0648,0.0843,0.0,0.0,1.0,0.0,0,0,0,0
2025-10-16 16:30:00,37.0,45.0,17.0,38.0,0.292,0.1235,0.0763,0.1504,0.0,0.0,1.0,0.0,0,0,0,0
2025-10-16 16:35:00,38.0,42.0,7.0,25.0,0.2884,0.1298,0.0332,0.1398,0.0,0.0,1.0,0.0,0,0,0,0
2025-10-16 16:40:00,36.0,52.0,7.0,,0.3331,0.1338,0.023,,0.0,0.0,1.0,,0,0,0,1
2025-10-16 16:45:00,33.0,44.0,12.0,33.0,0.3156,0.1065,0.0294,0.1857,0.0,0.0,1.0,0.0,0,0,0,0
2025-10-16 16:50:00,24.0,62.0,14.0,30.0,0.3231,0.1601,0.0712,0.2313,0.0,0.0,1.0,0.0,0,0,0,0
2025-10-16 16:55:00,42.0,40.0,6.0,37.0,0.3542,0.0978,0.0414,0.1923,0.0,0.0,1.0,0.0,0,0,0,0
2025-10-16 17:00:00,34.0,37.0,6.0,31.0,0.3136,0.1,0.0126,0.1428,0.0,0.0,1.0,0.0,0,0,0,0
2025-10-16 17:05:00,36.0,38.0,11.0,20.0,0.2993,0.091,0.0245,0.0874,0.0,0.0,3.0,0.0,0,0,0,0
2025-10-16 17:10:00,42.0,38.0,13.0,29.0,0.3373,0.0839,0.0646,0.1014,0.0,0.0,3.0,0.0,0,0,0,0
2025-10-16 17:15:00,38.0,30.0,25.0,26.0,0.3686,0.0801,0.0982,0.0801,0.0,0.0,0.0,0.0,0,0,0,0
2025-10-16 17:20:00,41.0,40.0,25.0,37.0,0.3651,0.0938,0.0807,0.231,0.0,0.0,0.0,0.0,0,0,0,0
2025-10-16 17:25:00,30.0,39.0,24.0,35.0,0.264,0.1092,0.0307,0.1572,0.0,0.0,3.0,0.0,0,0,0,0
2025-10-16 17:30:00,40.0,35.0,27.0,36.0,0.2424,0.0909,0.0411,0.1397,0.0,0.0,0.0,0.0,0,0,0,0
2025-10-16 17:35:00,36.0,41.0,24.0,35.0,0.2642,0.1104,0.0293,0.1417,0.0,0.0,3.0,0.0,0,0,0,0
2025-10-16 17:40:00,39.0,38.0,33.0,38.0,0.2873,0.0992,0.0636,0.2137,0.0,0.0,0.0,0.0,0,0,0,0
2025-10-16 17:45:00,49.0,36.0,35.0,33.0,0.2871,0.0981,0.1132,0.1989,0.0,0.0,0.0,0.0,0,0,0,0
2025-10-16 17:50:00,42.0,34.0,37.0,36.0,0.337,0.0886,0.1431,0.1555,0.0,0.0,0.0,0.0,0,0,0,0
2025-10-16 17:55:00,47.0,37.0,47.0,29.0,0.3423,0.1286,0.0964,0.1452,0.0,0.0,0.0,0.0,0,0,0,0
2025-10-16 18:00:00,49.0,34.0,34.0,37.0,0.3406,0.0938,0.0861,0.2361,0.0,0.0,0.0,0.0,0,0,0,0
2025-10-16 18:05:00,49.0,34.0,37.0,37.0,0.3776,0.0797,0.1473,0.2116,0.0,0.0,0.0,0.0,0,0,0,0
2025-10-16 18:10:00,48.0,44.0,55.0,34.0,0.3354,0.1079,0.0763,0.1715,0.0,0.0,0.0,0.0,0,0,0,0
2025-10-16 18:15:00,31.0,31.0,54.0,36.0,0.3433,0.0833,0.1717,0.2087,0.0,0.0,0.0,0.0,0,0,0,0
2025-10-16 18:20:00,36.0,38.0,70.0,38.0,0.2379,0.1474,0.3306,0.218,0.0,0.0,0.0,0.0,0,0,0,0
2025-10-16 18:25:00,37.0,38.0,67.0,40.0,0.2684,0.0848,0.4725,0.2191,0.0,0.0,0.0,0.0,0,0,0,0
2025-10-16 18:30:00,36.0,37.0,64.0,37.0,0.2664,0.1362,0.4703,0.1217,0.0,0.0,0.0,0.0,0,0,0,0
2025-10-16 18:35:00,54.0,43.0,60.0,38.0,0.315,0.1174,0.2541,0.1789,0.0,0.0,0.0,0.0,0,0,0,0
2025-10-16 18:40:00,43.0,38.0,46.0,32.0,0.2927,0.1486,0.35,0.1773,0.0,0.0,0.0,0.0,0,0,0,0
2025-10-16 18:45:00,42.0,48.0,58.0,36.0,0.2786,0.1249,0.3117,0.1869,0.0,0.0,0.0,0.0,0,0,0,0
2025-10-16 18:50:00,47.0,37.0,31.0,30.0,0.2494,0.1191,0.3195,0.0777,0.0,0.0,0.0,0.0,0,0,0,0
2025-10-16 18:55:00,42.0,32.0,40.0,26.0,0.279,0.0838,0.2049,0.0643,0.0,0.0,0.0,0.0,0,0,0,0
2025-10-16 19:00:00,37.0,32.0,33.0,24.0,0.1844,0.108,0.1738,0.1361,0.0,0.0,0.0,0.0,0,0,0,0
2025-10-16 19:05:00,42.0,26.0,32.0,24.0,0.2175,0.0852,0.2283,0.1286,0.0,0.0,0.0,0.0,0,0,0,0
2025-10-16 19:10:00,29.0,21.0,32.0,25.0,0.1397,0.0669,0.1477,0.1957,0.0,3.0,0.0,0.0,0,0,0,0
2025-10-16 19:15:00,13.0,26.0,33.0,20.0,0.0637,0.0906,0.1668,0.1225,3.0,0.0,0.0,0.0,0,0,0,0
2025-10-16 19:20:00,19.0,24.0,35.0,10.0,0.1478,0.0646,0.2515,0.0769,0.0,3.0,0.0,3.0,0,0,0,0
2025-10-16 19:25:00,20.0,25.0,28.0,10.0,0.1234,0.0901,0.1811,0.1504,0.0,0.0,0.0,3.0,0,0,0,0
2025-10-16 19:30:00,30.0,21.0,35.0,8.0,0.1498,0.0739,0.258,0.058,0.0,3.0,0.0,3.0,0,0,0,0
2025-10-16 19:35:00,11.0,20.0,29.0,8.0,0.0559,0.0627,0.1903,0.1025,3.0,3.0,0.0,3.0,0,0,0,0
2025-10-16 19:40:00,15.0,32.0,38.0,8.0,0.0824,0.0754,0.3613,0.0418,3.0,0.0,0.0,3.0,0,0,0,0
2025-10-16 19:45:00,23.0,23.0,33.0,7.0,0.1543,0.0674,0.3242,0.0457,0.0,3.0,0.0,3.0,0,0,0,0
2025-10-16 19:50:00,29.0,28.0,33.0,12.0,0.1758,0.0795,0.41,0.0954,0.0,0.0,0.0,3.0,0,0,0,0
2025-10-16 19:55:00,40.0,29.0,37.0,8.0,0.1842,0.0769,0.3275,0.0506,0.0,0.0,0.0,3.0,0,0,0,0
2025-10-16 20:00:00,38.0,26.0,41.0,5.0,0.1825,0.1022,0.4128,0.0507,0.0,0.0,0.0,3.0,0,0,0,0
2025-10-16 20:05:00,36.0,25.0,34.0,10.0,0.1954,0.0753,0.3972,0.0545,0.0,3.0,0.0,3.0,0,0,0,0
2025-10-16 20:10:00,38.0,27.0,41.0,1.0,0.2439,0.1161,0.4032,0.0053,0.0,0.0,0.0,3.0,0,0,0,0
2025-10-16 20:15:00,27.0,18.0,44.0,4.0,0.1216,0.0642,0.4484,0.0162,0.0,3.0,0.0,3.0,0,0,0,0
2025-10-16 20:20:00,40.0,22.0,34.0,5.0,0.2148,0.0742,0.3368,0.0412,0.0,3.0,0.0,3.0,0,0,0,0
2025-10-16 20:25:00,34.0,25.0,26.0,4.0,0.1622,0.0959,0.156,0.0386,0.0,3.0,0.0,3.0,0,0,0,0
2025-10-16 20:30:00,41.0,26.0,25.0,7.0,0.2452,0.0745,0.3041,0.1412,0.0,3.0,0.0,3.0,0,0,0,0
2025-10-16 20:35:00,40.0,14.0,23.0,6.0,0.1924,0.0479,0.2634,0.0606,0.0,3.0,0.0,3.0,0,0,0,0
2025-10-16 20:40:00,29.0,26.0,23.0,3.0,0.1209,0.1193,0.2786,0.0837,0.0,0.0,0.0,3.0,0,0,0,0
2025-10-16 20:45:00,43.0,15.0,19.0,6.0,0.2226,0.0705,0.2874,0.0483,0.0,3.0,0.0,3.0,0,0,0,0
2025-10-16 20:50:00,41.0,20.0,25.0,8.0,0.2402,0.1087,0.2809,0.0441,0.0,3.0,0.0,3.0,0,0,0,0
2025-10-16 20:55:00,41.0,26.0,10.0,6.0,0.2113,0.073,0.1477,0.0316,0.0,3.0,3.0,3.0,0,0,0,0
2025-10-16 21:00:00,38.0,22.0,20.0,7.0,0.1946,0.1127,0.2588,0.0403,0.0,3.0,0.0,3.0,0,0,0,0
2025-10-16 21:05:00,31.0,10.0,12.0,2.0,0.2735,0.0247,0.0843,0.0182,0.0,3.0,3.0,3.0,0,0,0,0
2025-10-16 21:10:00,46.0,23.0,2.0,10.0,0.2494,0.0737,0.004,0.0544,0.0,3.0,3.0,3.0,0,0,0,0
2025-10-16 21:15:00,41.0,24.0,10.0,6.0,0.2475,0.0591,0.0466,0.0345,0.0,3.0,3.0,3.0,0,0,0,0
2025-10-16 21:20:00,16.0,21.0,5.0,8.0,0.1391,0.083,0.0231,0.0882,3.0,3.0,3.0,3.0,0,0,0,0
2025-10-16 21:25:00,29.0,26.0,7.0,5.0,0.1658,0.0734,0.071,0.03,0.0,3.0,3.0,3.0,0,0,0,0
2025-10-16 21:30:00,41.0,23.0,8.0,6.0,0.2139,0.0725,0.05,0.0639,0.0,3.0,3.0,3.0,0,0,0,0
2025-10-16 21:35:00,36.0,22.0,1.0,4.0,0.1457,0.0486,0.005,0.0072,0.0,3.0,3.0,3.0,0,0,0,0
2025-10-16 21:40:00,21.0,30.0,4.0,5.0,0.0883,0.1023,0.0312,0.1025,3.0,0.0,3.0,3.0,0,0,0,0
2025-10-16 21:45:00,20.0,35.0,5.0,7.0,0.1246,0.1155,0.0563,0.0835,3.0,0.0,3.0,3.0,0,0,0,0
2025-10-16 21:50:00,17.0,19.0,6.0,4.0,0.0893,0.086,0.0138,0.0609,3.0,3.0,3.0,3.0,0,0,0,0
2025-10-16 21:55:00,31.0,20.0,6.0,3.0,0.1089,0.0523,0.0142,0.0177,0.0,3.0,3.0,3.0,0,0,0,0
2025-10-16 22:00:00,44.0,24.0,6.0,7.0,0.1817,0.1091,0.0272,0.0338,0.0,3.0,3.0,3.0,0,0,0,0
2025-10-16 22:05:00,46.0,21.0,5.0,11.0,0.1526,0.054,0.0254,0.05,0.0,3.0,3.0,3.0,0,0,0,0
2025-10-16 22:10:00,60.0,26.0,3.0,3.0,0.2021,0.1176,0.013,0.0232,0.0,0.0,3.0,3.0,0,0,0,0
2025-10-16 22:15:00,46.0,17.0,1.0,7.0,0.1807,0.0742,0.0028,0.0338,0.0,3.0,3.0,3.0,0,0,0,0
2025-10-16 22:20:00,54.0,30.0,4.0,1.0,0.162,0.1013,0.0058,0.0048,0.0,0.0,3.0,3.0,0,0,0,0
2025-10-16 22:25:00,49.0,24.0,3.0,3.0,0.1587,0.0673,0.5322,0.048,0.0,3.0,0.0,3.0,0,0,0,0
2025-10-16 22:30:00,43.0,23.0,6.0,7.0,0.197,0.0926,0.1421,0.0509,0.0,3.0,3.0,3.0,0,0,0,0
2025-10-16 22:35:00,25.0,23.0,11.0,3.0,0.0814,0.1012,0.0854,0.0907,3.0,3.0,3.0,3.0,0,0,0,0
2025-10-16 22:40:00,32.0,32.0,10.0,0.0,0.1093,0.0842,0.07,0.0,0.0,0.0,3.0,3.0,0,0,0,0
2025-10-16 22:45:00,19.0,31.0,4.0,5.0,0.0848,0.0793,0.2117,0.0214,3.0,3.0,3.0,3.0,0,0,0,0
2025-10-16 22:50:00,14.0,21.0,1.0,5.0,0.0705,0.0866,0.0279,0.0588,3.0,3.0,3.0,3.0,0,0,0,0
2025-10-16 22:55:00,10.0,32.0,11.0,4.0,0.0321,0.0791,0.0613,0.0308,3.0,3.0,3.0,3.0,0,0,0,0
2025-10-16 23:00:00,8.0,23.0,4.0,2.0,0.0256,0.061,0.068,0.0091,3.0,3.0,3.0,3.0,0,0,0,0
2025-10-16 23:05:00,14.0,18.0,5.0,8.0,0.0397,0.0715,0.2957,0.0537,3.0,3.0,0.0,3.0,0,0,0,0
2025-10-16 23:10:00,11.0,27.0,2.0,0.0,0.0846,0.0756,0.0019,0.0,3.0,3.0,3.0,3.0,0,0,0,0
2025-10-16 23:15:00,7.0,18.0,1.0,2.0,0.0579,0.0715,0.0011,0.0531,3.0,3.0,3.0,3.0,0,0,0,0
2025-10-16 23:20:00,13.0,27.0,5.0,0.0,0.0553,0.1095,0.0415,0.0,3.0,0.0,3.0,3.0,0,0,0,0
2025-10-16 23:25:00,5.0,34.0,3.0,3.0,0.0176,0.1058,0.0107,0.0432,3.0,0.0,3.0,3.0,0,0,0,0
2025-10-16 23:30:00,9.0,32.0,5.0,2.0,0.0278,0.0868,0.0258,0.0212,3.0,0.0,3.0,3.0,0,0,0,0
2025-10-16 23:35:00,5.0,28.0,14.0,4.0,0.0254,0.0735,0.0345,0.2239,3.0,3.0,3.0,3.0,0,0,0,0
2025-10-16 23:40:00,4.0,16.0,3.0,1.0,0.0233,0.0465,0.005,0.0009,3.0,3.0,3.0,3.0,0,0,0,0
2025-10-16 23:45:00,6.0,28.0,11.0,3.0,0.0276,0.0928,0.0285,0.0055,3.0,3.0,3.0,3.0,0,0,0,0
2025-10-16 23:50:00,7.0,28.0,4.0,0.0,0.0581,0.0634,0.0861,0.0,3.0,3.0,3.0,3.0,0,0,0,0
2025-10-17 04:55:00,2.0,34.0,2.0,1.0,0.0056,0.1067,0.0435,0.0037,2.0,0.0,2.0,2.0,0,0,0,0
2025-10-17 05:00:00,11.0,29.0,4.0,1.0,0.1387,0.077,0.0118,0.0094,0.0,0.0,2.0,2.0,0,0,0,0
2025-10-17 05:05:00,3.0,34.0,3.0,0.0,0.0117,0.1062,0.0115,0.0,2.0,0.0,2.0,2.0,0,0,0,0
2025-10-17 05:10:00,8.0,32.0,16.0,2.0,0.048,0.0951,0.0662,0.0597,2.0,0.0,2.0,2.0,0,0,0,0
2025-10-17 05:15:00,5.0,27.0,12.0,1.0,0.0324,0.0686,0.1767,0.0047,2.0,0.0,0.0,2.0,0,0,0,0
2025-10-17 05:20:00,3.0,25.0,18.0,1.0,0.0139,0.0678,0.2715,0.0111,2.0,0.0,0.0,2.0,0,0,0,0
2025-10-17 05:25:00,3.0,25.0,14.0,1.0,0.0337,0.0899,0.1891,0.0007,2.0,0.0,0.0,2.0,0,0,0,0
2025-10-17 05:30:00,10.0,27.0,15.0,2.0,0.0785,0.0825,0.1794,0.0056,2.0,0.0,0.0,2.0,0,0,0,0
2025-10-17 05:35:00,8.0,29.0,15.0,0.0,0.0353,0.1016,0.1688,0.0,2.0,0.0,0.0,2.0,0,0,0,0
2025-10-17 05:40:00,1.0,34.0,14.0,7.0,0.0068,0.1067,0.1425,0.1476,2.0,0.0,0.0,2.0,0,0,0,0
2025-10-17 05:45:00,7.0,29.0,16.0,2.0,0.0386,0.0809,0.2263,0.0453,2.0,0.0,0.0,2.0,0,0,0,0
2025-10-17 05:50:00,3.0,16.0,15.0,2.0,0.0149,0.0513,0.1686,0.0113,2.0,2.0,0.0,2.0,0,0,0,0
2025-10-17 05:55:00,7.0,21.0,16.0,3.0,0.0429,0.1056,0.1917,0.022,2.0,0.0,0.0,2.0,0,0,0,0
2025-10-17 06:00:00,1.0,17.0,10.0,0.0,0.0027,0.0534,0.1614,0.0,2.0,2.0,0.0,2.0,0,0,0,0
2025-10-17 06:05:00,5.0,16.0,10.0,0.0,0.0277,0.0529,0.1577,0.0,2.0,2.0,0.0,2.0,0,0,0,0
2025-10-17 06:10:00,0.0,18.0,15.0,1.0,0.0,0.0601,0.2237,0.0135,2.0,2.0,0.0,2.0,0,0,0,0
2025-10-17 06:15:00,6.0,25.0,12.0,1.0,0.0325,0.0771,0.0682,0.0054,2.0,0.0,2.0,2.0,0,0,0,0
2025-10-17 06:20:00,5.0,19.0,11.0,0.0,0.0178,0.0604,0.1769,0.0,2.0,2.0,0.0,2.0,0,0,0,0
2025-10-17 06:25:00,12.0,28.0,12.0,4.0,0.055,0.0867,0.1624,0.0596,2.0,0.0,0.0,2.0,0,0,0,0
2025-10-17 06:30:00,1.0,27.0,10.0,0.0,0.0028,0.0875,0.1789,0.0,2.0,0.0,0.0,2.0,0,0,0,0
2025-10-17 06:35:00,5.0,27.0,2.0,2.0,0.0133,0.0933,0.0054,0.0155,2.0,0.0,2.0,2.0,0,0,0,0
2025-10-17 06:40:00,24.0,35.0,1.0,9.0,0.1302,0.123,0.001,0.0622,0.0,0.0,2.0,2.0,0,0,0,0
2025-10-17 06:45:00,17.0,27.0,4.0,8.0,0.1156,0.0626,0.0878,0.0734,0.0,0.0,2.0,2.0,0,0,0,0
2025-10-17 06:50:00,20.0,31.0,3.0,13.0,0.0808,0.0928,0.0152,0.0898,2.0,0.0,2.0,2.0,0,0,0,0
2025-10-17 06:55:00,41.0,41.0,5.0,15.0,0.1589,0.1106,0.0146,0.0389,0.0,0.0,2.0,2.0,0,0,0,0
2025-10-17 07:00:00,49.0,40.0,5.0,15.0,0.1956,0.119,0.0166,0.0905,0.0,0.0,2.0,2.0,0,0,0,0
2025-10-17 07:05:00,48.0,45.0,6.0,19.0,0.1985,0.1439,0.0456,0.0823,0.0,0.0,2.0,2.0,0,0,0,0
2025-10-17 07:10:00,42.0,50.0,5.0,10.0,0.1818,0.102,0.0208,0.0748,0.0,0.0,2.0,2.0,0,0,0,0
2025-10-17 07:15:00,42.0,50.0,4.0,18.0,0.1702,0.1042,0.0094,0.0573,0.0,0.0,2.0,2.0,0,0,0,0
2025-10-17 07:20:00,49.0,53.0,10.0,23.0,0.1717,0.1133,0.0167,0.0932,0.0,0.0,2.0,0.0,0,0,0,0
2025-10-17 07:25:00,42.0,49.0,7.0,24.0,0.2032,0.1172,0.0132,0.0598,0.0,0.0,2.0,2.0,0,0,0,0
2025-10-17 07:30:00,38.0,46.0,13.0,30.0,0.1954,0.1341,0.0353,0.2451,0.0,0.0,2.0,0.0,0,0,0,0
2025-10-17 07:35:00,39.0,52.0,5.0,31.0,0.1239,0.1449,0.0499,0.2017,0.0,0.0,2.0,0.0,0,0,0,0
2025-10-17 07:40:00,31.0,48.0,1.0,23.0,0.1343,0.1436,0.0135,0.1,0.0,0.0,2.0,0.0,0,0,0,0
2025-10-17 07:45:00,42.0,44.0,5.0,27.0,0.1016,0.1329,0.0804,0.1169,0.0,0.0,2.0,0.0,0,0,0,0
2025-10-17 07:50:00,30.0,50.0,7.0,27.0,0.1155,0.1803,0.0701,0.1101,0.0,0.0,2.0,0.0,0,0,0,0
2025-10-17 07:55:00,44.0,32.0,8.0,29.0,0.1108,0.1062,0.0194,0.1225,0.0,0.0,2.0,0.0,0,0,0,0
2025-10-17 08:00:00,59.0,29.0,8.0,27.0,0.3255,0.1213,0.0168,0.1194,0.0,0.0,2.0,0.0,0,0,0,0
2025-10-17 08:05:00,58.0,43.0,14.0,34.0,0.4734,0.0951,0.0305,0.1362,0.0,0.0,2.0,0.0,0,0,0,0
2025-10-17 08:10:00,58.0,42.0,0.0,26.0,0.4027,0.0984,0.0,0.1288,0.0,0.0,2.0,0.0,0,0,0,0
2025-10-17 08:15:00,48.0,43.0,1.0,30.0,0.3325,0.0976,0.0042,0.1083,0.0,0.0,2.0,0.0,0,0,0,0
2025-10-17 08:20:00,49.0,38.0,12.0,24.0,0.4084,0.1095,0.0172,0.0863,0.0,0.0,2.0,0.0,0,0,0,0
2025-10-17 08:25:00,55.0,27.0,3.0,32.0,0.4193,0.0602,0.0084,0.1101,0.0,0.0,2.0,0.0,0,0,0,0
2025-10-17 08:30:00,50.0,50.0,9.0,25.0,0.3815,0.2019,0.0142,0.154,0.0,0.0,2.0,0.0,0,0,0,0
2025-10-17 08:35:00,60.0,45.0,6.0,21.0,0.434,0.1358,0.0157,0.0643,0.0,0.0,2.0,2.0,0,0,0,0
2025-10-17 08:40:00,49.0,22.0,4.0,26.0,0.3472,0.1216,0.0082,0.0801,0.0,0.0,2.0,0.0,0,0,0,0
2025-10-17 08:45:00,40.0,30.0,16.0,32.0,0.4238,0.1325,0.0232,0.1838,0.0,0.0,2.0,0.0,0,0,0,0
2025-10-17 08:50:00,47.0,27.0,7.0,35.0,0.3319,0.0564,0.0103,0.1907,0.0,2.0,2.0,0.0,0,0,0,0
2025-10-17 08:55:00,50.0,31.0,8.0,25.0,0.2796,0.1034,0.0523,0.1498,0.0,0.0,2.0,0.0,0,0,0,0
2025-10-17 09:00:00,41.0,37.0,10.0,27.0,0.2761,0.0966,0.0783,0.1151,0.0,0.0,2.0,0.0,0,0,0,0
2025-10-17 09:05:00,43.0,41.0,6.0,34.0,0.2622,0.1048,0.0346,0.1964,0.0,0.0,2.0,0.0,0,0,0,0
2025-10-17 09:10:00,49.0,44.0,4.0,30.0,0.3949,0.1074,0.0059,0.1548,0.0,0.0,2.0,0.0,0,0,0,0
2025-10-17 09:15:00,37.0,47.0,6.0,37.0,0.3119,0.1324,0.0251,0.1563,0.0,0.0,2.0,0.0,0,0,0,0
2025-10-17 09:20:00,31.0,49.0,6.0,31.0,0.2926,0.1244,0.2916,0.1555,0.0,0.0,0.0,0.0,0,0,0,0
2025-10-17 09:25:00,16.0,45.0,2.0,27.0,0.1381,0.1572,0.0015,0.1891,0.0,0.0,2.0,0.0,0,0,0,0
2025-10-17 09:30:00,29.0,44.0,4.0,27.0,0.2736,0.1167,0.0073,0.2321,0.0,0.0,2.0,0.0,0,0,0,0
2025-10-17 09:35:00,31.0,47.0,2.0,26.0,0.3507,0.137,0.0041,0.1131,0.0,0.0,2.0,0.0,0,0,0,0
2025-10-17 09:40:00,26.0,52.0,6.0,23.0,0.2319,0.117,0.0712,0.1526,0.0,0.0,2.0,0.0,0,0,0,0
2025-10-17 09:45:00,30.0,44.0,7.0,24.0,0.314,0.1364,0.0734,0.13,0.0,0.0,2.0,0.0,0,0,0,0
2025-10-17 09:50:00,27.0,39.0,5.0,25.0,0.2834,0.1372,0.0511,0.0857,0.0,0.0,2.0,0.0,0,0,0,0
2025-10-17 10:00:00,21.0,42.0,4.0,24.0,0.2241,0.0977,0.014,0.1316,0.0,0.0,2.0,0.0,0,0,0,0
2025-10-17 10:05:00,29.0,33.0,4.0,29.0,0.3304,0.0709,0.0202,0.2299,0.0,0.0,2.0,0.0,0,0,0,0
2025-10-17 10:10:00,21.0,36.0,2.0,30.0,0.3198,0.1073,0.0058,0.1571,0.0,0.0,2.0,0.0,0,0,0,0
2025-10-17 10:20:00,27.0,20.0,5.0,27.0,0.3504,0.1079,0.0348,0.2016,0.0,0.0,2.0,0.0,0,0,0,0
2025-10-17 10:25:00,26.0,13.0,2.0,24.0,0.3124,0.0645,0.0188,0.1558,0.0,2.0,2.0,0.0,0,0,0,0
2025-10-17 10:30:00,17.0,39.0,5.0,22.0,0.248,0.1534,0.0396,0.1088,0.0,0.0,2.0,0.0,0,0,0,0
2025-10-17 10:35:00,18.0,23.0,2.0,28.0,0.2962,0.1529,0.018,0.1183,0.0,0.0,2.0,0.0,0,0,0,0
2025-10-17 10:40:00,26.0,30.0,3.0,34.0,0.2897,0.0976,0.0085,0.1782,0.0,0.0,2.0,0.0,0,0,0,0
2025-10-17 10:45:00,45.0,26.0,11.0,38.0,0.3907,0.1145,0.043,0.1474,0.0,0.0,2.0,0.0,0,0,0,0
2025-10-17 10:50:00,24.0,27.0,4.0,20.0,0.1746,0.1249,0.0061,0.0921,0.0,0.0,2.0,0.0,0,0,0,0
2025-10-17 10:55:00,13.0,25.0,7.0,28.0,0.0406,0.1104,0.0109,0.1532,2.0,0.0,2.0,0.0,0,0,0,0
2025-10-17 11:00:00,18.0,32.0,3.0,31.0,0.1235,0.1327,0.2657,0.1452,0.0,0.0,0.0,0.0,0,0,0,0
2025-10-17 11:05:00,14.0,29.0,4.0,38.0,0.1086,0.1295,0.017,0.1161,2.0,0.0,2.0,0.0,0,0,0,0
2025-10-17 11:10:00,16.0,22.0,3.0,30.0,0.1373,0.0743,0.0195,0.1247,0.0,0.0,2.0,0.0,0,0,0,0
2025-10-17 11:15:00,18.0,15.0,4.0,16.0,0.1999,0.0811,0.0593,0.1019,0.0,2.0,2.0,2.0,0,0,0,0
2025-10-17 11:20:00,16.0,20.0,7.0,27.0,0.1208,0.1087,0.0065,0.1884,0.0,0.0,2.0,0.0,0,0,0,0
2025-10-17 11:25:00,32.0,25.0,2.0,24.0,0.3067,0.136,0.0057,0.0897,0.0,0.0,2.0,0.0,0,0,0,0
2025-10-17 11:30:00,49.0,5.0,11.0,21.0,0.4392,0.0143,0.0217,0.0763,0.0,2.0,2.0,2.0,0,0,0,0
2025-10-17 11:35:00,,18.0,1.0,21.0,,0.0464,0.0017,0.1636,,2.0,2.0,0.0,1,0,0,0
2025-10-17 11:50:00,30.0,,,,0.3036,,,,0.0,,,,0,1,1,1
2025-10-17 12:00:00,23.0,24.0,9.0,26.0,0.2904,0.0671,0.0438,0.1046,0.0,0.0,2.0,0.0,0,0,0,0
2025-10-17 12:05:00,28.0,25.0,6.0,33.0,0.3285,0.0564,0.03,0.209,0.0,0.0,2.0,0.0,0,0,0,0
2025-10-17 12:10:00,44.0,15.0,10.0,28.0,0.327,0.0328,0.0466,0.2248,0.0,2.0,2.0,0.0,0,0,0,0
2025-10-17 12:15:00,45.0,10.0,8.0,24.0,0.3217,0.0336,0.0294,0.0897,0.0,2.0,2.0,0.0,0,0,0,0
2025-10-17 12:20:00,32.0,19.0,1.0,22.0,0.322,0.066,0.0007,0.0639,0.0,2.0,2.0,2.0,0,0,0,0
2025-10-17 12:25:00,32.0,22.0,5.0,22.0,0.4174,0.0676,0.0206,0.0803,0.0,0.0,2.0,0.0,0,0,0,0
2025-10-17 12:30:00,33.0,11.0,14.0,31.0,0.3218,0.0233,0.0375,0.1371,0.0,2.0,2.0,0.0,0,0,0,0
2025-10-17 12:35:00,24.0,13.0,12.0,30.0,0.2654,0.0528,0.0361,0.1334,0.0,2.0,2.0,0.0,0,0,0,0
2025-10-17 12:40:00,28.0,21.0,5.0,17.0,0.3427,0.0708,0.0173,0.0613,0.0,0.0,2.0,2.0,0,0,0,0
2025-10-17 12:45:00,40.0,22.0,16.0,14.0,0.3539,0.0514,0.0717,0.0612,0.0,2.0,2.0,2.0,0,0,0,0
2025-10-17 12:50:00,26.0,31.0,13.0,28.0,0.3339,0.1217,0.0396,0.1642,0.0,0.0,2.0,0.0,0,0,0,0
2025-10-17 12:55:00,26.0,19.0,4.0,23.0,0.3343,0.033,0.0312,0.1395,0.0,2.0,2.0,0.0,0,0,0,0
2025-10-17 13:00:00,27.0,13.0,2.0,21.0,0.3481,0.0757,0.0212,0.0425,0.0,2.0,2.0,2.0,0,0,0,0
2025-10-17 13:05:00,30.0,24.0,3.0,26.0,0.3912,0.072,0.0062,0.069,0.0,0.0,2.0,0.0,0,0,0,0
2025-10-17 13:10:00,20.0,19.0,6.0,10.0,0.2493,0.0823,0.0423,0.1258,0.0,0.0,2.0,2.0,0,0,0,0
2025-10-17 13:15:00,28.0,23.0,3.0,27.0,0.3184,0.0884,0.0157,0.1302,0.0,0.0,2.0,0.0,0,0,0,0
2025-10-17 13:20:00,28.0,15.0,6.0,27.0,0.3246,0.0562,0.1389,0.1564,0.0,2.0,2.0,0.0,0,0,0,0
2025-10-17 13:25:00,25.0,19.0,3.0,24.0,0.3154,0.0913,0.0025,0.0901,0.0,0.0,2.0,0.0,0,0,0,0
2025-10-17 13:30:00,46.0,13.0,7.0,27.0,0.3924,0.0516,0.1016,0.1462,0.0,2.0,2.0,0.0,0,0,0,0
2025-10-17 13:35:00,30.0,15.0,6.0,26.0,0.3981,0.0461,0.0437,0.165,0.0,2.0,2.0,0.0,0,0,0,0
2025-10-17 13:40:00,26.0,21.0,3.0,29.0,0.3494,0.0616,0.019,0.2121,0.0,0.0,2.0,0.0,0,0,0,0
2025-10-17 13:45:00,24.0,22.0,8.0,31.0,0.3279,0.062,0.0111,0.1823,0.0,0.0,2.0,0.0,0,0,0,0
2025-10-17 13:50:00,25.0,10.0,5.0,34.0,0.3199,0.0364,0.0121,0.1637,0.0,2.0,2.0,0.0,0,0,0,0
2025-10-17 13:55:00,23.0,28.0,4.0,33.0,0.3105,0.1058,0.0547,0.2196,0.0,0.0,2.0,0.0,0,0,0,0
2025-10-17 14:00:00,16.0,27.0,10.0,29.0,0.2853,0.0634,0.0971,0.0868,0.0,0.0,2.0,0.0,0,0,0,0
2025-10-17 14:05:00,22.0,32.0,8.0,38.0,0.2678,0.0948,0.0142,0.1895,0.0,0.0,2.0,0.0,0,0,0,0
2025-10-17 14:10:00,25.0,36.0,10.0,29.0,0.3548,0.1158,0.0188,0.1667,0.0,0.0,2.0,0.0,0,0,0,0
2025-10-17 14:15:00,26.0,28.0,4.0,27.0,0.2495,0.0796,0.0184,0.2848,0.0,0.0,2.0,0.0,0,0,0,0
2025-10-17 14:20:00,16.0,42.0,8.0,29.0,0.1413,0.1374,0.0497,0.1485,0.0,0.0,2.0,0.0,0,0,0,0
2025-10-17 14:25:00,12.0,41.0,12.0,35.0,0.143,0.1002,0.06,0.1518,0.0,0.0,2.0,0.0,0,0,0,0
2025-10-17 14:30:00,21.0,36.0,13.0,27.0,0.1093,0.0891,0.0792,0.1379,0.0,0.0,2.0,0.0,0,0,0,0
2025-10-17 14:35:00,12.0,36.0,6.0,36.0,0.0808,0.1129,0.0035,0.3794,2.0,0.0,2.0,0.0,0,0,0,0
2025-10-17 14:40:00,13.0,57.0,18.0,39.0,0.0479,0.1495,0.0441,0.3337,2.0,0.0,2.0,0.0,0,0,0,0
2025-10-17 14:45:00,16.0,41.0,7.0,33.0,0.0624,0.1216,0.0391,0.2841,2.0,0.0,2.0,0.0,0,0,0,0
2025-10-17 14:55:00,11.0,47.0,8.0,38.0,0.0479,0.1281,0.0094,0.2641,2.0,0.0,2.0,0.0,0,0,0,0
2025-10-17 15:00:00,14.0,46.0,7.0,29.0,0.0692,0.0976,0.0516,0.1765,2.0,0.0,2.0,0.0,0,0,0,0
2025-10-17 15:10:00,12.0,31.0,17.0,31.0,0.0547,0.0786,0.0484,0.2637,2.0,0.0,2.0,0.0,0,0,0,0
2025-10-17 15:15:00,19.0,43.0,10.0,26.0,0.0843,0.1118,0.0375,0.0995,0.0,0.0,2.0,0.0,0,0,0,0
2025-10-17 15:20:00,22.0,37.0,18.0,29.0,0.0883,0.1137,0.0965,0.1526,0.0,0.0,0.0,0.0,0,0,0,0
2025-10-17 15:25:00,17.0,36.0,24.0,27.0,0.1293,0.1013,0.1154,0.1862,0.0,0.0,0.0,0.0,0,0,0,0
2025-10-17 15:30:00,24.0,40.0,26.0,38.0,0.0967,0.1261,0.1642,0.1594,0.0,0.0,0.0,0.0,0,0,0,0
2025-10-17 15:35:00,41.0,36.0,32.0,24.0,0.2008,0.0828,0.1835,0.1355,0.0,0.0,0.0,0.0,0,0,0,0
2025-10-17 15:40:00,37.0,38.0,34.0,41.0,0.1902,0.1262,0.2579,0.1683,0.0,0.0,0.0,0.0,0,0,0,0
2025-10-17 15:45:00,51.0,42.0,31.0,36.0,0.2837,0.1371,0.1838,0.1519,0.0,0.0,0.0,0.0,0,0,0,0
2025-10-17 15:55:00,42.0,46.0,24.0,35.0,0.2315,0.1445,0.1676,0.2573,0.0,0.0,0.0,0.0,0,0,0,0
2025-10-17 16:05:00,42.0,51.0,25.0,36.0,0.3082,0.1342,0.1452,0.152,0.0,0.0,0.0,0.0,0,0,0,0
2025-10-17 16:10:00,50.0,48.0,21.0,37.0,0.3586,0.1047,0.128,0.1561,0.0,0.0,0.0,0.0,0,0,0,0
2025-10-17 16:15:00,63.0,39.0,31.0,30.0,0.4201,0.0882,0.1806,0.204,0.0,0.0,0.0,0.0,0,0,0,0
2025-10-17 16:20:00,50.0,31.0,30.0,28.0,0.3597,0.1155,0.1176,0.1159,0.0,0.0,0.0,0.0,0,0,0,0
2025-10-17 16:25:00,47.0,43.0,19.0,38.0,0.2572,0.1025,0.2479,0.2297,0.0,0.0,0.0,0.0,0,0,0,0
2025-10-17 16:30:00,49.0,53.0,8.0,34.0,0.2198,0.1631,0.0274,0.2398,0.0,0.0,3.0,0.0,0,0,0,0
2025-10-17 16:35:00,52.0,45.0,8.0,34.0,0.204,0.1094,0.0485,0.209,0.0,0.0,3.0,0.0,0,0,0,0
2025-10-17 16:40:00,55.0,57.0,12.0,34.0,0.238,0.1077,0.0526,0.1573,0.0,0.0,3.0,0.0,0,0,0,0
2025-10-17 16:45:00,47.0,51.0,20.0,33.0,0.2433,0.1108,0.1238,0.1346,0.0,0.0,0.0,0.0,0,0,0,0
2025-10-17 16:55:00,31.0,42.0,7.0,30.0,0.1791,0.1141,0.1888,0.1884,0.0,0.0,0.0,0.0,0,0,0,0
2025-10-17 17:00:00,58.0,40.0,15.0,34.0,0.2771,0.1342,0.0875,0.1497,0.0,0.0,0.0,0.0,0,0,0,0
2025-10-17 17:05:00,42.0,46.0,13.0,39.0,0.213,0.1108,0.0262,0.2324,0.0,0.0,3.0,0.0,0,0,0,0
2025-10-17 17:10:00,45.0,43.0,8.0,36.0,0.221,0.1144,0.0129,0.2172,0.0,0.0,3.0,0.0,0,0,0,0
2025-10-17 17:20:00,43.0,39.0,11.0,36.0,0.1552,0.1238,0.0136,0.1758,0.0,0.0,3.0,0.0,0,0,0,0
2025-10-17 17:30:00,36.0,37.0,25.0,37.0,0.2394,0.1047,0.0664,0.2041,0.0,0.0,0.0,0.0,0,0,0,0
2025-10-17 17:35:00,43.0,43.0,10.0,35.0,0.2563,0.1513,0.0208,0.1812,0.0,0.0,3.0,0.0,0,0,0,0
2025-10-17 17:40:00,51.0,47.0,12.0,41.0,0.2656,0.1061,0.0174,0.1442,0.0,0.0,3.0,0.0,0,0,0,0
2025-10-17 18:20:00,30.0,38.0,34.0,37.0,0.2996,0.1259,0.4576,0.2208,0.0,0.0,0.0,0.0,0,0,0,0
2025-10-17 18:25:00,19.0,51.0,43.0,40.0,0.2643,0.1517,0.1421,0.1906,0.0,0.0,0.0,0.0,0,0,0,0
2025-10-17 18:30:00,24.0,52.0,41.0,51.0,0.1706,0.1217,0.1639,0.2277,0.0,0.0,0.0,0.0,0,0,0,0
2025-10-17 18:35:00,22.0,51.0,46.0,35.0,0.0616,0.1101,0.1946,0.2097,3.0,0.0,0.0,0.0,0,0,0,0
2025-10-17 18:40:00,12.0,50.0,36.0,35.0,0.0313,0.1613,0.191,0.1882,3.0,0.0,0.0,0.0,0,0,0,0
2025-10-17 18:45:00,22.0,44.0,46.0,40.0,0.2443,0.1002,0.3741,0.2274,0.0,0.0,0.0,0.0,0,0,0,0
2025-10-17 18:50:00,30.0,43.0,33.0,31.0,0.1354,0.1149,0.153,0.2353,0.0,0.0,0.0,0.0,0,0,0,0
2025-10-17 18:55:00,16.0,49.0,45.0,39.0,0.0669,0.1036,0.3718,0.183,3.0,0.0,0.0,0.0,0,0,0,0
2025-10-17 19:00:00,23.0,29.0,45.0,32.0,0.0749,0.0731,0.3107,0.2018,3.0,0.0,0.0,0.0,0,0,0,0
2025-10-17 19:05:00,24.0,17.0,25.0,23.0,0.1864,0.048,0.1651,0.1531,0.0,3.0,0.0,0.0,0,0,0,0
2025-10-17 19:10:00,40.0,20.0,30.0,16.0,0.3422,0.0658,0.159,0.1416,0.0,3.0,0.0,3.0,0,0,0,0
2025-10-17 19:15:00,18.0,16.0,10.0,10.0,0.0914,0.0557,0.0435,0.0843,3.0,3.0,3.0,3.0,0,0,0,0
2025-10-17 19:20:00,15.0,20.0,17.0,17.0,0.0493,0.0552,0.1514,0.1319,3.0,3.0,0.0,3.0,0,0,0,0
2025-10-17 19:25:00,22.0,22.0,12.0,4.0,0.2057,0.0676,0.0814,0.037,0.0,3.0,3.0,3.0,0,0,0,0
2025-10-17 19:30:00,13.0,24.0,17.0,7.0,0.0624,0.068,0.1567,0.0498,3.0,3.0,0.0,3.0,0,0,0,0
2025-10-17 19:35:00,14.0,17.0,17.0,9.0,0.0539,0.0496,0.1804,0.0726,3.0,3.0,0.0,3.0,0,0,0,0
2025-10-17 19:40:00,7.0,9.0,13.0,7.0,0.0286,0.0389,0.1252,0.0628,3.0,3.0,3.0,3.0,0,0,0,0
2025-10-17 19:45:00,12.0,11.0,20.0,8.0,0.0959,0.0377,0.1676,0.0546,3.0,3.0,0.0,3.0,0,0,0,0
2025-10-17 19:50:00,38.0,20.0,20.0,6.0,0.213,0.0859,0.1426,0.038,0.0,3.0,0.0,3.0,0,0,0,0
2025-10-17 19:55:00,19.0,23.0,23.0,12.0,0.0944,0.0864,0.2311,0.0924,3.0,3.0,0.0,3.0,0,0,0,0
2025-10-17 20:00:00,17.0,18.0,21.0,2.0,0.0941,0.0753,0.1676,0.0196,3.0,3.0,0.0,3.0,0,0,0,0
2025-10-17 20:05:00,18.0,15.0,11.0,4.0,0.1215,0.0758,0.1128,0.0193,3.0,3.0,3.0,3.0,0,0,0,0
2025-10-17 20:10:00,45.0,23.0,2.0,8.0,0.2582,0.0905,0.0051,0.0557,0.0,3.0,3.0,3.0,0,0,0,0
2025-10-17 20:15:00,18.0,19.0,2.0,4.0,0.1387,0.0756,0.0351,0.0639,3.0,3.0,3.0,3.0,0,0,0,0
2025-10-17 20:20:00,15.0,16.0,4.0,6.0,0.0685,0.1155,0.0777,0.2477,3.0,3.0,3.0,0.0,0,0,0,0
2025-10-17 20:25:00,19.0,26.0,4.0,6.0,0.1022,0.0917,0.0235,0.0618,3.0,3.0,3.0,3.0,0,0,0,0
2025-10-17 20:30:00,9.0,17.0,0.0,11.0,0.0282,0.0802,0.0,0.0842,3.0,3.0,3.0,3.0,0,0,0,0
2025-10-17 20:35:00,42.0,13.0,4.0,19.0,0.2055,0.039,0.0236,0.1053,0.0,3.0,3.0,3.0,0,0,0,0
2025-10-17 20:40:00,15.0,8.0,7.0,5.0,0.0722,0.0454,0.0493,0.0509,3.0,3.0,3.0,3.0,0,0,0,0
2025-10-17 20:45:00,15.0,21.0,6.0,5.0,0.0451,0.065,0.1039,0.022,3.0,3.0,3.0,3.0,0,0,0,0
2025-10-17 20:50:00,23.0,14.0,3.0,6.0,0.2074,0.0581,0.0053,0.0115,0.0,3.0,3.0,3.0,0,0,0,0
2025-10-17 20:55:00,14.0,4.0,4.0,4.0,0.0699,0.0085,0.0122,0.0104,3.0,3.0,3.0,3.0,0,0,0,0
2025-10-17 21:00:00,8.0,8.0,3.0,12.0,0.0436,0.0336,0.0201,0.1605,3.0,3.0,3.0,3.0,0,0,0,0
2025-10-17 21:05:00,21.0,18.0,7.0,7.0,0.084,0.069,0.061,0.0521,3.0,3.0,3.0,3.0,0,0,0,0
2025-10-17 21:10:00,35.0,18.0,2.0,5.0,0.2166,0.0662,0.0029,0.0377,0.0,3.0,3.0,3.0,0,0,0,0
2025-10-17 21:15:00,16.0,20.0,7.0,10.0,0.0685,0.0595,0.0584,0.0673,3.0,3.0,3.0,3.0,0,0,0,0
2025-10-17 21:20:00,12.0,22.0,7.0,12.0,0.0403,0.0562,0.0111,0.1344,3.0,3.0,3.0,3.0,0,0,0,0
2025-10-17 21:25:00,12.0,20.0,9.0,10.0,0.0512,0.0478,0.038,0.0781,3.0,3.0,3.0,3.0,0,0,0,0
2025-10-17 21:30:00,14.0,9.0,5.0,14.0,0.0604,0.0267,0.021,0.1174,3.0,3.0,3.0,3.0,0,0,0,0
2025-10-17 21:35:00,12.0,17.0,4.0,10.0,0.0523,0.0409,0.0053,0.071,3.0,3.0,3.0,3.0,0,0,0,0
2025-10-17 21:40:00,6.0,17.0,1.0,4.0,0.0149,0.0497,0.0011,0.0249,3.0,3.0,3.0,3.0,0,0,0,0
2025-10-17 21:45:00,9.0,15.0,8.0,9.0,0.0334,0.0571,0.015,0.0287,3.0,3.0,3.0,3.0,0,0,0,0
2025-10-17 21:50:00,5.0,27.0,8.0,15.0,0.0193,0.0814,0.0522,0.0686,3.0,3.0,3.0,3.0,0,0,0,0
2025-10-17 21:55:00,3.0,10.0,3.0,8.0,0.0266,0.031,0.0156,0.0461,3.0,3.0,3.0,3.0,0,0,0,0
2025-10-17 22:00:00,18.0,13.0,0.0,8.0,0.0824,0.0351,0.0,0.0617,3.0,3.0,3.0,3.0,0,0,0,0
2025-10-17 22:05:00,10.0,7.0,4.0,16.0,0.0722,0.0404,0.0342,0.1167,3.0,3.0,3.0,3.0,0,0,0,0
2025-10-17 22:10:00,42.0,15.0,10.0,6.0,0.1503,0.0419,0.0766,0.0435,0.0,3.0,3.0,3.0,0,0,0,0
2025-10-17 22:15:00,35.0,10.0,9.0,3.0,0.1567,0.0272,0.0432,0.0254,0.0,3.0,3.0,3.0,0,0,0,0
2025-10-17 22:20:00,45.0,23.0,1.0,9.0,0.2029,0.0875,0.0684,0.0663,0.0,3.0,3.0,3.0,0,0,0,0
2025-10-17 22:25:00,42.0,20.0,4.0,0.0,0.1701,0.0491,0.0748,0.0,0.0,3.0,3.0,3.0,0,0,0,0
2025-10-17 22:30:00,50.0,25.0,4.0,8.0,0.2797,0.0964,0.0108,0.0575,0.0,3.0,3.0,3.0,0,0,0,0
2025-10-17 22:35:00,53.0,23.0,1.0,20.0,0.1859,0.0703,0.0008,0.0957,0.0,3.0,3.0,3.0,0,0,0,0
2025-10-17 22:40:00,44.0,18.0,4.0,7.0,0.2286,0.0557,0.026,0.0593,0.0,3.0,3.0,3.0,0,0,0,0
2025-10-17 22:45:00,35.0,15.0,3.0,6.0,0.2244,0.0628,0.0303,0.0413,0.0,3.0,3.0,3.0,0,0,0,0
2025-10-17 22:50:00,33.0,7.0,2.0,3.0,0.1844,0.0342,0.0125,0.0123,0.0,3.0,3.0,3.0,0,0,0,0
2025-10-17 22:55:00,28.0,19.0,0.0,8.0,0.2233,0.0728,0.0,0.0492,0.0,3.0,3.0,3.0,0,0,0,0
2025-10-17 23:00:00,10.0,17.0,3.0,1.0,0.0466,0.055,0.0463,0.0021,3.0,3.0,3.0,3.0,0,0,0,0
2025-10-17 23:05:00,11.0,15.0,4.0,6.0,0.0303,0.0372,0.1041,0.0383,3.0,3.0,3.0,3.0,0,0,0,0
2025-10-17 23:10:00,13.0,17.0,2.0,2.0,0.0582,0.0436,0.0041,0.0107,3.0,3.0,3.0,3.0,0,0,0,0
2025-10-17 23:15:00,4.0,22.0,8.0,4.0,0.0092,0.0523,0.1016,0.0136,3.0,3.0,3.0,3.0,0,0,0,0
2025-10-17 23:20:00,41.0,19.0,5.0,9.0,0.1228,0.0499,0.0163,0.0337,0.0,3.0,3.0,3.0,0,0,0,0
2025-10-17 23:25:00,34.0,18.0,3.0,2.0,0.1478,0.0534,0.0119,0.0107,0.0,3.0,3.0,3.0,0,0,0,0
2025-10-17 23:30:00,37.0,19.0,9.0,0.0,0.1468,0.0562,0.0595,0.0,0.0,3.0,3.0,3.0,0,0,0,0
2025-10-17 23:35:00,25.0,13.0,13.0,2.0,0.0907,0.0339,0.1397,0.0149,3.0,3.0,3.0,3.0,0,0,0,0
2025-10-17 23:40:00,11.0,10.0,6.0,3.0,0.0392,0.0228,0.0081,0.0338,3.0,3.0,3.0,3.0,0,0,0,0
2025-10-17 23:45:00,13.0,11.0,4.0,4.0,0.0413,0.0354,0.0086,0.0144,3.0,3.0,3.0,3.0,0,0,0,0
2025-10-17 23:50:00,8.0,11.0,2.0,2.0,0.0273,0.0289,0.0644,0.0102,3.0,3.0,3.0,3.0,0,0,0,0
2025-10-17 23:55:00,11.0,0.0,5.0,4.0,0.066,0.0,0.0166,0.0182,3.0,3.0,3.0,3.0,0,0,0,0
2025-10-18 04:55:00,6.0,2.0,5.0,1.0,0.0695,0.0096,0.0154,0.0035,2.0,2.0,2.0,2.0,0,0,0,0
2025-10-18 05:00:00,8.0,11.0,1.0,0.0,0.0606,0.0351,0.0001,0.0,2.0,2.0,2.0,2.0,0,0,0,0
2025-10-18 05:05:00,4.0,8.0,2.0,1.0,0.0137,0.0319,0.0022,0.0051,2.0,2.0,2.0,2.0,0,0,0,0
2025-10-18 05:10:00,5.0,10.0,3.0,4.0,0.0187,0.0264,0.0086,0.0503,2.0,2.0,2.0,2.0,0,0,0,0
2025-10-18 05:15:00,9.0,8.0,0.0,3.0,0.0252,0.0356,0.0,0.0227,2.0,2.0,2.0,2.0,0,0,0,0
2025-10-18 05:20:00,9.0,8.0,1.0,2.0,0.0524,0.0246,0.0084,0.0392,2.0,2.0,2.0,2.0,0,0,0,0
2025-10-18 05:25:00,10.0,12.0,0.0,0.0,0.0834,0.0401,0.0,0.0,2.0,2.0,2.0,2.0,0,0,0,0
2025-10-18 05:30:00,0.0,20.0,6.0,3.0,0.0,0.0575,0.0239,0.0205,2.0,2.0,2.0,2.0,0,0,0,0
2025-10-18 05:35:00,8.0,33.0,3.0,0.0,0.0667,0.0774,0.0369,0.0,2.0,0.0,2.0,2.0,0,0,0,0
2025-10-18 05:40:00,11.0,25.0,2.0,1.0,0.0666,0.05,0.0082,0.0069,2.0,2.0,2.0,2.0,0,0,0,0
2025-10-18 05:45:00,3.0,24.0,3.0,0.0,0.0114,0.0461,0.0038,0.0,2.0,2.0,2.0,2.0,0,0,0,0
2025-10-18 05:50:00,6.0,13.0,3.0,0.0,0.0138,0.0278,0.0814,0.0,2.0,2.0,2.0,2.0,0,0,0,0
2025-10-18 05:55:00,9.0,34.0,2.0,0.0,0.0429,0.0832,0.0073,0.0,2.0,0.0,2.0,2.0,0,0,0,0
2025-10-18 06:00:00,11.0,15.0,3.0,5.0,0.0319,0.0523,0.01,0.0906,2.0,2.0,2.0,2.0,0,0,0,0
2025-10-18 06:05:00,9.0,20.0,3.0,4.0,0.0368,0.0549,0.0533,0.0356,2.0,2.0,2.0,2.0,0,0,0,0
2025-10-18 06:10:00,12.0,9.0,3.0,2.0,0.043,0.0261,0.0556,0.0166,2.0,2.0,2.0,2.0,0,0,0,0
2025-10-18 06:15:00,4.0,14.0,4.0,0.0,0.0286,0.0331,0.0469,0.0,2.0,2.0,2.0,2.0,0,0,0,0
2025-10-18 06:20:00,14.0,11.0,4.0,5.0,0.0571,0.0313,0.0605,0.0211,2.0,2.0,2.0,2.0,0,0,0,0
2025-10-18 06:30:00,12.0,17.0,9.0,1.0,0.0394,0.0388,0.062,0.0029,2.0,2.0,2.0,2.0,0,0,0,0
2025-10-18 06:35:00,18.0,36.0,0.0,1.0,0.0521,0.0779,0.0,0.0014,2.0,0.0,2.0,2.0,0,0,0,0
2025-10-18 06:40:00,18.0,34.0,3.0,8.0,0.0412,0.088,0.0037,0.0519,2.0,0.0,2.0,2.0,0,0,0,0
2025-10-18 06:45:00,7.0,44.0,9.0,17.0,0.0172,0.1029,0.0708,0.0398,2.0,0.0,2.0,2.0,0,0,0,0
2025-10-18 06:50:00,18.0,36.0,3.0,14.0,0.0777,0.0924,0.0022,0.0586,2.0,0.0,2.0,2.0,0,0,0,0
2025-10-18 06:55:00,14.0,44.0,7.0,10.0,0.1014,0.1423,0.0891,0.0145,2.0,0.0,2.0,2.0,0,0,0,0
2025-10-18 07:00:00,12.0,61.0,7.0,18.0,0.0286,0.1303,0.0272,0.0273,2.0,0.0,2.0,2.0,0,0,0,0
2025-10-18 07:05:00,13.0,45.0,2.0,15.0,0.0385,0.1009,0.0075,0.0233,2.0,0.0,2.0,2.0,0,0,0,0
2025-10-18 07:10:00,33.0,48.0,10.0,8.0,0.0703,0.1236,0.0302,0.0142,2.0,0.0,2.0,2.0,0,0,0,0
2025-10-18 07:15:00,46.0,60.0,4.0,11.0,0.16,0.1214,0.0392,0.0758,0.0,0.0,2.0,2.0,0,0,0,0
2025-10-18 07:20:00,53.0,51.0,3.0,16.0,0.2188,0.1176,0.0046,0.0435,0.0,0.0,2.0,2.0,0,0,0,0
2025-10-18 07:30:00,52.0,50.0,8.0,12.0,0.1747,0.1188,0.3803,0.0644,0.0,0.0,0.0,2.0,0,0,0,0
2025-10-18 07:35:00,60.0,40.0,6.0,9.0,0.1905,0.1217,0.0065,0.0435,0.0,0.0,2.0,2.0,0,0,0,0
2025-10-18 07:40:00,53.0,45.0,9.0,15.0,0.1831,0.1048,0.0332,0.1118,0.0,0.0,2.0,2.0,0,0,0,0
2025-10-18 07:45:00,54.0,31.0,11.0,18.0,0.1594,0.0857,0.0382,0.0275,0.0,2.0,2.0,2.0,0,0,0,0
2025-10-18 07:50:00,47.0,50.0,10.0,26.0,0.1536,0.0951,0.0181,0.0899,0.0,0.0,2.0,2.0,0,0,0,0
2025-10-18 08:00:00,45.0,36.0,4.0,20.0,0.1606,0.1103,0.005,0.076,0.0,0.0,2.0,2.0,0,0,0,0
2025-10-18 08:05:00,51.0,45.0,7.0,30.0,0.2025,0.1367,0.0089,0.1508,0.0,0.0,2.0,0.0,0,0,0,0
2025-10-18 08:10:00,42.0,53.0,15.0,27.0,0.1614,0.1608,0.0317,0.144,0.0,0.0,2.0,0.0,0,0,0,0
2025-10-18 08:15:00,43.0,33.0,8.0,25.0,0.2114,0.1111,0.0283,0.1109,0.0,0.0,2.0,2.0,0,0,0,0
2025-10-18 08:20:00,43.0,49.0,5.0,27.0,0.1991,0.1206,0.0622,0.0747,0.0,0.0,2.0,2.0,0,0,0,0
2025-10-18 08:25:00,44.0,49.0,5.0,22.0,0.2227,0.1245,0.0101,0.0917,0.0,0.0,2.0,2.0,0,0,0,0
2025-10-18 08:30:00,49.0,44.0,10.0,29.0,0.1539,0.1214,0.0606,0.1265,0.0,0.0,2.0,0.0,0,0,0,0
2025-10-18 08:35:00,55.0,48.0,2.0,33.0,0.1902,0.1381,0.0036,0.0895,0.0,0.0,2.0,0.0,0,0,0,0
2025-10-18 08:40:00,52.0,34.0,7.0,35.0,0.1995,0.1595,0.01,0.1316,0.0,0.0,2.0,0.0,0,0,0,0
2025-10-18 08:45:00,44.0,50.0,3.0,24.0,0.1523,0.1552,0.0042,0.103,0.0,0.0,2.0,2.0,0,0,0,0
2025-10-18 08:50:00,47.0,36.0,3.0,35.0,0.1665,0.138,0.0037,0.1029,0.0,0.0,2.0,0.0,0,0,0,0
2025-10-18 08:55:00,49.0,40.0,3.0,32.0,0.2218,0.1541,0.0034,0.1084,0.0,0.0,2.0,0.0,0,0,0,0
2025-10-18 09:00:00,53.0,51.0,5.0,34.0,0.1765,0.1461,0.0082,0.0825,0.0,0.0,2.0,0.0,0,0,0,0
2025-10-18 09:05:00,48.0,48.0,2.0,27.0,0.2174,0.1412,0.002,0.1097,0.0,0.0,2.0,0.0,0,0,0,0
2025-10-18 09:10:00,53.0,46.0,1.0,15.0,0.191,0.1295,0.0005,0.0633,0.0,0.0,2.0,2.0,0,0,0,0
2025-10-18 09:15:00,56.0,44.0,4.0,17.0,0.2395,0.1246,0.0374,0.0856,0.0,0.0,2.0,2.0,0,0,0,0
2025-10-18 09:20:00,53.0,39.0,6.0,30.0,0.3212,0.1056,0.0598,0.1326,0.0,0.0,2.0,0.0,0,0,0,0
2025-10-18 09:25:00,52.0,37.0,3.0,24.0,0.2792,0.126,0.018,0.1278,0.0,0.0,2.0,0.0,0,0,0,0
2025-10-18 09:30:00,59.0,27.0,0.0,33.0,0.2068,0.0962,0.0,0.1913,0.0,2.0,2.0,0.0,0,0,0,0
2025-10-18 09:35:00,47.0,25.0,1.0,21.0,0.2163,0.0525,0.0005,0.0861,0.0,2.0,2.0,2.0,0,0,0,0
2025-10-18 09:40:00,48.0,18.0,6.0,20.0,0.2465,0.0658,0.0163,0.1553,0.0,2.0,2.0,0.0,0,0,0,0
2025-10-18 09:45:00,50.0,16.0,5.0,29.0,0.2009,0.0767,0.0665,0.1753,0.0,2.0,2.0,0.0,0,0,0,0
2025-10-18 09:50:00,42.0,19.0,7.0,28.0,0.2563,0.0424,0.027,0.1549,0.0,2.0,2.0,0.0,0,0,0,0
2025-10-18 09:55:00,58.0,10.0,5.0,28.0,0.2231,0.0316,0.0381,0.1041,0.0,2.0,2.0,0.0,0,0,0,0
2025-10-18 10:00:00,51.0,19.0,1.0,20.0,0.1887,0.0641,0.0,0.0919,0.0,2.0,2.0,2.0,0,0,0,0
2025-10-18 10:05:00,43.0,15.0,6.0,20.0,0.1722,0.05,0.0231,0.1764,0.0,2.0,2.0,0.0,0,0,0,0
2025-10-18 10:10:00,47.0,8.0,6.0,24.0,0.2008,0.0359,0.0755,0.1267,0.0,2.0,2.0,0.0,0,0,0,0
2025-10-18 10:15:00,47.0,20.0,6.0,12.0,0.184,0.0474,0.0958,0.0247,0.0,2.0,2.0,2.0,0,0,0,0
2025-10-18 10:20:00,49.0,25.0,2.0,18.0,0.1987,0.0753,0.0055,0.0833,0.0,2.0,2.0,2.0,0,0,0,0
2025-10-18 10:25:00,43.0,14.0,3.0,29.0,0.1616,0.0578,0.0058,0.1562,0.0,2.0,2.0,0.0,0,0,0,0
2025-10-18 10:30:00,55.0,14.0,3.0,14.0,0.16,0.0405,0.0053,0.1502,0.0,2.0,2.0,2.0,0,0,0,0
2025-10-18 10:35:00,49.0,12.0,3.0,16.0,0.1574,0.0439,0.0047,0.0417,0.0,2.0,2.0,2.0,0,0,0,0
2025-10-18 10:40:00,45.0,10.0,7.0,13.0,0.1736,0.0459,0.1592,0.0811,0.0,2.0,2.0,2.0,0,0,0,0
2025-10-18 10:45:00,58.0,22.0,5.0,20.0,0.1945,0.0693,0.0136,0.0983,0.0,2.0,2.0,2.0,0,0,0,0
2025-10-18 10:50:00,46.0,19.0,3.0,17.0,0.2235,0.0592,0.0018,0.0785,0.0,2.0,2.0,2.0,0,0,0,0
2025-10-18 10:55:00,48.0,22.0,3.0,18.0,0.2547,0.0687,0.0729,0.1215,0.0,2.0,2.0,2.0,0,0,0,0
2025-10-18 11:00:00,54.0,10.0,0.0,19.0,0.1764,0.021,0.0,0.1063,0.0,2.0,2.0,2.0,0,0,0,0
2025-10-18 11:05:00,59.0,13.0,8.0,12.0,0.22,0.0257,0.0081,0.0398,0.0,2.0,2.0,2.0,0,0,0,0
2025-10-18 11:10:00,42.0,15.0,5.0,26.0,0.1154,0.0477,0.0331,0.1724,0.0,2.0,2.0,0.0,0,0,0,0
2025-10-18 11:15:00,34.0,12.0,3.0,26.0,0.1078,0.0455,0.0038,0.1185,0.0,2.0,2.0,0.0,0,0,0,0
2025-10-18 11:20:00,23.0,16.0,9.0,23.0,0.082,0.0261,0.0787,0.1468,2.0,2.0,2.0,0.0,0,0,0,0
2025-10-18 11:25:00,29.0,15.0,4.0,34.0,0.0628,0.0503,0.1176,0.2633,2.0,2.0,2.0,0.0,0,0,0,0
2025-10-18 11:30:00,13.0,7.0,4.0,35.0,0.0792,0.0131,0.0244,0.2433,2.0,2.0,2.0,0.0,0,0,0,0
2025-10-18 11:35:00,,,5.0,34.0,,,0.17,0.2268,,,2.0,0.0,1,1,0,0
2025-10-18 11:50:00,,26.0,,,,0.0622,,,,2.0,,,1,0,1,1
2025-10-18 12:00:00,10.0,39.0,5.0,26.0,0.0448,0.108,0.0103,0.1215,2.0,0.0,2.0,0.0,0,0,0,0
2025-10-18 12:05:00,13.0,38.0,6.0,20.0,0.0855,0.1131,0.0887,0.078,2.0,0.0,2.0,2.0,0,0,0,0
2025-10-18 12:10:00,14.0,29.0,1.0,26.0,0.0666,0.0723,0.0111,0.1211,2.0,2.0,2.0,0.0,0,0,0,0
2025-10-18 12:15:00,18.0,44.0,2.0,32.0,0.0748,0.0793,0.0125,0.1289,2.0,0.0,2.0,0.0,0,0,0,0
2025-10-18 12:20:00,10.0,31.0,3.0,37.0,0.0575,0.0584,0.0353,0.1591,2.0,2.0,2.0,0.0,0,0,0,0
2025-10-18 12:25:00,16.0,48.0,6.0,34.0,0.1277,0.1257,0.0226,0.1298,2.0,0.0,2.0,0.0,0,0,0,0
2025-10-18 12:30:00,4.0,45.0,6.0,37.0,0.0068,0.0927,0.0469,0.1426,2.0,0.0,2.0,0.0,0,0,0,0
2025-10-18 12:35:00,14.0,45.0,2.0,19.0,0.0752,0.1031,0.0048,0.0341,2.0,0.0,2.0,2.0,0,0,0,0
2025-10-18 12:40:00,26.0,45.0,7.0,25.0,0.116,0.1033,0.0229,0.0678,0.0,0.0,2.0,2.0,0,0,0,0
2025-10-18 12:45:00,52.0,46.0,3.0,30.0,0.117,0.1243,0.0272,0.1406,0.0,0.0,2.0,0.0,0,0,0,0
2025-10-18 12:50:00,49.0,54.0,6.0,37.0,0.1474,0.0978,0.0304,0.163,0.0,0.0,2.0,0.0,0,0,0,0
2025-10-18 12:55:00,47.0,51.0,2.0,33.0,0.1887,0.1017,0.001,0.1057,0.0,0.0,2.0,0.0,0,0,0,0
2025-10-18 13:00:00,46.0,56.0,2.0,29.0,0.155,0.1153,0.0379,0.0867,0.0,0.0,2.0,0.0,0,0,0,0
2025-10-18 13:05:00,52.0,54.0,8.0,19.0,0.1811,0.105,0.0179,0.1137,0.0,0.0,2.0,2.0,0,0,0,0
2025-10-18 13:10:00,51.0,57.0,8.0,26.0,0.1739,0.1303,0.0287,0.1293,0.0,0.0,2.0,0.0,0,0,0,0
2025-10-18 13:15:00,50.0,42.0,1.0,21.0,0.1487,0.1,0.0008,0.0493,0.0,0.0,2.0,2.0,0,0,0,0
2025-10-18 13:20:00,54.0,37.0,2.0,33.0,0.1773,0.0797,0.0089,0.152,0.0,0.0,2.0,0.0,0,0,0,0
2025-10-18 13:25:00,43.0,45.0,3.0,25.0,0.1118,0.1032,0.1017,0.0548,0.0,0.0,2.0,2.0,0,0,0,0
2025-10-18 13:30:00,23.0,46.0,6.0,36.0,0.085,0.1327,0.0219,0.1807,2.0,0.0,2.0,0.0,0,0,0,0
2025-10-18 13:35:00,28.0,37.0,6.0,28.0,0.0649,0.1056,0.0886,0.17,2.0,0.0,2.0,0.0,0,0,0,0
2025-10-18 13:40:00,41.0,43.0,4.0,34.0,0.1636,0.1133,0.0427,0.1132,0.0,0.0,2.0,0.0,0,0,0,0
2025-10-18 13:45:00,37.0,53.0,2.0,27.0,0.0947,0.1396,0.0031,0.1138,0.0,0.0,2.0,0.0,0,0,0,0
2025-10-18 13:50:00,35.0,45.0,4.0,22.0,0.1402,0.1238,0.0404,0.1312,0.0,0.0,2.0,0.0,0,0,0,0
2025-10-18 13:55:00,39.0,39.0,1.0,21.0,0.0983,0.0952,0.0009,0.0638,0.0,0.0,2.0,2.0,0,0,0,0
2025-10-18 14:00:00,62.0,37.0,4.0,24.0,0.1794,0.0919,0.0058,0.1354,0.0,0.0,2.0,0.0,0,0,0,0
2025-10-18 14:05:00,35.0,37.0,5.0,37.0,0.1006,0.0816,0.0119,0.2291,0.0,0.0,2.0,0.0,0,0,0,0
2025-10-18 14:10:00,51.0,33.0,5.0,22.0,0.1231,0.1056,0.0429,0.1521,0.0,0.0,2.0,0.0,0,0,0,0
2025-10-18 14:15:00,18.0,48.0,6.0,25.0,0.0539,0.1266,0.0188,0.1274,2.0,0.0,2.0,0.0,0,0,0,0
2025-10-18 14:20:00,17.0,41.0,2.0,18.0,0.0904,0.1202,0.0012,0.2197,2.0,0.0,2.0,0.0,0,0,0,0
2025-10-18 14:25:00,14.0,45.0,7.0,21.0,0.0398,0.1129,0.0821,0.083,2.0,0.0,2.0,2.0,0,0,0,0
2025-10-18 14:30:00,14.0,50.0,7.0,36.0,0.086,0.1187,0.1297,0.1958,2.0,0.0,2.0,0.0,0,0,0,0
2025-10-18 14:35:00,15.0,46.0,3.0,19.0,0.064,0.1059,0.0077,0.0762,2.0,0.0,2.0,2.0,0,0,0,0
2025-10-18 14:40:00,23.0,33.0,3.0,29.0,0.084,0.0743,0.0027,0.0957,2.0,0.0,2.0,0.0,0,0,0,0
2025-10-18 14:45:00,14.0,21.0,3.0,24.0,0.0525,0.0504,0.0016,0.12,2.0,2.0,2.0,0.0,0,0,0,0
2025-10-18 14:50:00,20.0,40.0,1.0,9.0,0.0799,0.1028,0.0017,0.0062,2.0,0.0,2.0,2.0,0,0,0,0
2025-10-18 14:55:00,13.0,41.0,16.0,31.0,0.0564,0.0851,0.0551,0.1232,2.0,0.0,2.0,0.0,0,0,0,0
2025-10-18 15:00:00,22.0,35.0,7.0,22.0,0.06,0.1413,0.0066,0.1149,2.0,0.0,2.0,0.0,0,0,0,0
2025-10-18 15:05:00,39.0,49.0,3.0,15.0,0.1355,0.1261,0.0489,0.0441,0.0,0.0,2.0,2.0,0,0,0,0
2025-10-18 15:10:00,45.0,44.0,2.0,18.0,0.1522,0.0914,0.0019,0.0646,0.0,0.0,2.0,2.0,0,0,0,0
2025-10-18 15:15:00,46.0,51.0,16.0,36.0,0.1245,0.1233,0.0441,0.136,0.0,0.0,2.0,0.0,0,0,0,0
2025-10-18 15:20:00,36.0,41.0,2.0,26.0,0.214,0.1028,0.0117,0.1432,0.0,0.0,2.0,0.0,0,0,0,0
2025-10-18 15:25:00,40.0,44.0,9.0,23.0,0.2965,0.1107,0.0594,0.1183,0.0,0.0,2.0,0.0,0,0,0,0
2025-10-18 15:30:00,45.0,45.0,3.0,22.0,0.1333,0.1336,0.0031,0.0585,0.0,0.0,2.0,2.0,0,0,0,0
2025-10-18 15:35:00,42.0,44.0,7.0,28.0,0.1582,0.1032,0.0521,0.0954,0.0,0.0,2.0,0.0,0,0,0,0
2025-10-18 15:40:00,41.0,33.0,9.0,25.0,0.1449,0.0769,0.0239,0.0932,0.0,0.0,2.0,0.0,0,0,0,0
2025-10-18 15:45:00,43.0,35.0,6.0,24.0,0.1588,0.0871,0.0087,0.0637,0.0,0.0,2.0,2.0,0,0,0,0
2025-10-18 15:50:00,39.0,40.0,2.0,23.0,0.2058,0.1014,0.0406,0.0896,0.0,0.0,2.0,0.0,0,0,0,0
2025-10-18 15:55:00,49.0,41.0,2.0,21.0,0.1668,0.0864,0.0117,0.081,0.0,0.0,2.0,2.0,0,0,0,0
2025-10-18 16:00:00,43.0,42.0,10.0,19.0,0.1372,0.1012,0.1396,0.0643,0.0,0.0,2.0,2.0,0,0,0,0
2025-10-18 16:05:00,35.0,32.0,5.0,18.0,0.1258,0.0942,0.054,0.0751,0.0,0.0,2.0,2.0,0,0,0,0
2025-10-18 16:10:00,35.0,41.0,2.0,37.0,0.0851,0.0927,0.0056,0.1652,0.0,0.0,2.0,0.0,0,0,0,0
2025-10-18 16:15:00,35.0,37.0,8.0,22.0,0.1367,0.091,0.0095,0.082,0.0,0.0,2.0,0.0,0,0,0,0
2025-10-18 16:20:00,24.0,38.0,7.0,22.0,0.0847,0.1114,0.0311,0.0691,0.0,0.0,2.0,2.0,0,0,0,0
2025-10-18 16:25:00,26.0,41.0,11.0,31.0,0.0755,0.0969,0.0472,0.1651,0.0,0.0,2.0,0.0,0,0,0,0
2025-10-18 16:30:00,5.0,32.0,6.0,17.0,0.0263,0.1256,0.0379,0.0592,2.0,0.0,2.0,2.0,0,0,0,0
2025-10-18 16:35:00,12.0,40.0,8.0,32.0,0.0377,0.0958,0.0308,0.1364,2.0,0.0,2.0,0.0,0,0,0,0
2025-10-18 16:40:00,14.0,44.0,3.0,24.0,0.0827,0.1049,0.0094,0.128,2.0,0.0,2.0,0.0,0,0,0,0
2025-10-18 16:45:00,10.0,43.0,11.0,29.0,0.0485,0.1084,0.0131,0.1016,2.0,0.0,2.0,0.0,0,0,0,0
2025-10-18 16:50:00,8.0,39.0,6.0,20.0,0.0364,0.1137,0.0257,0.1008,2.0,0.0,2.0,0.0,0,0,0,0
2025-10-18 16:55:00,7.0,31.0,5.0,22.0,0.02,0.0892,0.0166,0.1141,2.0,0.0,2.0,0.0,0,0,0,0
2025-10-18 17:00:00,9.0,32.0,6.0,22.0,0.0531,0.0988,0.0282,0.0933,2.0,0.0,2.0,0.0,0,0,0,0
2025-10-18 17:05:00,10.0,35.0,6.0,25.0,0.0286,0.0963,0.011,0.1123,3.0,0.0,3.0,0.0,0,0,0,0
2025-10-18 17:10:00,14.0,37.0,2.0,19.0,0.1128,0.1022,0.0056,0.1057,3.0,0.0,3.0,3.0,0,0,0,0
2025-10-18 17:15:00,14.0,42.0,7.0,17.0,0.0461,0.1077,0.0628,0.0687,3.0,0.0,3.0,3.0,0,0,0,0
2025-10-18 17:20:00,2.0,41.0,4.0,19.0,0.0089,0.1157,0.059,0.1176,3.0,0.0,3.0,0.0,0,0,0,0
2025-10-18 17:25:00,4.0,46.0,10.0,17.0,0.0091,0.1294,0.0286,0.0646,3.0,0.0,3.0,3.0,0,0,0,0
2025-10-18 17:30:00,17.0,45.0,7.0,29.0,0.13,0.1117,0.0204,0.0945,0.0,0.0,3.0,0.0,0,0,0,0
2025-10-18 17:35:00,10.0,38.0,9.0,18.0,0.058,0.1057,0.0271,0.0925,3.0,0.0,3.0,3.0,0,0,0,0
2025-10-18 17:40:00,7.0,31.0,6.0,19.0,0.0269,0.0975,0.0668,0.0642,3.0,0.0,3.0,3.0,0,0,0,0
2025-10-18 17:45:00,11.0,41.0,10.0,19.0,0.0622,0.1,0.0534,0.082,3.0,0.0,3.0,3.0,0,0,0,0
2025-10-18 17:50:00,10.0,40.0,12.0,25.0,0.0527,0.0951,0.0621,0.099,3.0,0.0,3.0,0.0,0,0,0,0
2025-10-18 17:55:00,15.0,37.0,6.0,19.0,0.0704,0.137,0.0343,0.1038,3.0,0.0,3.0,3.0,0,0,0,0
2025-10-18 18:00:00,9.0,34.0,7.0,26.0,0.0292,0.0937,0.0724,0.178,3.0,0.0,3.0,0.0,0,0,0,0
2025-10-18 18:05:00,13.0,39.0,8.0,23.0,0.0388,0.098,0.0085,0.0695,3.0,0.0,3.0,3.0,0,0,0,0
2025-10-18 18:10:00,10.0,44.0,12.0,20.0,0.0287,0.1012,0.0314,0.0611,3.0,0.0,3.0,3.0,0,0,0,0
2025-10-18 18:15:00,15.0,46.0,6.0,25.0,0.079,0.1085,0.0096,0.1379,3.0,0.0,3.0,0.0,0,0,0,0
2025-10-18 18:20:00,10.0,41.0,10.0,27.0,0.0424,0.1106,0.0848,0.0441,3.0,0.0,3.0,3.0,0,0,0,0
2025-10-18 18:25:00,14.0,37.0,12.0,30.0,0.0587,0.1183,0.0136,0.1061,3.0,0.0,3.0,0.0,0,0,0,0
2025-10-18 18:30:00,20.0,48.0,8.0,35.0,0.1148,0.1057,0.0638,0.1103,3.0,0.0,3.0,0.0,0,0,0,0
2025-10-18 18:35:00,15.0,43.0,11.0,24.0,0.0561,0.1026,0.0208,0.1059,3.0,0.0,3.0,3.0,0,0,0,0
2025-10-18 18:40:00,20.0,64.0,9.0,25.0,0.0919,0.1566,0.0084,0.051,3.0,0.0,3.0,3.0,0,0,0,0
2025-10-18 18:45:00,22.0,44.0,5.0,29.0,0.0932,0.099,0.0364,0.0856,3.0,0.0,3.0,0.0,0,0,0,0
2025-10-18 18:50:00,16.0,65.0,5.0,17.0,0.0708,0.1259,0.0206,0.0867,3.0,0.0,3.0,3.0,0,0,0,0
2025-10-18 18:55:00,8.0,51.0,3.0,32.0,0.0387,0.1007,0.0027,0.1744,3.0,0.0,3.0,0.0,0,0,0,0
2025-10-18 19:00:00,17.0,47.0,2.0,17.0,0.0805,0.1001,0.0247,0.0298,3.0,0.0,3.0,3.0,0,0,0,0
2025-10-18 19:05:00,17.0,35.0,4.0,15.0,0.093,0.0928,0.0037,0.1112,3.0,0.0,3.0,3.0,0,0,0,0
2025-10-18 19:10:00,25.0,32.0,6.0,14.0,0.0626,0.0623,0.0292,0.0787,3.0,3.0,3.0,3.0,0,0,0,0
2025-10-18 19:15:00,18.0,11.0,3.0,16.0,0.0742,0.0256,0.0027,0.0625,3.0,3.0,3.0,3.0,0,0,0,0
2025-10-18 19:20:00,14.0,18.0,7.0,4.0,0.0546,0.0839,0.0375,0.0473,3.0,3.0,3.0,3.0,0,0,0,0
2025-10-18 19:25:00,15.0,17.0,5.0,6.0,0.0796,0.0302,0.0173,0.0188,3.0,3.0,3.0,3.0,0,0,0,0
2025-10-18 19:30:00,12.0,25.0,10.0,1.0,0.1088,0.0815,0.0405,0.0024,3.0,3.0,3.0,3.0,0,0,0,0
2025-10-18 19:35:00,12.0,9.0,2.0,13.0,0.0527,0.0576,0.0539,0.1022,3.0,3.0,3.0,3.0,0,0,0,0
2025-10-18 19:40:00,22.0,31.0,5.0,14.0,0.1138,0.0871,0.013,0.1061,3.0,3.0,3.0,3.0,0,0,0,0
2025-10-18 19:45:00,24.0,18.0,5.0,12.0,0.0652,0.0405,0.0087,0.11,3.0,3.0,3.0,3.0,0,0,0,0
2025-10-18 19:50:00,23.0,15.0,7.0,12.0,0.1408,0.0296,0.0293,0.0408,0.0,3.0,3.0,3.0,0,0,0,0
2025-10-18 19:55:00,8.0,12.0,3.0,8.0,0.0514,0.0222,0.0225,0.041,3.0,3.0,3.0,3.0,0,0,0,0
2025-10-18 20:00:00,13.0,15.0,4.0,4.0,0.069,0.0301,0.008,0.0406,3.0,3.0,3.0,3.0,0,0,0,0
2025-10-18 20:05:00,14.0,17.0,7.0,4.0,0.1042,0.0457,0.0242,0.0264,3.0,3.0,3.0,3.0,0,0,0,0
2025-10-18 20:10:00,13.0,13.0,8.0,6.0,0.0606,0.0259,0.0387,0.0486,3.0,3.0,3.0,3.0,0,0,0,0
2025-10-18 20:15:00,9.0,22.0,10.0,6.0,0.026,0.0501,0.0617,0.0479,3.0,3.0,3.0,3.0,0,0,0,0
2025-10-18 20:20:00,10.0,27.0,5.0,0.0,0.0346,0.0611,0.0129,0.0,3.0,3.0,3.0,3.0,0,0,0,0
2025-10-18 20:25:00,9.0,27.0,7.0,7.0,0.0495,0.065,0.0179,0.0659,3.0,3.0,3.0,3.0,0,0,0,0
2025-10-18 20:30:00,16.0,39.0,3.0,8.0,0.0489,0.0906,0.0065,0.0985,3.0,0.0,3.0,3.0,0,0,0,0
2025-10-18 20:35:00,14.0,38.0,1.0,10.0,0.0593,0.0869,0.0002,0.0998,3.0,0.0,3.0,3.0,0,0,0,0
2025-10-18 20:40:00,14.0,38.0,2.0,2.0,0.0654,0.1056,0.0038,0.0229,3.0,0.0,3.0,3.0,0,0,0,0
2025-10-18 20:45:00,10.0,33.0,3.0,2.0,0.0318,0.0918,0.0201,0.0129,3.0,3.0,3.0,3.0,0,0,0,0
2025-10-18 20:50:00,13.0,26.0,5.0,2.0,0.0604,0.0736,0.0369,0.0335,3.0,3.0,3.0,3.0,0,0,0,0
2025-10-18 20:55:00,16.0,32.0,4.0,8.0,0.0626,0.0822,0.0259,0.0878,3.0,3.0,3.0,3.0,0,0,0,0
2025-10-18 21:00:00,17.0,34.0,6.0,6.0,0.0801,0.0855,0.0275,0.0371,3.0,3.0,3.0,3.0,0,0,0,0
2025-10-18 21:05:00,12.0,43.0,11.0,6.0,0.0358,0.1056,0.077,0.0264,3.0,0.0,3.0,3.0,0,0,0,0
2025-10-18 21:10:00,14.0,42.0,8.0,3.0,0.0578,0.1072,0.0272,0.0348,3.0,0.0,3.0,3.0,0,0,0,0
2025-10-18 21:15:00,10.0,51.0,0.0,6.0,0.0317,0.1248,0.0,0.0513,3.0,0.0,3.0,3.0,0,0,0,0
2025-10-18 21:20:00,18.0,21.0,8.0,6.0,0.1028,0.0418,0.0863,0.0608,3.0,3.0,3.0,3.0,0,0,0,0
2025-10-18 21:25:00,22.0,24.0,5.0,4.0,0.0694,0.0542,0.0125,0.0155,3.0,3.0,3.0,3.0,0,0,0,0
2025-10-18 21:30:00,13.0,29.0,8.0,1.0,0.0448,0.0805,0.0961,0.0057,3.0,3.0,3.0,3.0,0,0,0,0
2025-10-18 21:35:00,21.0,18.0,6.0,5.0,0.1278,0.0455,0.1079,0.0305,3.0,3.0,3.0,3.0,0,0,0,0
2025-10-18 21:40:00,16.0,22.0,5.0,8.0,0.0725,0.0798,0.0223,0.0428,3.0,3.0,3.0,3.0,0,0,0,0
2025-10-18 21:45:00,12.0,24.0,7.0,9.0,0.0456,0.0639,0.0445,0.0324,3.0,3.0,3.0,3.0,0,0,0,0
2025-10-18 21:50:00,8.0,28.0,4.0,8.0,0.0291,0.0804,0.0187,0.0686,3.0,3.0,3.0,3.0,0,0,0,0
2025-10-18 21:55:00,4.0,31.0,7.0,2.0,0.0166,0.0862,0.0923,0.0104,3.0,3.0,3.0,3.0,0,0,0,0
2025-10-18 22:00:00,4.0,45.0,2.0,8.0,0.0088,0.0896,0.0092,0.0479,3.0,0.0,3.0,3.0,0,0,0,0
2025-10-18 22:05:00,19.0,31.0,11.0,8.0,0.1504,0.0734,0.032,0.1273,3.0,3.0,3.0,3.0,0,0,0,0
2025-10-18 22:10:00,11.0,28.0,4.0,10.0,0.089,0.0715,0.0311,0.0656,3.0,3.0,3.0,3.0,0,0,0,0
2025-10-18 22:15:00,18.0,32.0,3.0,7.0,0.0549,0.081,0.0036,0.0427,3.0,3.0,3.0,3.0,0,0,0,0
2025-10-18 22:20:00,21.0,35.0,2.0,0.0,0.064,0.0833,0.003,0.0,3.0,3.0,3.0,3.0,0,0,0,0
2025-10-18 22:25:00,11.0,32.0,1.0,3.0,0.0508,0.0972,0.0012,0.0653,3.0,3.0,3.0,3.0,0,0,0,0
2025-10-18 22:30:00,8.0,31.0,6.0,0.0,0.021,0.0957,0.0132,0.0,3.0,3.0,3.0,3.0,0,0,0,0
2025-10-18 22:35:00,19.0,39.0,3.0,14.0,0.0787,0.1098,0.0084,0.0771,3.0,0.0,3.0,3.0,0,0,0,0
2025-10-18 22:40:00,19.0,43.0,4.0,6.0,0.0936,0.1053,0.0175,0.038,3.0,0.0,3.0,3.0,0,0,0,0
2025-10-18 22:45:00,11.0,33.0,6.0,4.0,0.0434,0.0801,0.0181,0.0403,3.0,3.0,3.0,3.0,0,0,0,0
2025-10-18 22:50:00,8.0,43.0,5.0,0.0,0.0182,0.0966,0.077,0.0,3.0,0.0,3.0,3.0,0,0,0,0
2025-10-18 22:55:00,18.0,38.0,13.0,0.0,0.0655,0.091,0.0279,0.0,3.0,0.0,3.0,3.0,0,0,0,0
2025-10-18 23:00:00,9.0,38.0,5.0,12.0,0.0237,0.0837,0.0075,0.0742,3.0,0.0,3.0,3.0,0,0,0,0
2025-10-18 23:05:00,10.0,44.0,5.0,0.0,0.0689,0.1029,0.0235,0.0,3.0,0.0,3.0,3.0,0,0,0,0
2025-10-18 23:10:00,8.0,30.0,8.0,3.0,0.0411,0.0687,0.0139,0.0064,3.0,3.0,3.0,3.0,0,0,0,0
2025-10-18 23:15:00,8.0,31.0,3.0,10.0,0.0327,0.0811,0.0203,0.0348,3.0,3.0,3.0,3.0,0,0,0,0
2025-10-18 23:20:00,19.0,34.0,2.0,0.0,0.0937,0.0637,0.0038,0.0,3.0,3.0,3.0,3.0,0,0,0,0
2025-10-18 23:25:00,10.0,22.0,2.0,3.0,0.0546,0.0735,0.0043,0.0341,3.0,3.0,3.0,3.0,0,0,0,0
2025-10-18 23:30:00,11.0,23.0,8.0,3.0,0.0526,0.0308,0.0834,0.0154,3.0,3.0,3.0,3.0,0,0,0,0
2025-10-18 23:35:00,15.0,26.0,5.0,2.0,0.0502,0.0701,0.1208,0.0207,3.0,3.0,3.0,3.0,0,0,0,0
2025-10-18 23:40:00,55.0,19.0,5.0,8.0,0.18,0.0509,0.0442,0.071,0.0,3.0,3.0,3.0,0,0,0,0
2025-10-18 23:45:00,27.0,20.0,4.0,2.0,0.1225,0.0497,0.0088,0.0723,3.0,3.0,3.0,3.0,0,0,0,0
2025-10-18 23:50:00,43.0,16.0,3.0,5.0,0.1911,0.0398,0.0072,0.0246,0.0,3.0,3.0,3.0,0,0,0,0
2025-10-18 23:55:00,39.0,1.0,1.0,2.0,0.1573,0.0008,0.0011,0.0036,0.0,3.0,3.0,3.0,0,0,0,0
2025-10-19 04:55:00,6.0,9.0,1.0,1.0,0.0161,0.0309,0.0015,0.0094,2.0,2.0,2.0,2.0,0,0,0,0
2025-10-19 05:00:00,5.0,11.0,1.0,0.0,0.0288,0.0303,0.0007,0.0,2.0,2.0,2.0,2.0,0,0,0,0
2025-10-19 05:05:00,1.0,10.0,1.0,1.0,0.0037,0.0211,0.0005,0.0253,2.0,2.0,2.0,2.0,0,0,0,0
2025-10-19 05:10:00,5.0,10.0,4.0,0.0,0.035,0.0277,0.0223,0.0,2.0,2.0,2.0,2.0,0,0,0,0
2025-10-19 05:15:00,10.0,6.0,0.0,0.0,0.0319,0.0251,0.0,0.0,2.0,2.0,2.0,2.0,0,0,0,0
2025-10-19 05:20:00,4.0,7.0,3.0,3.0,0.0343,0.03,0.0143,0.0306,2.0,2.0,2.0,2.0,0,0,0,0
2025-10-19 05:25:00,3.0,0.0,1.0,5.0,0.013,0.0,0.0013,0.1089,2.0,2.0,2.0,2.0,0,0,0,0
2025-10-19 05:30:00,3.0,6.0,1.0,1.0,0.0191,0.0149,0.003,0.0052,2.0,2.0,2.0,2.0,0,0,0,0
2025-10-19 05:35:00,5.0,11.0,3.0,0.0,0.0618,0.0434,0.0033,0.0,2.0,2.0,2.0,2.0,0,0,0,0
2025-10-19 05:40:00,3.0,6.0,1.0,2.0,0.0106,0.0395,0.0069,0.0204,2.0,2.0,2.0,2.0,0,0,0,0
2025-10-19 05:45:00,6.0,9.0,0.0,0.0,0.0195,0.0344,0.0,0.0,2.0,2.0,2.0,2.0,0,0,0,0
2025-10-19 05:50:00,9.0,4.0,0.0,3.0,0.0367,0.0112,0.0,0.0288,2.0,2.0,2.0,2.0,0,0,0,0
2025-10-19 05:55:00,5.0,1.0,0.0,0.0,0.0478,0.003,0.0,0.0,2.0,2.0,2.0,2.0,0,0,0,0
2025-10-19 06:00:00,14.0,7.0,1.0,1.0,0.0587,0.0253,0.0005,0.006,2.0,2.0,2.0,2.0,0,0,0,0
2025-10-19 06:05:00,9.0,9.0,1.0,0.0,0.0559,0.0389,0.001,0.0,2.0,2.0,2.0,2.0,0,0,0,0
2025-10-19 06:10:00,13.0,1.0,1.0,1.0,0.0378,0.0038,0.001,0.0263,2.0,2.0,2.0,2.0,0,0,0,0
2025-10-19 06:15:00,9.0,4.0,1.0,1.0,0.046,0.0264,0.0024,0.0031,2.0,2.0,2.0,2.0,0,0,0,0
2025-10-19 06:20:00,6.0,5.0,1.0,0.0,0.0214,0.0121,0.0034,0.0,2.0,2.0,2.0,2.0,0,0,0,0
2025-10-19 06:25:00,6.0,2.0,0.0,2.0,0.0241,0.0056,0.0,0.0324,2.0,2.0,2.0,2.0,0,0,0,0
2025-10-19 06:30:00,8.0,15.0,1.0,3.0,0.0179,0.0372,0.0024,0.0208,2.0,2.0,2.0,2.0,0,0,0,0
2025-10-19 06:35:00,14.0,4.0,1.0,5.0,0.0857,0.0066,0.0132,0.0149,2.0,2.0,2.0,2.0,0,0,0,0
2025-10-19 06:40:00,16.0,20.0,2.0,16.0,0.0935,0.0322,0.0227,0.1173,2.0,2.0,2.0,2.0,0,0,0,0
2025-10-19 06:45:00,15.0,24.0,5.0,16.0,0.0504,0.0648,0.0173,0.1323,2.0,2.0,2.0,2.0,0,0,0,0
2025-10-19 06:50:00,15.0,12.0,5.0,8.0,0.0563,0.0271,0.0232,0.0541,2.0,2.0,2.0,2.0,0,0,0,0
2025-10-19 06:55:00,8.0,14.0,2.0,17.0,0.0708,0.0361,0.0023,0.1047,2.0,2.0,2.0,2.0,0,0,0,0
2025-10-19 07:00:00,10.0,12.0,2.0,7.0,0.0323,0.0245,0.0384,0.0163,2.0,2.0,2.0,2.0,0,0,0,0
2025-10-19 07:05:00,5.0,13.0,3.0,8.0,0.0425,0.031,0.0091,0.0305,2.0,2.0,2.0,2.0,0,0,0,0
2025-10-19 07:10:00,3.0,9.0,2.0,8.0,0.0455,0.0381,0.0255,0.0076,2.0,2.0,2.0,2.0,0,0,0,0
2025-10-19 07:15:00,19.0,15.0,6.0,5.0,0.0819,0.0495,0.0413,0.0165,2.0,2.0,2.0,2.0,0,0,0,0
2025-10-19 07:20:00,18.0,22.0,8.0,9.0,0.0843,0.0645,0.0452,0.0184,2.0,2.0,2.0,2.0,0,0,0,0
2025-10-19 07:25:00,10.0,14.0,6.0,17.0,0.0445,0.0275,0.0479,0.0457,2.0,2.0,2.0,2.0,0,0,0,0
2025-10-19 07:30:00,12.0,18.0,2.0,10.0,0.0466,0.0559,0.0009,0.039,2.0,2.0,2.0,2.0,0,0,0,0
2025-10-19 07:35:00,8.0,20.0,9.0,5.0,0.0418,0.0961,0.0214,0.0077,2.0,2.0,2.0,2.0,0,0,0,0
2025-10-19 07:40:00,9.0,14.0,7.0,9.0,0.0495,0.0653,0.021,0.0143,2.0,2.0,2.0,2.0,0,0,0,0
2025-10-19 07:45:00,6.0,13.0,6.0,14.0,0.0405,0.0388,0.03,0.0536,2.0,2.0,2.0,2.0,0,0,0,0
2025-10-19 07:50:00,14.0,15.0,8.0,10.0,0.0563,0.0509,0.1054,0.0618,2.0,2.0,2.0,2.0,0,0,0,0
2025-10-19 07:55:00,20.0,15.0,12.0,14.0,0.0656,0.0269,0.1054,0.0626,2.0,2.0,2.0,2.0,0,0,0,0
2025-10-19 08:00:00,49.0,53.0,1.0,15.0,0.1533,0.1172,0.0005,0.0274,0.0,0.0,2.0,2.0,0,0,0,0
2025-10-19 08:05:00,47.0,62.0,3.0,11.0,0.1781,0.113,0.0277,0.0922,0.0,0.0,2.0,2.0,0,0,0,0
2025-10-19 08:10:00,31.0,50.0,9.0,13.0,0.0601,0.1047,0.0753,0.1193,2.0,0.0,2.0,2.0,0,0,0,0
2025-10-19 08:20:00,27.0,52.0,4.0,11.0,0.1035,0.1342,0.017,0.0434,2.0,0.0,2.0,2.0,0,0,0,0
2025-10-19 08:25:00,8.0,46.0,7.0,19.0,0.0139,0.1118,0.0162,0.1007,2.0,0.0,2.0,2.0,0,0,0,0
2025-10-19 08:30:00,15.0,44.0,8.0,15.0,0.1002,0.1088,0.0472,0.0535,2.0,0.0,2.0,2.0,0,0,0,0
2025-10-19 08:40:00,18.0,60.0,5.0,10.0,0.053,0.1371,0.1733,0.0744,2.0,0.0,2.0,2.0,0,0,0,0
2025-10-19 08:45:00,32.0,50.0,13.0,14.0,0.0939,0.1028,0.0233,0.0648,2.0,0.0,2.0,2.0,0,0,0,0
2025-10-19 08:50:00,38.0,50.0,11.0,14.0,0.1263,0.1242,0.1672,0.0641,0.0,0.0,2.0,2.0,0,0,0,0
2025-10-19 08:55:00,59.0,44.0,7.0,13.0,0.1765,0.0862,0.041,0.0499,0.0,0.0,2.0,2.0,0,0,0,0
2025-10-19 09:05:00,60.0,51.0,9.0,18.0,0.2548,0.1094,0.0297,0.0613,0.0,0.0,2.0,2.0,0,0,0,0
2025-10-19 09:10:00,66.0,59.0,7.0,14.0,0.2072,0.1181,0.0265,0.0651,0.0,0.0,2.0,2.0,0,0,0,0
2025-10-19 09:20:00,48.0,58.0,1.0,17.0,0.2299,0.1286,0.0008,0.0723,0.0,0.0,2.0,2.0,0,0,0,0
2025-10-19 09:25:00,43.0,53.0,2.0,20.0,0.1836,0.1026,0.0012,0.1386,0.0,0.0,2.0,2.0,0,0,0,0
2025-10-19 09:30:00,56.0,49.0,6.0,19.0,0.2096,0.1085,0.0236,0.0995,0.0,0.0,2.0,2.0,0,0,0,0
2025-10-19 09:35:00,57.0,51.0,0.0,23.0,0.2169,0.1127,0.0,0.1062,0.0,0.0,2.0,2.0,0,0,0,0
2025-10-19 09:40:00,59.0,44.0,5.0,13.0,0.2166,0.0905,0.0136,0.0335,0.0,0.0,2.0,2.0,0,0,0,0
2025-10-19 09:45:00,48.0,42.0,6.0,9.0,0.1642,0.0864,0.0292,0.0502,0.0,0.0,2.0,2.0,0,0,0,0
2025-10-19 09:55:00,45.0,47.0,0.0,17.0,0.2475,0.1062,0.0,0.109,0.0,0.0,2.0,2.0,0,0,0,0
2025-10-19 10:00:00,27.0,48.0,4.0,13.0,0.114,0.1046,0.0231,0.0679,2.0,0.0,2.0,2.0,0,0,0,0
2025-10-19 10:10:00,52.0,52.0,3.0,14.0,0.2613,0.0932,0.0248,0.0268,0.0,0.0,2.0,2.0,0,0,0,0
2025-10-19 10:20:00,45.0,49.0,1.0,13.0,0.2338,0.1036,0.0004,0.0334,0.0,0.0,2.0,2.0,0,0,0,0
2025-10-19 10:25:00,56.0,57.0,1.0,18.0,0.2138,0.1017,0.0025,0.0928,0.0,0.0,2.0,2.0,0,0,0,0
2025-10-19 10:30:00,41.0,55.0,4.0,12.0,0.194,0.1131,0.0052,0.0273,0.0,0.0,2.0,2.0,0,0,0,0
2025-10-19 10:40:00,37.0,52.0,3.0,22.0,0.1647,0.111,0.0057,0.1052,0.0,0.0,2.0,2.0,0,0,0,0
2025-10-19 10:45:00,42.0,44.0,5.0,24.0,0.2328,0.1133,0.1023,0.0556,0.0,0.0,2.0,2.0,0,0,0,0
2025-10-19 10:50:00,61.0,49.0,2.0,18.0,0.2202,0.1106,0.0019,0.062,0.0,0.0,2.0,2.0,0,0,0,0
2025-10-19 10:55:00,53.0,51.0,1.0,21.0,0.1836,0.1056,0.0027,0.0559,0.0,0.0,2.0,2.0,0,0,0,0
2025-10-19 11:05:00,60.0,48.0,6.0,31.0,0.2246,0.103,0.0043,0.1591,0.0,0.0,2.0,0.0,0,0,0,0
2025-10-19 11:15:00,44.0,57.0,5.0,11.0,0.1421,0.1022,0.0062,0.0313,0.0,0.0,2.0,2.0,0,0,0,0
2025-10-19 11:25:00,48.0,48.0,2.0,17.0,0.1619,0.0924,0.0223,0.0825,0.0,0.0,2.0,2.0,0,0,0,0
2025-10-19 11:30:00,53.0,46.0,4.0,20.0,0.2878,0.1006,0.0123,0.0678,0.0,0.0,2.0,2.0,0,0,0,0
2025-10-19 11:55:00,39.0,51.0,3.0,15.0,0.3213,0.1007,0.015,0.0707,0.0,0.0,2.0,2.0,0,0,0,0
2025-10-19 12:00:00,29.0,47.0,5.0,23.0,0.1228,0.1176,0.1115,0.0489,0.0,0.0,2.0,2.0,0,0,0,0
2025-10-19 12:10:00,36.0,39.0,3.0,16.0,0.1575,0.0943,0.0053,0.0606,0.0,0.0,2.0,2.0,0,0,0,0
2025-10-19 12:20:00,34.0,13.0,1.0,28.0,0.241,0.0225,0.0067,0.0623,0.0,2.0,2.0,2.0,0,0,0,0
2025-10-19 12:25:00,43.0,38.0,2.0,12.0,0.2119,0.0832,0.0051,0.0535,0.0,0.0,2.0,2.0,0,0,0,0
2025-10-19 12:30:00,23.0,47.0,5.0,14.0,0.0858,0.0971,0.0393,0.0599,2.0,0.0,2.0,2.0,0,0,0,0
2025-10-19 12:35:00,27.0,52.0,1.0,28.0,0.1393,0.1148,0.0067,0.1087,0.0,0.0,2.0,2.0,0,0,0,0
2025-10-19 12:40:00,54.0,49.0,1.0,30.0,0.1787,0.1106,0.0014,0.0906,0.0,0.0,2.0,2.0,0,0,0,0
2025-10-19 12:45:00,55.0,49.0,5.0,24.0,0.2235,0.1241,0.005,0.0623,0.0,0.0,2.0,2.0,0,0,0,0
2025-10-19 12:50:00,57.0,48.0,5.0,27.0,0.1691,0.0968,0.0538,0.0784,0.0,0.0,2.0,2.0,0,0,0,0
2025-10-19 12:55:00,57.0,37.0,2.0,16.0,0.2128,0.1095,0.005,0.0718,0.0,0.0,2.0,2.0,0,0,0,0
2025-10-19 13:00:00,40.0,42.0,2.0,11.0,0.1651,0.0827,0.0026,0.0199,0.0,0.0,2.0,2.0,0,0,0,0
2025-10-19 13:05:00,57.0,37.0,1.0,23.0,0.2004,0.0938,0.0008,0.0697,0.0,0.0,2.0,2.0,0,0,0,0
2025-10-19 13:10:00,59.0,30.0,3.0,14.0,0.2086,0.0779,0.0024,0.0652,0.0,2.0,2.0,2.0,0,0,0,0
2025-10-19 13:15:00,50.0,44.0,4.0,22.0,0.2291,0.0926,0.0166,0.157,0.0,0.0,2.0,0.0,0,0,0,0
2025-10-19 13:20:00,52.0,38.0,0.0,23.0,0.1761,0.0768,0.0,0.052,0.0,0.0,2.0,2.0,0,0,0,0
2025-10-19 13:25:00,51.0,36.0,5.0,27.0,0.1499,0.0854,0.0132,0.1142,0.0,0.0,2.0,0.0,0,0,0,0
2025-10-19 13:30:00,55.0,33.0,4.0,29.0,0.1624,0.0708,0.0072,0.0919,0.0,2.0,2.0,2.0,0,0,0,0
2025-10-19 13:35:00,59.0,35.0,6.0,18.0,0.2224,0.0782,0.0808,0.0364,0.0,0.0,2.0,2.0,0,0,0,0
2025-10-19 13:40:00,50.0,40.0,0.0,17.0,0.1577,0.0828,0.0,0.0769,0.0,0.0,2.0,2.0,0,0,0,0
2025-10-19 13:45:00,49.0,44.0,3.0,19.0,0.2021,0.1047,0.0028,0.0804,0.0,0.0,2.0,2.0,0,0,0,0
2025-10-19 13:50:00,39.0,40.0,2.0,20.0,0.1374,0.0933,0.0025,0.105,0.0,0.0,2.0,2.0,0,0,0,0
2025-10-19 13:55:00,46.0,36.0,4.0,20.0,0.1337,0.0981,0.0519,0.0606,0.0,0.0,2.0,2.0,0,0,0,0
2025-10-19 14:00:00,59.0,35.0,2.0,20.0,0.1753,0.0926,0.0014,0.0982,0.0,0.0,2.0,2.0,0,0,0,0
2025-10-19 14:05:00,57.0,30.0,3.0,20.0,0.173,0.0749,0.0016,0.1099,0.0,2.0,2.0,2.0,0,0,0,0
2025-10-19 14:10:00,54.0,29.0,2.0,26.0,0.1614,0.0555,0.0014,0.1668,0.0,2.0,2.0,0.0,0,0,0,0
2025-10-19 14:15:00,59.0,36.0,4.0,21.0,0.1921,0.0842,0.026,0.0568,0.0,0.0,2.0,2.0,0,0,0,0
2025-10-19 14:20:00,63.0,18.0,7.0,16.0,0.1593,0.0268,0.0045,0.1172,0.0,2.0,2.0,2.0,0,0,0,0
2025-10-19 14:25:00,32.0,27.0,1.0,22.0,0.0812,0.0591,0.0032,0.095,0.0,2.0,2.0,2.0,0,0,0,0
2025-10-19 14:30:00,21.0,21.0,7.0,16.0,0.1325,0.0399,0.0084,0.0436,2.0,2.0,2.0,2.0,0,0,0,0
2025-10-19 14:35:00,13.0,27.0,2.0,18.0,0.0533,0.0756,0.0019,0.0682,2.0,2.0,2.0,2.0,0,0,0,0
2025-10-19 14:40:00,9.0,31.0,1.0,29.0,0.0369,0.067,0.0016,0.135,2.0,2.0,2.0,0.0,0,0,0,0
2025-10-19 14:45:00,15.0,33.0,3.0,16.0,0.0621,0.0732,0.007,0.0459,2.0,0.0,2.0,2.0,0,0,0,0
2025-10-19 14:50:00,51.0,29.0,11.0,21.0,0.1809,0.088,0.0545,0.0649,0.0,0.0,2.0,2.0,0,0,0,0
2025-10-19 14:55:00,48.0,19.0,5.0,27.0,0.2765,0.0347,0.0191,0.109,0.0,2.0,2.0,0.0,0,0,0,0
2025-10-19 15:00:00,12.0,29.0,3.0,20.0,0.0396,0.0842,0.0139,0.0573,2.0,2.0,2.0,2.0,0,0,0,0
2025-10-19 15:05:00,26.0,44.0,3.0,24.0,0.0886,0.0943,0.1363,0.1123,2.0,0.0,2.0,0.0,0,0,0,0
2025-10-19 15:10:00,49.0,37.0,4.0,30.0,0.136,0.0861,0.038,0.0689,0.0,0.0,2.0,2.0,0,0,0,0
2025-10-19 15:15:00,52.0,49.0,6.0,16.0,0.1307,0.1066,0.0208,0.0473,0.0,0.0,2.0,2.0,0,0,0,0
2025-10-19 15:20:00,45.0,39.0,5.0,25.0,0.1365,0.0907,0.0282,0.0805,0.0,0.0,2.0,2.0,0,0,0,0
2025-10-19 15:25:00,41.0,39.0,7.0,10.0,0.1197,0.0844,0.0319,0.0296,0.0,0.0,2.0,2.0,0,0,0,0
2025-10-19 15:30:00,42.0,48.0,4.0,22.0,0.1193,0.1062,0.0475,0.0556,0.0,0.0,2.0,2.0,0,0,0,0
2025-10-19 15:35:00,40.0,46.0,8.0,8.0,0.1133,0.0902,0.018,0.0099,0.0,0.0,2.0,2.0,0,0,0,0
2025-10-19 15:40:00,35.0,39.0,5.0,25.0,0.0993,0.1021,0.0365,0.089,0.0,0.0,2.0,2.0,0,0,0,0
2025-10-19 15:45:00,50.0,38.0,4.0,19.0,0.1542,0.0765,0.0055,0.0659,0.0,0.0,2.0,2.0,0,0,0,0
2025-10-19 15:50:00,37.0,35.0,12.0,16.0,0.0782,0.098,0.1672,0.0323,0.0,0.0,2.0,2.0,0,0,0,0
2025-10-19 15:55:00,16.0,41.0,0.0,16.0,0.0385,0.0911,0.0,0.04,2.0,0.0,2.0,2.0,0,0,0,0
2025-10-19 16:00:00,10.0,44.0,3.0,13.0,0.0261,0.1017,0.0228,0.0492,2.0,0.0,2.0,2.0,0,0,0,0
2025-10-19 16:05:00,9.0,48.0,6.0,24.0,0.0374,0.1064,0.0102,0.1095,2.0,0.0,2.0,0.0,0,0,0,0
2025-10-19 16:10:00,8.0,40.0,2.0,16.0,0.026,0.1019,0.0041,0.0815,2.0,0.0,2.0,2.0,0,0,0,0
2025-10-19 16:15:00,8.0,47.0,4.0,15.0,0.028,0.1106,0.0082,0.0642,2.0,0.0,2.0,2.0,0,0,0,0
2025-10-19 16:20:00,3.0,47.0,4.0,21.0,0.0114,0.1099,0.0163,0.1046,2.0,0.0,2.0,2.0,0,0,0,0
2025-10-19 16:25:00,12.0,41.0,8.0,23.0,0.0421,0.0929,0.0201,0.0717,2.0,0.0,2.0,2.0,0,0,0,0
2025-10-19 16:30:00,9.0,38.0,1.0,23.0,0.0439,0.0946,0.0007,0.0752,2.0,0.0,2.0,2.0,0,0,0,0
2025-10-19 16:35:00,15.0,43.0,7.0,20.0,0.0948,0.0976,0.136,0.086,2.0,0.0,2.0,2.0,0,0,0,0
2025-10-19 16:40:00,11.0,55.0,8.0,23.0,0.0461,0.1268,0.025,0.0607,2.0,0.0,2.0,2.0,0,0,0,0
2025-10-19 16:45:00,16.0,47.0,4.0,18.0,0.05,0.1184,0.0052,0.0585,2.0,0.0,2.0,2.0,0,0,0,0
2025-10-19 16:50:00,25.0,39.0,8.0,15.0,0.0744,0.1022,0.0085,0.0658,2.0,0.0,2.0,2.0,0,0,0,0
2025-10-19 16:55:00,30.0,19.0,8.0,17.0,0.0755,0.036,0.0167,0.0538,0.0,2.0,2.0,2.0,0,0,0,0
2025-10-19 17:00:00,44.0,18.0,6.0,22.0,0.1348,0.037,0.0067,0.0733,0.0,2.0,2.0,2.0,0,0,0,0
2025-10-19 17:05:00,40.0,22.0,2.0,19.0,0.1389,0.0598,0.1099,0.0619,0.0,3.0,3.0,3.0,0,0,0,0
2025-10-19 17:10:00,51.0,14.0,6.0,26.0,0.1852,0.023,0.0363,0.1474,0.0,3.0,3.0,0.0,0,0,0,0
2025-10-19 17:15:00,46.0,12.0,6.0,17.0,0.1813,0.014,0.0118,0.0438,0.0,3.0,3.0,3.0,0,0,0,0
2025-10-19 17:20:00,50.0,9.0,4.0,21.0,0.1586,0.0486,0.0127,0.0813,0.0,3.0,3.0,3.0,0,0,0,0
2025-10-19 17:30:00,47.0,12.0,6.0,22.0,0.1531,0.0388,0.0139,0.0533,0.0,3.0,3.0,3.0,0,0,0,0
2025-10-19 17:40:00,52.0,15.0,2.0,15.0,0.1534,0.082,0.0162,0.0951,0.0,3.0,3.0,3.0,0,0,0,0
2025-10-19 17:45:00,44.0,19.0,5.0,6.0,0.1369,0.0522,0.0052,0.0083,0.0,3.0,3.0,3.0,0,0,0,0
2025-10-19 17:50:00,52.0,6.0,6.0,18.0,0.1582,0.0102,0.0402,0.0599,0.0,3.0,3.0,3.0,0,0,0,0
2025-10-19 17:55:00,33.0,11.0,5.0,18.0,0.0975,0.0399,0.0051,0.042,0.0,3.0,3.0,3.0,0,0,0,0
2025-10-19 18:00:00,53.0,16.0,0.0,17.0,0.1908,0.0355,0.0,0.0828,0.0,3.0,3.0,3.0,0,0,0,0
2025-10-19 18:05:00,52.0,6.0,1.0,27.0,0.1582,0.0088,0.0205,0.0787,0.0,3.0,3.0,3.0,0,0,0,0
2025-10-19 18:10:00,45.0,9.0,2.0,23.0,0.1288,0.0262,0.0042,0.0886,0.0,3.0,3.0,3.0,0,0,0,0
2025-10-19 18:15:00,52.0,19.0,4.0,22.0,0.124,0.0324,0.0154,0.0705,0.0,3.0,3.0,3.0,0,0,0,0
2025-10-19 18:25:00,19.0,7.0,14.0,21.0,0.0413,0.015,0.0567,0.0318,3.0,3.0,3.0,3.0,0,0,0,0
2025-10-19 18:30:00,14.0,20.0,2.0,27.0,0.0493,0.0369,0.0029,0.0767,3.0,3.0,3.0,3.0,0,0,0,0
2025-10-19 18:35:00,13.0,19.0,3.0,22.0,0.0526,0.0512,0.0014,0.0579,3.0,3.0,3.0,3.0,0,0,0,0
2025-10-19 18:40:00,16.0,18.0,4.0,26.0,0.0643,0.0504,0.0018,0.0943,3.0,3.0,3.0,3.0,0,0,0,0
2025-10-19 18:45:00,20.0,22.0,5.0,23.0,0.0567,0.0602,0.0108,0.0622,3.0,3.0,3.0,3.0,0,0,0,0
2025-10-19 18:50:00,18.0,18.0,6.0,13.0,0.0895,0.069,0.0623,0.0355,3.0,3.0,3.0,3.0,0,0,0,0
2025-10-19 18:55:00,15.0,18.0,2.0,20.0,0.0825,0.0563,0.0016,0.0772,3.0,3.0,3.0,3.0,0,0,0,0
2025-10-19 19:00:00,14.0,13.0,7.0,22.0,0.0584,0.0346,0.0213,0.0744,3.0,3.0,3.0,3.0,0,0,0,0
2025-10-19 19:05:00,14.0,16.0,1.0,17.0,0.0546,0.0353,0.001,0.049,3.0,3.0,3.0,3.0,0,0,0,0
2025-10-19 19:10:00,12.0,19.0,4.0,7.0,0.0395,0.0768,0.0257,0.0525,3.0,3.0,3.0,3.0,0,0,0,0
2025-10-19 19:15:00,17.0,23.0,7.0,9.0,0.0507,0.0689,0.0234,0.0678,3.0,3.0,3.0,3.0,0,0,0,0
2025-10-19 19:20:00,7.0,15.0,5.0,2.0,0.0271,0.0352,0.0057,0.0087,3.0,3.0,3.0,3.0,0,0,0,0
2025-10-19 19:25:00,13.0,2.0,9.0,6.0,0.0904,0.005,0.1061,0.049,3.0,3.0,3.0,3.0,0,0,0,0
2025-10-19 19:30:00,5.0,12.0,7.0,4.0,0.0191,0.0276,0.0294,0.0573,3.0,3.0,3.0,3.0,0,0,0,0
2025-10-19 19:35:00,8.0,13.0,4.0,0.0,0.0604,0.0322,0.0056,0.0,3.0,3.0,3.0,3.0,0,0,0,0
2025-10-19 19:40:00,7.0,19.0,5.0,3.0,0.0205,0.0501,0.0312,0.0217,3.0,3.0,3.0,3.0,0,0,0,0
2025-10-19 19:45:00,15.0,24.0,9.0,2.0,0.0853,0.0615,0.023,0.016,3.0,3.0,3.0,3.0,0,0,0,0
2025-10-19 19:50:00,12.0,8.0,2.0,7.0,0.0288,0.0264,0.0029,0.0597,3.0,3.0,3.0,3.0,0,0,0,0
2025-10-19 19:55:00,13.0,17.0,3.0,4.0,0.059,0.046,0.011,0.0175,3.0,3.0,3.0,3.0,0,0,0,0
2025-10-19 20:00:00,11.0,17.0,5.0,10.0,0.0402,0.0359,0.0693,0.0791,3.0,3.0,3.0,3.0,0,0,0,0
2025-10-19 20:05:00,6.0,40.0,1.0,5.0,0.0223,0.0989,0.0031,0.0118,3.0,0.0,3.0,3.0,0,0,0,0
2025-10-19 20:10:00,15.0,10.0,3.0,2.0,0.0446,0.0284,0.0179,0.0111,3.0,3.0,3.0,3.0,0,0,0,0
2025-10-19 20:15:00,8.0,10.0,3.0,6.0,0.0284,0.0284,0.0024,0.0776,3.0,3.0,3.0,3.0,0,0,0,0
2025-10-19 20:20:00,10.0,21.0,10.0,3.0,0.0418,0.0331,0.0667,0.0222,3.0,3.0,3.0,3.0,0,0,0,0
2025-10-19 20:25:00,3.0,11.0,5.0,7.0,0.0103,0.0152,0.0344,0.032,3.0,3.0,3.0,3.0,0,0,0,0
2025-10-19 20:30:00,11.0,28.0,3.0,,0.0445,0.1302,0.0124,,3.0,3.0,3.0,,0,0,0,1
2025-10-19 20:35:00,6.0,25.0,3.0,9.0,0.0165,0.0535,0.0036,0.0536,3.0,3.0,3.0,3.0,0,0,0,0
2025-10-19 20:40:00,9.0,25.0,1.0,2.0,0.0397,0.0331,0.0012,0.0225,3.0,3.0,3.0,3.0,0,0,0,0
2025-10-19 20:45:00,10.0,21.0,4.0,3.0,0.0484,0.0531,0.0331,0.0326,3.0,3.0,3.0,3.0,0,0,0,0
2025-10-19 20:50:00,10.0,29.0,7.0,3.0,0.0399,0.0611,0.0223,0.0204,3.0,3.0,3.0,3.0,0,0,0,0
2025-10-19 20:55:00,15.0,24.0,2.0,7.0,0.102,0.0556,0.0064,0.0628,3.0,3.0,3.0,3.0,0,0,0,0
2025-10-19 21:00:00,18.0,26.0,6.0,4.0,0.047,0.0643,0.0204,0.0201,3.0,3.0,3.0,3.0,0,0,0,0
2025-10-19 21:05:00,11.0,10.0,2.0,4.0,0.0329,0.0289,0.0118,0.0289,3.0,3.0,3.0,3.0,0,0,0,0
2025-10-19 21:10:00,9.0,23.0,2.0,8.0,0.0298,0.077,0.012,0.1048,3.0,3.0,3.0,3.0,0,0,0,0
2025-10-19 21:15:00,11.0,16.0,4.0,3.0,0.0612,0.0354,0.0311,0.0332,3.0,3.0,3.0,3.0,0,0,0,0
2025-10-19 21:20:00,15.0,17.0,6.0,1.0,0.0867,0.0605,0.0767,0.0097,3.0,3.0,3.0,3.0,0,0,0,0
2025-10-19 21:25:00,10.0,21.0,4.0,4.0,0.0389,0.0493,0.0087,0.0482,3.0,3.0,3.0,3.0,0,0,0,0
2025-10-19 21:30:00,11.0,28.0,7.0,13.0,0.0498,0.082,0.0169,0.0717,3.0,3.0,3.0,3.0,0,0,0,0
2025-10-19 21:35:00,13.0,21.0,3.0,7.0,0.0377,0.0748,0.002,0.0272,3.0,3.0,3.0,3.0,0,0,0,0
2025-10-19 21:40:00,12.0,12.0,4.0,3.0,0.0453,0.0263,0.0054,0.0139,3.0,3.0,3.0,3.0,0,0,0,0
2025-10-19 21:45:00,12.0,15.0,8.0,8.0,0.1034,0.0229,0.1264,0.0958,3.0,3.0,3.0,3.0,0,0,0,0
2025-10-19 21:50:00,10.0,20.0,5.0,4.0,0.0269,0.0491,0.0223,0.0184,3.0,3.0,3.0,3.0,0,0,0,0
2025-10-19 21:55:00,4.0,32.0,6.0,3.0,0.0212,0.0835,0.0347,0.0276,3.0,3.0,3.0,3.0,0,0,0,0
2025-10-19 22:00:00,6.0,36.0,5.0,4.0,0.0145,0.107,0.0128,0.0394,3.0,3.0,3.0,3.0,0,0,0,0
2025-10-19 22:05:00,11.0,49.0,3.0,9.0,0.0385,0.1224,0.0074,0.0712,3.0,0.0,3.0,3.0,0,0,0,0
2025-10-19 22:10:00,15.0,35.0,3.0,10.0,0.0616,0.078,0.0701,0.0388,3.0,3.0,3.0,3.0,0,0,0,0
2025-10-19 22:15:00,0.0,37.0,4.0,1.0,0.0,0.0848,0.0188,0.0021,3.0,3.0,3.0,3.0,0,0,0,0
2025-10-19 22:20:00,13.0,33.0,7.0,6.0,0.0454,0.0786,0.0365,0.0315,3.0,3.0,3.0,3.0,0,0,0,0
2025-10-19 22:25:00,12.0,29.0,4.0,3.0,0.0416,0.0799,0.0271,0.0259,3.0,3.0,3.0,3.0,0,0,0,0
2025-10-19 22:30:00,15.0,35.0,1.0,1.0,0.1023,0.1022,0.0019,0.0057,3.0,3.0,3.0,3.0,0,0,0,0
2025-10-19 22:35:00,7.0,27.0,9.0,4.0,0.0183,0.0547,0.018,0.024,3.0,3.0,3.0,3.0,0,0,0,0
2025-10-19 22:40:00,12.0,30.0,5.0,7.0,0.0364,0.0769,0.0057,0.0622,3.0,3.0,3.0,3.0,0,0,0,0
2025-10-19 22:45:00,16.0,31.0,4.0,5.0,0.0815,0.0638,0.0241,0.0435,3.0,3.0,3.0,3.0,0,0,0,0
2025-10-19 22:50:00,13.0,38.0,3.0,1.0,0.0504,0.0823,0.0035,0.0181,3.0,3.0,3.0,3.0,0,0,0,0
2025-10-19 22:55:00,12.0,34.0,7.0,7.0,0.0442,0.0848,0.0447,0.0421,3.0,3.0,3.0,3.0,0,0,0,0
2025-10-19 23:00:00,10.0,39.0,12.0,2.0,0.0584,0.0937,0.1123,0.0095,3.0,3.0,3.0,3.0,0,0,0,0
2025-10-19 23:05:00,13.0,28.0,5.0,10.0,0.0816,0.1083,0.0363,0.0433,3.0,3.0,3.0,3.0,0,0,0,0
2025-10-19 23:10:00,6.0,33.0,3.0,1.0,0.0225,0.0724,0.0049,0.0063,3.0,3.0,3.0,3.0,0,0,0,0
2025-10-19 23:15:00,5.0,42.0,0.0,4.0,0.013,0.1039,0.0,0.0298,3.0,0.0,3.0,3.0,0,0,0,0
2025-10-19 23:20:00,10.0,35.0,1.0,2.0,0.035,0.0865,0.005,0.0198,3.0,3.0,3.0,3.0,0,0,0,0
2025-10-19 23:25:00,8.0,35.0,3.0,0.0,0.0372,0.086,0.0619,0.0,3.0,3.0,3.0,3.0,0,0,0,0
2025-10-19 23:30:00,10.0,42.0,8.0,3.0,0.0556,0.0985,0.0825,0.0263,3.0,0.0,3.0,3.0,0,0,0,0
2025-10-19 23:35:00,16.0,33.0,4.0,3.0,0.0929,0.0891,0.0103,0.0498,3.0,3.0,3.0,3.0,0,0,0,0
2025-10-19 23:40:00,8.0,37.0,5.0,4.0,0.0383,0.0988,0.0654,0.0238,3.0,3.0,3.0,3.0,0,0,0,0
2025-10-19 23:45:00,11.0,33.0,1.0,5.0,0.0544,0.0825,0.0004,0.0333,3.0,3.0,3.0,3.0,0,0,0,0
2025-10-19 23:50:00,29.0,31.0,2.0,2.0,0.1177,0.0826,0.0062,0.0637,3.0,3.0,3.0,3.0,0,0,0,0
2025-10-19 23:55:00,48.0,35.0,1.0,2.0,0.2539,0.0772,0.0003,0.01,0.0,3.0,3.0,3.0,0,0,0,0
2025-10-20 04:55:00,3.0,5.0,0.0,0.0,0.0097,0.0395,0.0,0.0,2.0,2.0,2.0,2.0,0,0,0,0
2025-10-20 05:00:00,3.0,13.0,0.0,2.0,0.0601,0.0442,0.0,0.0093,2.0,2.0,2.0,2.0,0,0,0,0
2025-10-20 05:05:00,6.0,5.0,2.0,1.0,0.0332,0.0118,0.0015,0.0136,2.0,2.0,2.0,2.0,0,0,0,0
2025-10-20 05:10:00,3.0,8.0,1.0,2.0,0.0101,0.0277,0.0184,0.0116,2.0,2.0,2.0,2.0,0,0,0,0
2025-10-20 05:15:00,8.0,6.0,2.0,0.0,0.0384,0.009,0.0038,0.0,2.0,2.0,2.0,2.0,0,0,0,0
2025-10-20 05:20:00,12.0,9.0,2.0,1.0,0.0719,0.0313,0.0016,0.0233,2.0,2.0,2.0,2.0,0,0,0,0
2025-10-20 05:25:00,13.0,11.0,2.0,0.0,0.0384,0.0379,0.0029,0.0,2.0,2.0,2.0,2.0,0,0,0,0
2025-10-20 05:30:00,13.0,12.0,1.0,1.0,0.0338,0.0493,0.0007,0.0115,2.0,2.0,2.0,2.0,0,0,0,0
2025-10-20 05:35:00,9.0,5.0,3.0,4.0,0.0418,0.0125,0.0255,0.0809,2.0,2.0,2.0,2.0,0,0,0,0
2025-10-20 05:40:00,17.0,10.0,0.0,0.0,0.0622,0.0215,0.0,0.0,2.0,2.0,2.0,2.0,0,0,0,0
2025-10-20 05:45:00,15.0,8.0,1.0,2.0,0.0439,0.0187,0.0241,0.0316,2.0,2.0,2.0,2.0,0,0,0,0
2025-10-20 05:50:00,20.0,2.0,0.0,0.0,0.0672,0.0026,0.0,0.0,2.0,2.0,2.0,2.0,0,0,0,0
2025-10-20 05:55:00,17.0,9.0,2.0,4.0,0.0729,0.0229,0.0065,0.0587,2.0,2.0,2.0,2.0,0,0,0,0
2025-10-20 06:00:00,18.0,10.0,0.0,0.0,0.0819,0.0177,0.0,0.0,2.0,2.0,2.0,2.0,0,0,0,0
2025-10-20 06:05:00,14.0,10.0,0.0,0.0,0.0704,0.0317,0.0,0.0,2.0,2.0,2.0,2.0,0,0,0,0
2025-10-20 06:10:00,8.0,14.0,0.0,0.0,0.0433,0.0763,0.0,0.0,2.0,2.0,2.0,2.0,0,0,0,0
2025-10-20 06:15:00,15.0,12.0,3.0,4.0,0.0502,0.0492,0.0736,0.0155,2.0,2.0,2.0,2.0,0,0,0,0
2025-10-20 06:20:00,27.0,16.0,1.0,0.0,0.1577,0.0531,0.0059,0.0,0.0,2.0,2.0,2.0,0,0,0,0
2025-10-20 06:25:00,34.0,6.0,3.0,4.0,0.1489,0.0286,0.0042,0.0388,0.0,2.0,2.0,2.0,0,0,0,0
2025-10-20 06:30:00,40.0,18.0,4.0,6.0,0.1939,0.0658,0.0058,0.0632,0.0,2.0,2.0,2.0,0,0,0,0
2025-10-20 06:35:00,38.0,10.0,1.0,19.0,0.2604,0.0155,0.0007,0.0864,0.0,2.0,2.0,2.0,0,0,0,0
2025-10-20 06:40:00,52.0,24.0,4.0,23.0,0.4604,0.058,0.0022,0.2046,0.0,2.0,2.0,0.0,0,0,0,0
2025-10-20 06:45:00,,19.0,2.0,27.0,,0.0308,0.002,0.1577,,2.0,2.0,0.0,1,0,0,0
2025-10-20 06:50:00,47.0,23.0,6.0,31.0,0.36,0.0557,0.0202,0.193,0.0,2.0,2.0,0.0,0,0,0,0
2025-10-20 06:55:00,44.0,13.0,3.0,29.0,0.3137,0.0236,0.0008,0.2313,0.0,2.0,2.0,0.0,0,0,0,0
2025-10-20 07:00:00,43.0,25.0,4.0,25.0,0.2166,0.0535,0.0231,0.1871,0.0,2.0,2.0,0.0,0,0,0,0
2025-10-20 07:05:00,54.0,22.0,4.0,28.0,0.2038,0.0478,0.0017,0.2635,0.0,2.0,2.0,0.0,0,0,0,0
2025-10-20 07:10:00,53.0,18.0,4.0,21.0,0.2508,0.0616,0.0137,0.2225,0.0,2.0,2.0,0.0,0,0,0,0
2025-10-20 07:15:00,51.0,25.0,5.0,30.0,0.2158,0.0518,0.0075,0.2399,0.0,2.0,2.0,0.0,0,0,0,0
2025-10-20 07:20:00,45.0,18.0,5.0,36.0,0.3245,0.0289,0.0096,0.3775,0.0,2.0,2.0,0.0,0,0,0,0
2025-10-20 07:25:00,52.0,19.0,7.0,34.0,0.3397,0.0483,0.2029,0.2476,0.0,2.0,1.0,0.0,0,0,0,0
2025-10-20 07:30:00,42.0,41.0,5.0,41.0,0.3619,0.1072,0.0054,0.2571,0.0,0.0,2.0,0.0,0,0,0,0
2025-10-20 07:35:00,34.0,30.0,8.0,34.0,0.2845,0.1321,0.0274,0.2729,0.0,0.0,2.0,0.0,0,0,0,0
2025-10-20 07:40:00,21.0,48.0,4.0,30.0,0.2404,0.1322,0.026,0.1733,0.0,0.0,2.0,0.0,0,0,0,0
2025-10-20 07:45:00,24.0,36.0,3.0,37.0,0.275,0.1516,0.0075,0.1863,0.0,0.0,2.0,0.0,0,0,0,0
2025-10-20 07:50:00,28.0,27.0,5.0,35.0,0.3178,0.0743,0.0605,0.1389,0.0,1.0,2.0,0.0,0,0,0,0
2025-10-20 07:55:00,23.0,36.0,4.0,27.0,0.2214,0.1186,0.0748,0.1168,0.0,0.0,2.0,1.0,0,0,0,0
2025-10-20 08:00:00,10.0,2.0,4.0,6.0,0.0672,0.0029,0.0065,0.0242,2.0,2.0,2.0,2.0,0,0,0,0
2025-10-20 08:05:00,12.0,6.0,2.0,14.0,0.0413,0.0283,0.0024,0.0244,2.0,2.0,2.0,2.0,0,0,0,0
2025-10-20 08:10:00,12.0,4.0,4.0,8.0,0.0412,0.011,0.0671,0.0316,2.0,2.0,2.0,2.0,0,0,0,0
2025-10-20 08:15:00,17.0,13.0,7.0,13.0,0.0477,0.0443,0.0213,0.0328,2.0,2.0,2.0,2.0,0,0,0,0
2025-10-20 08:20:00,13.0,5.0,3.0,10.0,0.0772,0.0124,0.0333,0.0283,2.0,2.0,2.0,2.0,0,0,0,0
2025-10-20 08:25:00,5.0,14.0,5.0,9.0,0.0169,0.0283,0.0089,0.0275,2.0,2.0,2.0,2.0,0,0,0,0
2025-10-20 08:30:00,17.0,15.0,4.0,13.0,0.0972,0.0272,0.0048,0.0475,2.0,2.0,2.0,2.0,0,0,0,0
2025-10-20 08:35:00,15.0,17.0,6.0,10.0,0.063,0.0259,0.0132,0.0389,2.0,2.0,2.0,2.0,0,0,0,0
2025-10-20 08:40:00,10.0,22.0,6.0,12.0,0.0635,0.0421,0.0121,0.0376,2.0,2.0,2.0,2.0,0,0,0,0
2025-10-20 08:45:00,14.0,12.0,6.0,11.0,0.0696,0.0279,0.0152,0.0345,2.0,2.0,2.0,2.0,0,0,0,0
2025-10-20 08:50:00,16.0,5.0,5.0,12.0,0.0911,0.0089,0.0176,0.0503,2.0,2.0,2.0,2.0,0,0,0,0
2025-10-20 08:55:00,25.0,11.0,5.0,10.0,0.1237,0.0274,0.0107,0.0224,1.0,2.0,2.0,2.0,0,0,0,0
2025-10-20 09:00:00,37.0,25.0,5.0,13.0,0.1156,0.0473,0.0117,0.033,0.0,2.0,2.0,2.0,0,0,0,0
2025-10-20 09:05:00,16.0,18.0,2.0,15.0,0.053,0.0687,0.003,0.0542,2.0,2.0,2.0,2.0,0,0,0,0
2025-10-20 09:10:00,17.0,19.0,7.0,14.0,0.0589,0.0501,0.0566,0.0529,2.0,2.0,2.0,2.0,0,0,0,0
2025-10-20 09:15:00,22.0,16.0,5.0,16.0,0.0975,0.0416,0.0443,0.0397,2.0,2.0,2.0,2.0,0,0,0,0
2025-10-20 09:20:00,15.0,12.0,1.0,12.0,0.0931,0.0361,0.0001,0.0252,2.0,2.0,2.0,2.0,0,0,0,0
2025-10-20 09:25:00,18.0,13.0,3.0,21.0,0.0603,0.0468,0.0145,0.0336,2.0,2.0,2.0,2.0,0,0,0,0
2025-10-20 09:30:00,20.0,11.0,13.0,19.0,0.1086,0.0456,0.0147,0.0924,1.0,2.0,2.0,2.0,0,0,0,0
2025-10-20 09:35:00,51.0,13.0,3.0,17.0,0.2004,0.0334,0.0167,0.051,0.0,2.0,2.0,2.0,0,0,0,0
2025-10-20 09:40:00,53.0,7.0,3.0,13.0,0.3212,0.0158,0.0575,0.056,0.0,2.0,2.0,2.0,0,0,0,0
2025-10-20 09:45:00,52.0,10.0,3.0,7.0,0.1785,0.0226,0.0075,0.0386,0.0,2.0,2.0,2.0,0,0,0,0
2025-10-20 09:50:00,56.0,13.0,6.0,8.0,0.2152,0.0331,0.0097,0.0099,0.0,2.0,2.0,2.0,0,0,0,0
2025-10-20 09:55:00,61.0,8.0,1.0,18.0,0.2702,0.039,0.0009,0.0759,0.0,2.0,2.0,2.0,0,0,0,0
2025-10-20 10:00:00,50.0,29.0,5.0,5.0,0.2094,0.0821,0.0452,0.0741,0.0,1.0,2.0,2.0,0,0,0,0
2025-10-20 10:05:00,62.0,24.0,3.0,12.0,0.2536,0.0563,0.0029,0.0532,0.0,2.0,2.0,2.0,0,0,0,0
2025-10-20 10:10:00,53.0,28.0,8.0,10.0,0.2838,0.0601,0.069,0.0443,0.0,2.0,2.0,2.0,0,0,0,0
2025-10-20 10:15:00,44.0,19.0,2.0,24.0,0.1441,0.0396,0.0105,0.1049,0.0,2.0,2.0,1.0,0,0,0,0
2025-10-20 10:20:00,13.0,12.0,4.0,20.0,0.0674,0.0473,0.0037,0.1285,2.0,2.0,2.0,1.0,0,0,0,0
2025-10-20 10:25:00,16.0,28.0,5.0,16.0,0.0755,0.0464,0.0565,0.0635,2.0,2.0,2.0,2.0,0,0,0,0
2025-10-20 10:30:00,17.0,12.0,8.0,18.0,0.0829,0.024,0.0381,0.06,2.0,2.0,2.0,2.0,0,0,0,0
2025-10-20 10:35:00,11.0,11.0,3.0,15.0,0.0325,0.0171,0.0289,0.0369,2.0,2.0,2.0,2.0,0,0,0,0
2025-10-20 10:40:00,18.0,18.0,3.0,12.0,0.0577,0.0285,0.0022,0.035,2.0,2.0,2.0,2.0,0,0,0,0
2025-10-20 10:45:00,15.0,16.0,5.0,12.0,0.0637,0.0353,0.0607,0.039,2.0,2.0,2.0,2.0,0,0,0,0
2025-10-20 10:50:00,10.0,18.0,6.0,17.0,0.033,0.0263,0.0155,0.1159,2.0,2.0,2.0,2.0,0,0,0,0
2025-10-20 10:55:00,11.0,10.0,2.0,7.0,0.0541,0.0344,0.0031,0.0265,2.0,2.0,2.0,2.0,0,0,0,0
2025-10-20 11:00:00,9.0,16.0,4.0,15.0,0.0549,0.0403,0.0073,0.0404,2.0,2.0,2.0,2.0,0,0,0,0
2025-10-20 11:05:00,11.0,21.0,3.0,11.0,0.0535,0.0858,0.0026,0.0232,2.0,2.0,2.0,2.0,0,0,0,0
2025-10-20 11:10:00,11.0,13.0,1.0,26.0,0.046,0.0175,0.0,0.1092,2.0,2.0,2.0,2.0,0,0,0,0
2025-10-20 11:15:00,15.0,10.0,7.0,22.0,0.1041,0.0364,0.0571,0.0644,2.0,2.0,2.0,2.0,0,0,0,0
2025-10-20 11:20:00,18.0,15.0,8.0,3.0,0.0544,0.031,0.0905,0.0439,2.0,2.0,2.0,2.0,0,0,0,0
2025-10-20 11:25:00,9.0,16.0,7.0,15.0,0.0272,0.0228,0.1354,0.0713,2.0,2.0,2.0,2.0,0,0,0,0
2025-10-20 11:30:00,15.0,12.0,1.0,24.0,0.0614,0.0211,0.0005,0.0708,2.0,2.0,2.0,2.0,0,0,0,0
2025-10-20 11:50:00,13.0,20.0,6.0,15.0,0.0538,0.0581,0.0508,0.0895,2.0,2.0,2.0,2.0,0,0,0,0
2025-10-20 11:55:00,14.0,20.0,3.0,26.0,0.0416,0.0952,0.0049,0.0584,2.0,2.0,2.0,2.0,0,0,0,0
2025-10-20 12:00:00,9.0,7.0,4.0,15.0,0.0409,0.0368,0.0101,0.0467,2.0,2.0,2.0,2.0,0,0,0,0
2025-10-20 12:05:00,8.0,21.0,1.0,18.0,0.037,0.0695,0.0101,0.0393,2.0,2.0,2.0,2.0,0,0,0,0
2025-10-20 12:10:00,18.0,15.0,1.0,14.0,0.0574,0.0264,0.002,0.0417,2.0,2.0,2.0,2.0,0,0,0,0
2025-10-20 12:15:00,17.0,11.0,6.0,22.0,0.0745,0.0204,0.0153,0.0664,2.0,2.0,2.0,2.0,0,0,0,0
2025-10-20 12:20:00,13.0,6.0,6.0,17.0,0.0616,0.0282,0.0201,0.1059,2.0,2.0,2.0,2.0,0,0,0,0
2025-10-20 12:25:00,14.0,15.0,2.0,17.0,0.0405,0.0306,0.0015,0.029,2.0,2.0,2.0,2.0,0,0,0,0
2025-10-20 12:30:00,7.0,14.0,3.0,14.0,0.0214,0.0246,0.0038,0.0411,2.0,2.0,2.0,2.0,0,0,0,0
2025-10-20 12:35:00,7.0,14.0,5.0,17.0,0.0215,0.0406,0.0213,0.0929,2.0,2.0,2.0,2.0,0,0,0,0
2025-10-20 12:40:00,8.0,18.0,1.0,13.0,0.0476,0.0473,0.0198,0.0302,2.0,2.0,2.0,2.0,0,0,0,0
2025-10-20 12:45:00,9.0,14.0,4.0,21.0,0.0296,0.0277,0.0229,0.0699,2.0,2.0,2.0,2.0,0,0,0,0
2025-10-20 12:50:00,7.0,9.0,10.0,23.0,0.0196,0.0165,0.0661,0.0698,2.0,2.0,2.0,2.0,0,0,0,0
2025-10-20 12:55:00,14.0,9.0,2.0,23.0,0.0529,0.0198,0.0014,0.0418,2.0,2.0,2.0,2.0,0,0,0,0
2025-10-20 13:00:00,16.0,11.0,2.0,12.0,0.0614,0.0464,0.0027,0.0263,2.0,2.0,2.0,2.0,0,0,0,0
2025-10-20 13:05:00,7.0,10.0,3.0,14.0,0.0417,0.0206,0.0042,0.051,2.0,2.0,2.0,2.0,0,0,0,0
2025-10-20 13:10:00,9.0,5.0,6.0,19.0,0.0452,0.0306,0.0141,0.0406,2.0,2.0,2.0,2.0,0,0,0,0
2025-10-20 13:15:00,13.0,11.0,4.0,16.0,0.0482,0.0228,0.0183,0.0717,2.0,2.0,2.0,2.0,0,0,0,0
2025-10-20 13:20:00,4.0,13.0,4.0,20.0,0.0132,0.0226,0.0229,0.083,2.0,2.0,2.0,2.0,0,0,0,0
2025-10-20 13:25:00,11.0,10.0,1.0,22.0,0.0595,0.0362,0.0067,0.1451,2.0,2.0,2.0,0.0,0,0,0,0
2025-10-20 13:30:00,11.0,14.0,4.0,16.0,0.0351,0.0391,0.0187,0.069,2.0,2.0,2.0,2.0,0,0,0,0
2025-10-20 13:35:00,9.0,17.0,7.0,16.0,0.0513,0.032,0.0638,0.0282,2.0,2.0,2.0,2.0,0,0,0,0
2025-10-20 13:40:00,4.0,8.0,4.0,11.0,0.017,0.0125,0.0087,0.0344,2.0,2.0,2.0,2.0,0,0,0,0
2025-10-20 13:45:00,4.0,10.0,0.0,10.0,0.0303,0.0186,0.0,0.0221,2.0,2.0,2.0,2.0,0,0,0,0
2025-10-20 13:50:00,13.0,22.0,2.0,24.0,0.0636,0.0389,0.0075,0.0769,2.0,2.0,2.0,2.0,0,0,0,0
2025-10-20 13:55:00,8.0,15.0,2.0,17.0,0.0233,0.0301,0.0007,0.0667,2.0,2.0,2.0,2.0,0,0,0,0
2025-10-20 14:00:00,6.0,10.0,4.0,19.0,0.0418,0.0366,0.0048,0.0698,2.0,2.0,2.0,2.0,0,0,0,0
2025-10-20 14:05:00,14.0,11.0,4.0,26.0,0.0812,0.0241,0.0539,0.1561,2.0,2.0,2.0,0.0,0,0,0,0
2025-10-20 14:10:00,10.0,14.0,2.0,21.0,0.0219,0.0235,0.0612,0.0629,2.0,2.0,2.0,2.0,0,0,0,0
2025-10-20 14:15:00,5.0,16.0,2.0,19.0,0.0262,0.0479,0.0544,0.0556,2.0,2.0,2.0,2.0,0,0,0,0
2025-10-20 14:20:00,16.0,18.0,9.0,25.0,0.0502,0.0444,0.0381,0.057,2.0,2.0,2.0,2.0,0,0,0,0
2025-10-20 14:25:00,6.0,21.0,0.0,13.0,0.012,0.0778,0.0,0.0359,2.0,2.0,2.0,2.0,0,0,0,0
2025-10-20 14:30:00,5.0,16.0,4.0,18.0,0.0146,0.0268,0.0126,0.0418,2.0,2.0,2.0,2.0,0,0,0,0
2025-10-20 14:35:00,9.0,18.0,4.0,25.0,0.0301,0.0289,0.0101,0.0654,2.0,2.0,2.0,2.0,0,0,0,0
2025-10-20 14:40:00,17.0,17.0,3.0,19.0,0.0787,0.0544,0.1372,0.0214,2.0,2.0,2.0,2.0,0,0,0,0
2025-10-20 14:45:00,13.0,8.0,9.0,14.0,0.0543,0.0559,0.0414,0.0428,2.0,2.0,2.0,2.0,0,0,0,0
2025-10-20 14:50:00,12.0,17.0,3.0,16.0,0.0452,0.0787,0.0174,0.0497,2.0,2.0,2.0,2.0,0,0,0,0
2025-10-20 14:55:00,13.0,10.0,5.0,17.0,0.0452,0.0217,0.07,0.0733,2.0,2.0,2.0,2.0,0,0,0,0
2025-10-20 15:00:00,6.0,16.0,5.0,16.0,0.0456,0.041,0.0136,0.0611,2.0,2.0,2.0,2.0,0,0,0,0
2025-10-20 15:05:00,6.0,5.0,0.0,28.0,0.0543,0.0101,0.0,0.1059,2.0,2.0,2.0,0.0,0,0,0,0
2025-10-20 15:10:00,7.0,19.0,12.0,25.0,0.0417,0.0525,0.0288,0.1089,2.0,2.0,2.0,0.0,0,0,0,0
2025-10-20 15:15:00,14.0,11.0,5.0,16.0,0.0676,0.0213,0.0237,0.0749,2.0,2.0,2.0,2.0,0,0,0,0
2025-10-20 15:20:00,6.0,13.0,3.0,13.0,0.0428,0.0262,0.0306,0.0308,2.0,2.0,2.0,2.0,0,0,0,0
2025-10-20 15:25:00,26.0,14.0,8.0,17.0,0.1084,0.0372,0.0075,0.0472,0.0,2.0,2.0,2.0,0,0,0,0
2025-10-20 15:30:00,15.0,19.0,5.0,15.0,0.077,0.0457,0.0148,0.0404,2.0,2.0,2.0,2.0,0,0,0,0
2025-10-20 15:35:00,10.0,11.0,12.0,15.0,0.0537,0.024,0.0213,0.0377,2.0,2.0,2.0,2.0,0,0,0,0
2025-10-20 15:40:00,12.0,7.0,1.0,12.0,0.0592,0.018,0.0027,0.0238,2.0,2.0,2.0,2.0,0,0,0,0
2025-10-20 15:45:00,9.0,12.0,9.0,20.0,0.0388,0.0179,0.018,0.1055,2.0,2.0,2.0,2.0,0,0,0,0
2025-10-20 15:50:00,9.0,10.0,5.0,5.0,0.0245,0.0216,0.0428,0.0081,2.0,2.0,2.0,2.0,0,0,0,0
2025-10-20 15:55:00,11.0,18.0,6.0,22.0,0.0381,0.0335,0.0513,0.0907,2.0,2.0,2.0,2.0,0,0,0,0
2025-10-20 16:00:00,13.0,4.0,10.0,19.0,0.0305,0.0088,0.056,0.0876,2.0,2.0,2.0,2.0,0,0,0,0
2025-10-20 16:05:00,15.0,9.0,2.0,19.0,0.0752,0.0199,0.0003,0.0612,3.0,3.0,3.0,3.0,0,0,0,0
2025-10-20 16:10:00,11.0,19.0,5.0,27.0,0.0467,0.0594,0.0803,0.0851,3.0,3.0,3.0,0.0,0,0,0,0
2025-10-20 16:15:00,4.0,17.0,7.0,13.0,0.0177,0.054,0.0216,0.0336,3.0,3.0,3.0,3.0,0,0,0,0
2025-10-20 16:20:00,10.0,11.0,0.0,15.0,0.0415,0.0353,0.0,0.0536,3.0,3.0,3.0,3.0,0,0,0,0
2025-10-20 16:25:00,7.0,8.0,5.0,19.0,0.0303,0.0291,0.0328,0.0511,3.0,3.0,3.0,3.0,0,0,0,0
2025-10-20 16:30:00,6.0,17.0,2.0,26.0,0.0449,0.05,0.0027,0.077,3.0,3.0,3.0,3.0,0,0,0,0
2025-10-20 16:35:00,16.0,6.0,0.0,15.0,0.0803,0.0066,0.0,0.038,3.0,3.0,3.0,3.0,0,0,0,0
2025-10-20 16:40:00,3.0,10.0,5.0,10.0,0.0089,0.0216,0.0075,0.0148,3.0,3.0,3.0,3.0,0,0,0,0
2025-10-20 16:45:00,9.0,12.0,2.0,18.0,0.0215,0.0261,0.0026,0.0726,3.0,3.0,3.0,3.0,0,0,0,0
2025-10-20 16:50:00,8.0,5.0,10.0,9.0,0.0344,0.013,0.0732,0.0296,3.0,3.0,3.0,3.0,0,0,0,0
2025-10-20 16:55:00,10.0,17.0,15.0,14.0,0.0947,0.052,0.0678,0.0594,3.0,3.0,3.0,3.0,0,0,0,0
2025-10-20 17:00:00,9.0,13.0,8.0,8.0,0.0471,0.0369,0.1235,0.0138,3.0,3.0,3.0,3.0,0,0,0,0
2025-10-20 17:05:00,21.0,11.0,3.0,10.0,0.2232,0.0226,0.022,0.0596,0.0,3.0,3.0,3.0,0,0,0,0
2025-10-20 17:10:00,4.0,7.0,6.0,15.0,0.0163,0.0148,0.0794,0.0447,3.0,3.0,3.0,3.0,0,0,0,0
2025-10-20 17:15:00,5.0,14.0,3.0,18.0,0.0187,0.0471,0.0025,0.1574,3.0,3.0,3.0,3.0,0,0,0,0
2025-10-20 17:20:00,9.0,16.0,5.0,19.0,0.0652,0.0301,0.0096,0.0381,3.0,3.0,3.0,3.0,0,0,0,0
2025-10-20 17:25:00,14.0,24.0,13.0,15.0,0.1447,0.0423,0.021,0.0298,3.0,3.0,3.0,3.0,0,0,0,0
2025-10-20 17:30:00,14.0,11.0,4.0,17.0,0.0613,0.0364,0.0052,0.0254,3.0,3.0,3.0,3.0,0,0,0,0
2025-10-20 17:35:00,4.0,10.0,7.0,13.0,0.0064,0.0246,0.0271,0.1099,3.0,3.0,3.0,3.0,0,0,0,0
2025-10-20 17:40:00,15.0,18.0,6.0,18.0,0.0775,0.0617,0.0398,0.064,3.0,3.0,3.0,3.0,0,0,0,0
2025-10-20 17:45:00,12.0,6.0,6.0,9.0,0.1018,0.0324,0.0132,0.0323,3.0,3.0,3.0,3.0,0,0,0,0
2025-10-20 17:50:00,10.0,11.0,4.0,15.0,0.0474,0.0279,0.0041,0.0548,3.0,3.0,3.0,3.0,0,0,0,0
2025-10-20 17:55:00,9.0,10.0,5.0,19.0,0.0289,0.0174,0.0261,0.1272,3.0,3.0,3.0,3.0,0,0,0,0
2025-10-20 18:00:00,5.0,9.0,1.0,18.0,0.0175,0.016,0.0012,0.0465,3.0,3.0,3.0,3.0,0,0,0,0
2025-10-20 18:05:00,7.0,23.0,1.0,22.0,0.0348,0.072,0.0005,0.1054,3.0,3.0,3.0,3.0,0,0,0,0
2025-10-20 18:10:00,22.0,18.0,7.0,14.0,0.1145,0.0327,0.0387,0.0314,3.0,3.0,3.0,3.0,0,0,0,0
2025-10-20 18:15:00,35.0,19.0,0.0,23.0,0.2331,0.0711,0.0,0.0468,0.0,3.0,3.0,3.0,0,0,0,0
2025-10-20 18:20:00,5.0,10.0,2.0,19.0,0.0214,0.0171,0.0019,0.0686,3.0,3.0,3.0,3.0,0,0,0,0
2025-10-20 18:25:00,15.0,19.0,3.0,27.0,0.0756,0.0446,0.0019,0.0568,3.0,3.0,3.0,3.0,0,0,0,0
2025-10-20 18:30:00,19.0,20.0,5.0,25.0,0.183,0.0246,0.0468,0.0787,0.0,3.0,3.0,3.0,0,0,0,0
2025-10-20 18:35:00,13.0,13.0,1.0,18.0,0.0619,0.0357,0.0117,0.0285,3.0,3.0,3.0,3.0,0,0,0,0
2025-10-20 18:40:00,8.0,21.0,3.0,21.0,0.0438,0.0473,0.0035,0.0599,3.0,3.0,3.0,3.0,0,0,0,0
2025-10-20 18:45:00,16.0,18.0,3.0,17.0,0.0392,0.0338,0.002,0.0305,3.0,3.0,3.0,3.0,0,0,0,0
2025-10-20 18:50:00,10.0,17.0,4.0,15.0,0.0413,0.0594,0.1064,0.0618,3.0,3.0,3.0,3.0,0,0,0,0
2025-10-20 18:55:00,9.0,14.0,3.0,14.0,0.0638,0.0445,0.0087,0.0485,3.0,3.0,3.0,3.0,0,0,0,0
2025-10-20 19:00:00,14.0,14.0,2.0,15.0,0.0491,0.0268,0.0048,0.0393,3.0,3.0,3.0,3.0,0,0,0,0
2025-10-20 19:05:00,7.0,11.0,1.0,10.0,0.0239,0.0378,0.0015,0.055,3.0,3.0,3.0,3.0,0,0,0,0
2025-10-20 19:10:00,4.0,16.0,6.0,0.0,0.0192,0.0382,0.0214,0.0,3.0,3.0,3.0,3.0,0,0,0,0
2025-10-20 19:15:00,7.0,5.0,5.0,6.0,0.0171,0.0211,0.0694,0.0339,3.0,3.0,3.0,3.0,0,0,0,0
2025-10-20 19:20:00,10.0,16.0,5.0,14.0,0.0354,0.0292,0.0335,0.1453,3.0,3.0,3.0,3.0,0,0,0,0
2025-10-20 19:25:00,15.0,11.0,2.0,2.0,0.0682,0.0357,0.0019,0.0015,3.0,3.0,3.0,3.0,0,0,0,0
2025-10-20 19:30:00,17.0,12.0,4.0,9.0,0.0634,0.0212,0.076,0.0518,3.0,3.0,3.0,3.0,0,0,0,0
2025-10-20 19:35:00,7.0,13.0,6.0,3.0,0.032,0.0765,0.0124,0.0285,3.0,3.0,3.0,3.0,0,0,0,0
2025-10-20 19:40:00,6.0,17.0,2.0,5.0,0.0381,0.0438,0.0145,0.0295,3.0,3.0,3.0,3.0,0,0,0,0
2025-10-20 19:45:00,13.0,23.0,5.0,11.0,0.0715,0.0752,0.0077,0.1131,3.0,3.0,3.0,3.0,0,0,0,0
2025-10-20 19:50:00,11.0,18.0,3.0,11.0,0.0453,0.0677,0.0348,0.0829,3.0,3.0,3.0,3.0,0,0,0,0
2025-10-20 19:55:00,15.0,17.0,4.0,1.0,0.085,0.0781,0.0313,0.0149,3.0,3.0,3.0,3.0,0,0,0,0
2025-10-20 20:00:00,32.0,11.0,2.0,19.0,0.1126,0.0603,0.0006,0.0787,3.0,3.0,3.0,3.0,0,0,0,0
2025-10-20 20:05:00,17.0,14.0,0.0,10.0,0.1657,0.0635,0.0,0.0563,3.0,3.0,3.0,3.0,0,0,0,0
2025-10-20 20:10:00,9.0,10.0,2.0,7.0,0.0311,0.0341,0.0665,0.0451,3.0,3.0,3.0,3.0,0,0,0,0
2025-10-20 20:15:00,9.0,10.0,2.0,7.0,0.0257,0.0167,0.0047,0.0344,3.0,3.0,3.0,3.0,0,0,0,0
2025-10-20 20:20:00,12.0,16.0,6.0,6.0,0.0862,0.0834,0.0203,0.0713,3.0,3.0,3.0,3.0,0,0,0,0
2025-10-20 20:25:00,12.0,10.0,0.0,0.0,0.0533,0.0224,0.0,0.0,3.0,3.0,3.0,3.0,0,0,0,0
2025-10-20 20:30:00,6.0,17.0,3.0,5.0,0.0219,0.0279,0.027,0.0266,3.0,3.0,3.0,3.0,0,0,0,0
2025-10-20 20:35:00,19.0,19.0,1.0,5.0,0.0817,0.0949,0.0023,0.0249,3.0,3.0,3.0,3.0,0,0,0,0
2025-10-20 20:40:00,21.0,12.0,8.0,9.0,0.0933,0.0484,0.0532,0.0442,3.0,3.0,3.0,3.0,0,0,0,0
2025-10-20 20:45:00,9.0,10.0,3.0,4.0,0.0639,0.0376,0.0339,0.1622,3.0,3.0,3.0,3.0,0,0,0,0
2025-10-20 20:50:00,14.0,8.0,4.0,2.0,0.055,0.0304,0.0148,0.0034,3.0,3.0,3.0,3.0,0,0,0,0
2025-10-20 20:55:00,10.0,6.0,2.0,5.0,0.0408,0.0232,0.015,0.0196,3.0,3.0,3.0,3.0,0,0,0,0
2025-10-20 21:00:00,9.0,11.0,7.0,8.0,0.0444,0.0246,0.011,0.089,3.0,3.0,3.0,3.0,0,0,0,0
2025-10-20 21:05:00,15.0,14.0,1.0,0.0,0.0469,0.0338,0.0188,0.0,3.0,3.0,3.0,3.0,0,0,0,0
2025-10-20 21:10:00,18.0,17.0,2.0,6.0,0.0872,0.0458,0.0009,0.0328,3.0,3.0,3.0,3.0,0,0,0,0
2025-10-20 21:15:00,7.0,15.0,8.0,6.0,0.03,0.0633,0.0526,0.1116,3.0,3.0,3.0,3.0,0,0,0,0
2025-10-20 21:20:00,4.0,4.0,3.0,10.0,0.043,0.0373,0.0619,0.0606,3.0,3.0,3.0,3.0,0,0,0,0
2025-10-20 21:25:00,12.0,12.0,2.0,4.0,0.0401,0.0478,0.0069,0.0186,3.0,3.0,3.0,3.0,0,0,0,0
2025-10-20 21:30:00,15.0,14.0,4.0,3.0,0.0722,0.0258,0.0626,0.0169,3.0,3.0,3.0,3.0,0,0,0,0
2025-10-20 21:35:00,13.0,5.0,2.0,3.0,0.0486,0.0059,0.0024,0.006,3.0,3.0,3.0,3.0,0,0,0,0
2025-10-20 21:40:00,7.0,21.0,2.0,1.0,0.0127,0.0426,0.0364,0.0032,3.0,3.0,3.0,3.0,0,0,0,0
2025-10-20 21:45:00,15.0,8.0,3.0,5.0,0.073,0.0261,0.1715,0.0204,3.0,3.0,3.0,3.0,0,0,0,0
2025-10-20 21:50:00,10.0,14.0,2.0,5.0,0.0394,0.0426,0.0095,0.0264,3.0,3.0,3.0,3.0,0,0,0,0
2025-10-20 21:55:00,2.0,14.0,5.0,3.0,0.0378,0.0392,0.011,0.0297,3.0,3.0,3.0,3.0,0,0,0,0
2025-10-20 22:00:00,19.0,14.0,7.0,1.0,0.0936,0.0396,0.1072,0.01,3.0,3.0,3.0,3.0,0,0,0,0
2025-10-20 22:05:00,9.0,14.0,0.0,4.0,0.0844,0.0328,0.0,0.0189,3.0,3.0,3.0,3.0,0,0,0,0
2025-10-20 22:10:00,18.0,9.0,4.0,0.0,0.0968,0.0188,0.0332,0.0,3.0,3.0,3.0,3.0,0,0,0,0
2025-10-20 22:15:00,12.0,24.0,6.0,1.0,0.0476,0.0634,0.0042,0.0008,3.0,3.0,3.0,3.0,0,0,0,0
2025-10-20 22:20:00,12.0,17.0,1.0,2.0,0.0355,0.0525,0.0021,0.0207,3.0,3.0,3.0,3.0,0,0,0,0
2025-10-20 22:25:00,17.0,17.0,5.0,3.0,0.0796,0.0457,0.0111,0.0167,3.0,3.0,3.0,3.0,0,0,0,0
2025-10-20 22:30:00,6.0,17.0,4.0,6.0,0.0158,0.0423,0.0036,0.017,3.0,3.0,3.0,3.0,0,0,0,0
2025-10-20 22:35:00,4.0,11.0,0.0,3.0,0.0136,0.029,0.0,0.0265,3.0,3.0,3.0,3.0,0,0,0,0
2025-10-20 22:40:00,15.0,18.0,0.0,1.0,0.0687,0.0542,0.0,0.0062,3.0,3.0,3.0,3.0,0,0,0,0
2025-10-20 22:45:00,20.0,11.0,7.0,0.0,0.0731,0.0346,0.0117,0.0,3.0,3.0,3.0,3.0,0,0,0,0
2025-10-20 22:50:00,13.0,8.0,1.0,0.0,0.0399,0.0256,0.0217,0.0,3.0,3.0,3.0,3.0,0,0,0,0
2025-10-20 22:55:00,15.0,20.0,3.0,2.0,0.0662,0.0474,0.0156,0.0107,3.0,3.0,3.0,3.0,0,0,0,0
2025-10-20 23:00:00,5.0,6.0,1.0,5.0,0.0181,0.0118,0.0009,0.0193,3.0,3.0,3.0,3.0,0,0,0,0
2025-10-20 23:05:00,13.0,8.0,5.0,8.0,0.0622,0.0268,0.0719,0.0428,3.0,3.0,3.0,3.0,0,0,0,0
2025-10-20 23:10:00,14.0,8.0,1.0,3.0,0.0817,0.0286,0.0004,0.0025,3.0,3.0,3.0,3.0,0,0,0,0
2025-10-20 23:15:00,1.0,9.0,8.0,6.0,0.0039,0.0369,0.0283,0.0329,3.0,3.0,3.0,3.0,0,0,0,0
2025-10-20 23:20:00,8.0,9.0,1.0,1.0,0.0436,0.0187,0.0022,0.0017,3.0,3.0,3.0,3.0,0,0,0,0
2025-10-20 23:25:00,7.0,9.0,3.0,4.0,0.0182,0.0202,0.0675,0.0353,3.0,3.0,3.0,3.0,0,0,0,0
2025-10-20 23:30:00,19.0,15.0,7.0,0.0,0.0643,0.0477,0.1383,0.0,3.0,3.0,3.0,3.0,0,0,0,0
2025-10-20 23:35:00,16.0,10.0,3.0,3.0,0.0795,0.024,0.0057,0.0437,3.0,3.0,3.0,3.0,0,0,0,0
2025-10-20 23:40:00,11.0,17.0,5.0,5.0,0.053,0.0437,0.0107,0.0475,3.0,3.0,3.0,3.0,0,0,0,0
2025-10-20 23:45:00,4.0,16.0,2.0,4.0,0.0224,0.0364,0.004,0.0227,3.0,3.0,3.0,3.0,0,0,0,0
2025-10-20 23:50:00,29.0,12.0,0.0,1.0,0.1909,0.0198,0.0,0.016,0.0,3.0,3.0,3.0,0,0,0,0
2025-10-20 23:55:00,17.0,7.0,2.0,6.0,0.0676,0.0154,0.0005,0.0593,3.0,3.0,3.0,3.0,0,0,0,0
2025-10-21 05:25:00,10.0,6.0,0.0,1.0,0.0677,0.0143,0.0,0.0064,1.0,1.0,1.0,1.0,0,0,0,0
2025-10-21 05:30:00,6.0,4.0,0.0,0.0,0.0211,0.0104,0.0,0.0,1.0,1.0,1.0,1.0,0,0,0,0
2025-10-21 05:35:00,20.0,10.0,1.0,3.0,0.0922,0.0292,0.0007,0.0073,1.0,1.0,1.0,1.0,0,0,0,0
2025-10-21 05:40:00,32.0,7.0,1.0,1.0,0.2177,0.0212,0.0022,0.0058,0.0,1.0,1.0,1.0,0,0,0,0
2025-10-21 05:45:00,15.0,7.0,2.0,4.0,0.1805,0.0198,0.0054,0.0179,1.0,1.0,1.0,1.0,0,0,0,0
2025-10-21 05:50:00,28.0,8.0,2.0,0.0,0.2159,0.0156,0.0038,0.0,0.0,1.0,1.0,1.0,0,0,0,0
2025-10-21 05:55:00,24.0,13.0,1.0,1.0,0.2465,0.0413,0.0023,0.0063,0.0,1.0,1.0,1.0,0,0,0,0
2025-10-21 06:00:00,27.0,18.0,1.0,5.0,0.2213,0.0554,0.0042,0.0566,0.0,1.0,1.0,1.0,0,0,0,0
2025-10-21 06:05:00,30.0,9.0,6.0,4.0,0.2621,0.0382,0.1438,0.0598,0.0,1.0,1.0,1.0,0,0,0,0
2025-10-21 06:10:00,25.0,11.0,3.0,4.0,0.1908,0.0292,0.0125,0.0643,1.0,1.0,1.0,1.0,0,0,0,0
2025-10-21 06:15:00,34.0,9.0,1.0,5.0,0.2083,0.0474,0.0044,0.0126,0.0,1.0,1.0,1.0,0,0,0,0
2025-10-21 06:20:00,45.0,7.0,1.0,12.0,0.3761,0.0167,0.004,0.0454,0.0,1.0,1.0,1.0,0,0,0,0
2025-10-21 06:25:00,18.0,11.0,1.0,7.0,0.0942,0.0335,0.0015,0.09,1.0,1.0,1.0,1.0,0,0,0,0
2025-10-21 06:30:00,21.0,13.0,3.0,13.0,0.1001,0.0398,0.0055,0.1888,1.0,1.0,1.0,1.0,0,0,0,0
2025-10-21 06:35:00,34.0,10.0,2.0,12.0,0.2464,0.0417,0.0013,0.1126,0.0,1.0,1.0,1.0,0,0,0,0
2025-10-21 06:40:00,34.0,17.0,8.0,15.0,0.2171,0.0899,0.0616,0.0674,0.0,1.0,1.0,1.0,0,0,0,0
2025-10-21 06:45:00,33.0,16.0,5.0,22.0,0.2916,0.0745,0.0111,0.1314,0.0,1.0,1.0,1.0,0,0,0,0
2025-10-21 06:50:00,41.0,13.0,1.0,30.0,0.2532,0.0463,0.0487,0.1529,0.0,1.0,1.0,1.0,0,0,0,0
2025-10-21 06:55:00,45.0,17.0,4.0,25.0,0.2967,0.0326,0.0249,0.0769,0.0,1.0,1.0,1.0,0,0,0,0
2025-10-21 07:00:00,37.0,20.0,4.0,30.0,0.345,0.0476,0.008,0.1423,0.0,1.0,1.0,1.0,0,0,0,0
2025-10-21 07:05:00,52.0,16.0,2.0,32.0,0.3754,0.0499,0.0276,0.1489,0.0,1.0,1.0,1.0,0,0,0,0
2025-10-21 07:10:00,47.0,25.0,3.0,20.0,0.2989,0.0939,0.0176,0.2763,0.0,1.0,1.0,0.0,0,0,0,0
2025-10-21 07:15:00,35.0,21.0,6.0,32.0,0.2571,0.039,0.0799,0.1415,0.0,1.0,1.0,1.0,0,0,0,0
2025-10-21 07:20:00,36.0,26.0,7.0,37.0,0.2396,0.0583,0.058,0.1327,0.0,1.0,1.0,0.0,0,0,0,0
2025-10-21 07:25:00,42.0,22.0,5.0,35.0,0.2721,0.0567,0.2759,0.1399,0.0,1.0,1.0,0.0,0,0,0,0
2025-10-21 07:30:00,44.0,23.0,0.0,40.0,0.2958,0.0466,0.0,0.2428,0.0,1.0,1.0,0.0,0,0,0,0
2025-10-21 07:35:00,52.0,16.0,6.0,35.0,0.3173,0.0349,0.6095,0.1676,0.0,1.0,0.0,0.0,0,0,0,0
2025-10-21 07:40:00,49.0,20.0,9.0,32.0,0.2956,0.0874,0.0547,0.3465,0.0,1.0,1.0,0.0,0,0,0,0
2025-10-21 07:45:00,45.0,31.0,9.0,43.0,0.3114,0.0922,0.01,0.2397,0.0,1.0,1.0,0.0,0,0,0,0
2025-10-21 07:50:00,51.0,33.0,10.0,44.0,0.2496,0.1099,0.0175,0.2198,0.0,1.0,1.0,0.0,0,0,0,0
2025-10-21 07:55:00,43.0,41.0,10.0,32.0,0.2483,0.1638,0.0938,0.1948,0.0,0.0,1.0,0.0,0,0,0,0
2025-10-21 08:00:00,25.0,45.0,4.0,31.0,0.216,0.1451,0.0097,0.1888,0.0,0.0,1.0,0.0,0,0,0,0
2025-10-21 08:05:00,22.0,39.0,9.0,37.0,0.1906,0.1018,0.101,0.1409,1.0,1.0,1.0,0.0,0,0,0,0
2025-10-21 08:10:00,16.0,30.0,6.0,33.0,0.0575,0.121,0.0233,0.1693,1.0,1.0,1.0,0.0,0,0,0,0
2025-10-21 08:15:00,19.0,38.0,6.0,31.0,0.0717,0.0899,0.0621,0.1606,1.0,1.0,1.0,1.0,0,0,0,0
2025-10-21 08:20:00,13.0,54.0,6.0,37.0,0.0659,0.1708,0.0082,0.1276,1.0,0.0,1.0,0.0,0,0,0,0
2025-10-21 08:25:00,24.0,28.0,7.0,35.0,0.0803,0.051,0.0166,0.1796,1.0,1.0,1.0,0.0,0,0,0,0
2025-10-21 08:30:00,8.0,33.0,3.0,33.0,0.0303,0.0703,0.0082,0.1594,1.0,1.0,1.0,0.0,0,0,0,0
2025-10-21 08:35:00,11.0,24.0,4.0,26.0,0.0438,0.0858,0.0074,0.1129,1.0,1.0,1.0,1.0,0,0,0,0
2025-10-21 08:40:00,18.0,22.0,6.0,30.0,0.0948,0.1038,0.0087,0.1894,1.0,1.0,1.0,0.0,0,0,0,0
2025-10-21 08:45:00,14.0,27.0,2.0,39.0,0.0645,0.0596,0.0067,0.195,1.0,1.0,1.0,0.0,0,0,0,0
2025-10-21 08:50:00,26.0,29.0,8.0,36.0,0.1126,0.1069,0.0687,0.2579,1.0,1.0,1.0,0.0,0,0,0,0
2025-10-21 08:55:00,10.0,33.0,11.0,33.0,0.0381,0.0533,0.1228,0.1763,1.0,1.0,1.0,0.0,0,0,0,0
2025-10-21 09:00:00,15.0,50.0,4.0,36.0,0.1344,0.1164,0.0083,0.2087,1.0,0.0,1.0,0.0,0,0,0,0
2025-10-21 09:05:00,20.0,39.0,6.0,34.0,0.1082,0.1144,0.0267,0.1995,1.0,0.0,1.0,0.0,0,0,0,0
2025-10-21 09:10:00,13.0,55.0,5.0,39.0,0.0856,0.1383,0.026,0.1554,1.0,0.0,1.0,0.0,0,0,0,0
2025-10-21 09:15:00,25.0,41.0,8.0,26.0,0.2163,0.1079,0.0293,0.174,0.0,0.0,1.0,1.0,0,0,0,0
2025-10-21 09:20:00,24.0,41.0,11.0,27.0,0.2244,0.1123,0.0215,0.0591,0.0,0.0,1.0,1.0,0,0,0,0
2025-10-21 09:25:00,27.0,44.0,7.0,38.0,0.1634,0.1212,0.0138,0.202,1.0,0.0,1.0,0.0,0,0,0,0
2025-10-21 09:30:00,14.0,43.0,3.0,28.0,0.0703,0.1264,0.0039,0.1591,1.0,0.0,1.0,1.0,0,0,0,0
2025-10-21 09:35:00,17.0,30.0,7.0,32.0,0.2578,0.1123,0.0082,0.2009,0.0,1.0,1.0,0.0,0,0,0,0
2025-10-21 09:40:00,14.0,42.0,4.0,31.0,0.1312,0.1097,0.104,0.1259,1.0,0.0,1.0,1.0,0,0,0,0
2025-10-21 09:45:00,19.0,37.0,10.0,30.0,0.1753,0.105,0.0138,0.0792,1.0,1.0,1.0,1.0,0,0,0,0
2025-10-21 09:50:00,21.0,35.0,7.0,23.0,0.2503,0.1031,0.0275,0.0866,0.0,1.0,1.0,1.0,0,0,0,0
2025-10-21 09:55:00,29.0,40.0,8.0,28.0,0.3048,0.1075,0.0058,0.1405,0.0,0.0,1.0,1.0,0,0,0,0
2025-10-21 10:00:00,24.0,35.0,3.0,31.0,0.2502,0.1064,0.0327,0.1927,0.0,1.0,1.0,0.0,0,0,0,0
2025-10-21 10:05:00,28.0,36.0,5.0,23.0,0.3257,0.1167,0.2197,0.1028,0.0,0.0,1.0,1.0,0,0,0,0
2025-10-21 10:10:00,24.0,35.0,2.0,26.0,0.2895,0.1313,0.0038,0.1119,0.0,0.0,1.0,1.0,0,0,0,0
2025-10-21 10:15:00,29.0,34.0,2.0,24.0,0.2884,0.082,0.0456,0.0745,0.0,1.0,1.0,1.0,0,0,0,0
2025-10-21 10:20:00,21.0,32.0,2.0,32.0,0.2153,0.0982,0.0011,0.2545,0.0,1.0,1.0,0.0,0,0,0,0
2025-10-21 10:25:00,17.0,31.0,6.0,23.0,0.1831,0.1062,0.0372,0.1203,1.0,1.0,1.0,1.0,0,0,0,0
2025-10-21 10:30:00,15.0,41.0,6.0,24.0,0.0618,0.1322,0.0933,0.0578,1.0,0.0,1.0,1.0,0,0,0,0
2025-10-21 10:35:00,17.0,32.0,3.0,22.0,0.0536,0.0987,0.0036,0.0863,1.0,1.0,1.0,1.0,0,0,0,0
2025-10-21 10:40:00,17.0,22.0,1.0,26.0,0.0995,0.0974,0.0001,0.2028,1.0,1.0,1.0,0.0,0,0,0,0
2025-10-21 10:45:00,23.0,20.0,3.0,31.0,0.1925,0.041,0.0048,0.1509,1.0,1.0,1.0,0.0,0,0,0,0
2025-10-21 10:50:00,20.0,22.0,6.0,33.0,0.2727,0.108,0.0799,0.2148,0.0,1.0,1.0,0.0,0,0,0,0
2025-10-21 10:55:00,18.0,25.0,0.0,33.0,0.1578,0.061,0.0,0.215,1.0,1.0,1.0,0.0,0,0,0,0
2025-10-21 11:00:00,23.0,11.0,2.0,13.0,0.137,0.03,0.0151,0.1245,1.0,1.0,1.0,1.0,0,0,0,0
2025-10-21 11:05:00,20.0,15.0,2.0,22.0,0.2086,0.0422,0.0015,0.0668,0.0,1.0,1.0,1.0,0,0,0,0
2025-10-21 11:10:00,20.0,16.0,4.0,26.0,0.2448,0.0549,0.0051,0.0581,0.0,1.0,1.0,1.0,0,0,0,0
2025-10-21 11:15:00,22.0,12.0,1.0,32.0,0.2054,0.0795,0.0007,0.1222,0.0,1.0,1.0,1.0,0,0,0,0
2025-10-21 11:20:00,7.0,10.0,5.0,23.0,0.0469,0.0462,0.0067,0.1025,1.0,1.0,1.0,1.0,0,0,0,0
2025-10-21 11:25:00,13.0,17.0,10.0,24.0,0.0659,0.0588,0.0215,0.0895,1.0,1.0,1.0,1.0,0,0,0,0
2025-10-21 11:30:00,16.0,22.0,5.0,28.0,0.1575,0.0705,0.0087,0.1029,1.0,1.0,1.0,1.0,0,0,0,0
2025-10-21 11:50:00,21.0,12.0,7.0,20.0,0.2318,0.0586,0.0052,0.091,0.0,1.0,1.0,1.0,0,0,0,0
2025-10-21 11:55:00,20.0,20.0,2.0,21.0,0.1875,0.0549,0.0286,0.1106,1.0,1.0,1.0,1.0,0,0,0,0
2025-10-21 12:00:00,26.0,46.0,4.0,23.0,0.0934,0.1305,0.0047,0.0782,1.0,0.0,1.0,1.0,0,0,0,0
2025-10-21 12:05:00,10.0,43.0,5.0,30.0,0.0489,0.0974,0.025,0.1426,1.0,0.0,1.0,0.0,0,0,0,0
2025-10-21 12:10:00,18.0,37.0,4.0,25.0,0.1237,0.1055,0.0088,0.1525,1.0,0.0,1.0,1.0,0,0,0,0
2025-10-21 12:15:00,25.0,36.0,9.0,19.0,0.1228,0.0952,0.0764,0.0504,1.0,0.0,1.0,1.0,0,0,0,0
2025-10-21 12:20:00,18.0,26.0,2.0,22.0,0.1249,0.0906,0.2627,0.0969,1.0,1.0,1.0,1.0,0,0,0,0
2025-10-21 12:25:00,11.0,23.0,8.0,17.0,0.0764,0.0379,0.0256,0.0624,1.0,1.0,1.0,1.0,0,0,0,0
2025-10-21 12:30:00,14.0,25.0,2.0,12.0,0.1233,0.053,0.0125,0.1353,1.0,1.0,1.0,1.0,0,0,0,0
2025-10-21 12:35:00,15.0,17.0,1.0,24.0,0.0915,0.0401,0.0133,0.0398,1.0,1.0,1.0,1.0,0,0,0,0
2025-10-21 12:40:00,10.0,29.0,1.0,27.0,0.0524,0.0597,0.0002,0.0822,1.0,1.0,1.0,1.0,0,0,0,0
2025-10-21 12:45:00,13.0,25.0,4.0,16.0,0.0521,0.0752,0.0574,0.1267,1.0,1.0,1.0,1.0,0,0,0,0
2025-10-21 12:50:00,14.0,21.0,7.0,25.0,0.0685,0.0353,0.0085,0.0866,1.0,1.0,1.0,1.0,0,0,0,0
2025-10-21 12:55:00,20.0,22.0,7.0,27.0,0.1993,0.0808,0.0804,0.1201,0.0,1.0,1.0,1.0,0,0,0,0
2025-10-21 13:00:00,13.0,27.0,11.0,23.0,0.0682,0.0796,0.0278,0.1716,1.0,1.0,1.0,1.0,0,0,0,0
2025-10-21 13:05:00,20.0,26.0,6.0,22.0,0.2184,0.0655,0.0163,0.0704,0.0,1.0,1.0,1.0,0,0,0,0
2025-10-21 13:10:00,23.0,28.0,6.0,25.0,0.2274,0.0733,0.0318,0.0973,0.0,1.0,1.0,1.0,0,0,0,0
2025-10-21 13:15:00,27.0,16.0,3.0,28.0,0.261,0.0439,0.0137,0.1465,0.0,1.0,1.0,0.0,0,0,0,0
2025-10-21 13:20:00,19.0,13.0,2.0,24.0,0.238,0.0643,0.0182,0.0629,0.0,1.0,1.0,1.0,0,0,0,0
2025-10-21 13:25:00,10.0,21.0,5.0,24.0,0.0656,0.0911,0.011,0.073,1.0,1.0,1.0,1.0,0,0,0,0
2025-10-21 13:30:00,11.0,29.0,4.0,21.0,0.0538,0.0794,0.0155,0.0825,1.0,1.0,1.0,1.0,0,0,0,0
2025-10-21 13:35:00,16.0,12.0,5.0,30.0,0.0803,0.0223,0.0629,0.1824,1.0,1.0,1.0,0.0,0,0,0,0
2025-10-21 13:40:00,21.0,16.0,5.0,26.0,0.1229,0.0494,0.0349,0.0871,1.0,1.0,1.0,1.0,0,0,0,0
2025-10-21 13:45:00,22.0,20.0,3.0,32.0,0.1044,0.0433,0.0644,0.1066,1.0,1.0,1.0,0.0,0,0,0,0
2025-10-21 13:50:00,12.0,17.0,7.0,30.0,0.0859,0.0584,0.0771,0.1412,1.0,1.0,1.0,0.0,0,0,0,0
2025-10-21 13:55:00,17.0,28.0,2.0,24.0,0.1062,0.1008,0.0067,0.1644,1.0,1.0,1.0,0.0,0,0,0,0
2025-10-21 14:00:00,15.0,12.0,9.0,22.0,0.0955,0.0349,0.0449,0.0569,1.0,1.0,1.0,1.0,0,0,0,0
2025-10-21 14:05:00,10.0,14.0,12.0,29.0,0.026,0.0504,0.0363,0.1399,1.0,1.0,1.0,0.0,0,0,0,0
2025-10-21 14:10:00,8.0,15.0,6.0,23.0,0.0742,0.03,0.0626,0.1056,1.0,1.0,1.0,1.0,0,0,0,0
2025-10-21 14:15:00,12.0,24.0,4.0,24.0,0.1002,0.0888,0.1746,0.1356,1.0,1.0,1.0,1.0,0,0,0,0
2025-10-21 14:20:00,15.0,24.0,2.0,26.0,0.0991,0.0821,0.0048,0.1005,1.0,1.0,1.0,1.0,0,0,0,0
2025-10-21 14:25:00,14.0,24.0,6.0,32.0,0.1103,0.0951,0.0417,0.1664,1.0,1.0,1.0,0.0,0,0,0,0
2025-10-21 14:30:00,17.0,16.0,6.0,25.0,0.0875,0.082,0.4265,0.1105,1.0,1.0,0.0,1.0,0,0,0,0
2025-10-21 14:35:00,40.0,20.0,2.0,25.0,0.1601,0.0974,0.0034,0.1629,0.0,1.0,1.0,0.0,0,0,0,0
2025-10-21 14:40:00,59.0,18.0,3.0,31.0,0.243,0.0397,0.0049,0.1422,0.0,1.0,1.0,0.0,0,0,0,0
2025-10-21 14:45:00,57.0,20.0,1.0,32.0,0.2017,0.0589,0.0007,0.1398,0.0,1.0,1.0,0.0,0,0,0,0
2025-10-21 14:50:00,62.0,23.0,9.0,29.0,0.2127,0.0797,0.0293,0.272,0.0,1.0,1.0,0.0,0,0,0,0
2025-10-21 14:55:00,57.0,16.0,3.0,17.0,0.2257,0.0599,0.0225,0.0768,0.0,1.0,1.0,1.0,0,0,0,0
2025-10-21 15:00:00,28.0,21.0,13.0,31.0,0.2429,0.0742,0.0938,0.1687,0.0,1.0,1.0,0.0,0,0,0,0
2025-10-21 15:05:00,23.0,37.0,6.0,30.0,0.2812,0.105,0.067,0.1994,0.0,0.0,1.0,0.0,0,0,0,0
2025-10-21 15:10:00,25.0,45.0,7.0,20.0,0.2471,0.1215,0.0201,0.1102,0.0,0.0,1.0,1.0,0,0,0,0
2025-10-21 15:15:00,27.0,39.0,9.0,32.0,0.3105,0.0922,0.2429,0.1787,0.0,0.0,0.0,0.0,0,0,0,0
2025-10-21 15:20:00,31.0,33.0,10.0,28.0,0.282,0.1015,0.0904,0.1048,0.0,0.0,1.0,0.0,0,0,0,0
2025-10-21 15:25:00,31.0,33.0,12.0,28.0,0.3028,0.1067,0.0112,0.1239,0.0,0.0,1.0,0.0,0,0,0,0
2025-10-21 15:30:00,35.0,26.0,6.0,29.0,0.2708,0.0564,0.0279,0.0901,0.0,1.0,1.0,1.0,0,0,0,0
2025-10-21 15:35:00,26.0,26.0,12.0,23.0,0.1225,0.1029,0.0195,0.0655,0.0,1.0,1.0,1.0,0,0,0,0
2025-10-21 15:40:00,44.0,29.0,2.0,33.0,0.205,0.0966,0.0472,0.1659,0.0,0.0,1.0,0.0,0,0,0,0
2025-10-21 15:45:00,50.0,43.0,13.0,25.0,0.2506,0.0994,0.0354,0.0967,0.0,0.0,1.0,1.0,0,0,0,0
2025-10-21 15:50:00,48.0,41.0,4.0,28.0,0.1872,0.0883,0.0402,0.0887,0.0,0.0,1.0,1.0,0,0,0,0
2025-10-21 15:55:00,56.0,45.0,19.0,26.0,0.2677,0.1311,0.1625,0.0958,0.0,0.0,0.0,1.0,0,0,0,0
2025-10-21 16:00:00,47.0,50.0,19.0,31.0,0.208,0.1429,0.1617,0.1823,0.0,0.0,0.0,0.0,0,0,0,0
2025-10-21 16:05:00,52.0,37.0,4.0,34.0,0.2264,0.122,0.0122,0.1501,0.0,0.0,1.0,0.0,0,0,0,0
2025-10-21 16:10:00,63.0,46.0,4.0,22.0,0.2808,0.1228,0.0026,0.1114,0.0,0.0,1.0,1.0,0,0,0,0
2025-10-21 16:15:00,49.0,54.0,2.0,23.0,0.2637,0.1396,0.0008,0.1293,0.0,0.0,1.0,0.0,0,0,0,0
2025-10-21 16:20:00,43.0,41.0,3.0,27.0,0.2235,0.1167,0.0052,0.1618,0.0,0.0,1.0,0.0,0,0,0,0
2025-10-21 16:25:00,57.0,46.0,5.0,28.0,0.1957,0.1402,0.0022,0.1336,0.0,0.0,1.0,0.0,0,0,0,0
2025-10-21 16:30:00,50.0,43.0,5.0,27.0,0.2093,0.1318,0.0126,0.1111,0.0,0.0,1.0,0.0,0,0,0,0
2025-10-21 16:35:00,55.0,48.0,12.0,38.0,0.3185,0.1184,0.0257,0.1697,0.0,0.0,1.0,0.0,0,0,0,0
2025-10-21 16:40:00,59.0,44.0,15.0,33.0,0.305,0.1043,0.0296,0.0926,0.0,0.0,1.0,0.0,0,0,0,0
2025-10-21 16:45:00,56.0,42.0,10.0,32.0,0.3802,0.1404,0.0457,0.1243,0.0,0.0,1.0,0.0,0,0,0,0
2025-10-21 16:50:00,59.0,45.0,14.0,27.0,0.3362,0.1152,0.0819,0.1029,0.0,0.0,1.0,0.0,0,0,0,0
2025-10-21 16:55:00,57.0,50.0,12.0,31.0,0.4085,0.1251,0.0218,0.1063,0.0,0.0,1.0,0.0,0,0,0,0
2025-10-21 17:00:00,49.0,43.0,5.0,35.0,0.3707,0.1354,0.0066,0.1459,0.0,0.0,1.0,0.0,0,0,0,0
2025-10-21 17:05:00,59.0,51.0,6.0,32.0,0.438,0.179,0.0075,0.1281,0.0,0.0,3.0,0.0,0,0,0,0
2025-10-21 17:10:00,58.0,46.0,10.0,44.0,0.3606,0.125,0.0156,0.2674,0.0,0.0,3.0,0.0,0,0,0,0
2025-10-21 17:15:00,47.0,29.0,3.0,33.0,0.3709,0.0846,0.0019,0.1762,0.0,0.0,3.0,0.0,0,0,0,0
2025-10-21 17:20:00,61.0,47.0,24.0,23.0,0.3859,0.1105,0.0646,0.0878,0.0,0.0,3.0,3.0,0,0,0,0
2025-10-21 17:25:00,55.0,38.0,6.0,29.0,0.3578,0.1333,0.005,0.1222,0.0,0.0,3.0,0.0,0,0,0,0
2025-10-21 17:30:00,59.0,46.0,8.0,34.0,0.3845,0.1104,0.0147,0.1382,0.0,0.0,3.0,0.0,0,0,0,0
2025-10-21 17:35:00,47.0,47.0,7.0,27.0,0.2931,0.127,0.0122,0.1724,0.0,0.0,3.0,0.0,0,0,0,0
2025-10-21 17:40:00,31.0,45.0,15.0,38.0,0.3095,0.1484,0.034,0.1847,0.0,0.0,3.0,0.0,0,0,0,0
2025-10-21 17:45:00,25.0,43.0,4.0,30.0,0.2167,0.1287,0.0163,0.14,0.0,0.0,3.0,0.0,0,0,0,0
2025-10-21 17:50:00,27.0,41.0,10.0,42.0,0.2478,0.1445,0.0449,0.2587,0.0,0.0,3.0,0.0,0,0,0,0
2025-10-21 17:55:00,23.0,43.0,11.0,43.0,0.2554,0.1034,0.0207,0.2962,0.0,0.0,3.0,0.0,0,0,0,0
2025-10-21 18:00:00,15.0,37.0,15.0,38.0,0.1398,0.1625,0.1512,0.2249,3.0,0.0,3.0,0.0,0,0,0,0
2025-10-21 18:05:00,19.0,44.0,6.0,34.0,0.1762,0.1656,0.0747,0.2099,0.0,0.0,3.0,0.0,0,0,0,0
2025-10-21 18:10:00,30.0,45.0,3.0,48.0,0.187,0.162,0.01,0.1356,0.0,0.0,3.0,0.0,0,0,0,0
2025-10-21 18:15:00,34.0,43.0,12.0,33.0,0.191,0.1303,0.0163,0.1692,0.0,0.0,3.0,0.0,0,0,0,0
2025-10-21 18:20:00,9.0,41.0,5.0,41.0,0.0466,0.0979,0.0036,0.401,3.0,0.0,3.0,0.0,0,0,0,0
2025-10-21 18:25:00,43.0,35.0,15.0,34.0,0.1579,0.1045,0.0237,0.3516,0.0,0.0,3.0,0.0,0,0,0,0
2025-10-21 18:30:00,24.0,43.0,6.0,36.0,0.1556,0.1502,0.0314,0.178,0.0,0.0,3.0,0.0,0,0,0,0
2025-10-21 18:35:00,16.0,43.0,7.0,35.0,0.0843,0.1138,0.0217,0.2266,3.0,0.0,3.0,0.0,0,0,0,0
2025-10-21 18:40:00,22.0,36.0,18.0,31.0,0.0689,0.1016,0.0316,0.2249,3.0,0.0,3.0,0.0,0,0,0,0
2025-10-21 18:45:00,22.0,37.0,10.0,40.0,0.1388,0.0844,0.0383,0.2147,3.0,0.0,3.0,0.0,0,0,0,0
2025-10-21 18:50:00,18.0,45.0,11.0,32.0,0.0561,0.1383,0.0275,0.3382,3.0,0.0,3.0,0.0,0,0,0,0
2025-10-21 18:55:00,13.0,25.0,8.0,28.0,0.112,0.065,0.0229,0.1644,3.0,3.0,3.0,0.0,0,0,0,0
2025-10-21 19:00:00,20.0,34.0,15.0,29.0,0.0807,0.0796,0.0985,0.2027,3.0,0.0,3.0,0.0,0,0,0,0
2025-10-21 19:05:00,20.0,31.0,17.0,23.0,0.0628,0.0907,0.1618,0.1869,3.0,3.0,3.0,0.0,0,0,0,0
2025-10-21 19:10:00,17.0,29.0,14.0,16.0,0.0688,0.101,0.0267,0.1168,3.0,3.0,3.0,3.0,0,0,0,0
2025-10-21 19:15:00,14.0,41.0,6.0,18.0,0.0691,0.121,0.0509,0.1072,3.0,0.0,3.0,3.0,0,0,0,0
2025-10-21 19:20:00,14.0,35.0,12.0,15.0,0.0479,0.0914,0.0762,0.1304,3.0,0.0,3.0,3.0,0,0,0,0
2025-10-21 19:25:00,20.0,29.0,3.0,15.0,0.101,0.0937,0.0089,0.1062,3.0,3.0,3.0,3.0,0,0,0,0
2025-10-21 19:30:00,22.0,32.0,0.0,1.0,0.0837,0.0937,0.0,0.0414,3.0,3.0,3.0,3.0,0,0,0,0
2025-10-21 19:35:00,21.0,34.0,3.0,10.0,0.0615,0.1198,0.0465,0.082,3.0,0.0,3.0,3.0,0,0,0,0
2025-10-21 19:40:00,15.0,27.0,5.0,15.0,0.0836,0.0896,0.0379,0.1528,3.0,3.0,3.0,3.0,0,0,0,0
2025-10-21 19:45:00,16.0,32.0,1.0,8.0,0.0928,0.1153,0.0013,0.0802,3.0,0.0,3.0,3.0,0,0,0,0
2025-10-21 19:50:00,12.0,31.0,8.0,14.0,0.0807,0.1015,0.081,0.0708,3.0,3.0,3.0,3.0,0,0,0,0
2025-10-21 19:55:00,11.0,33.0,1.0,12.0,0.0274,0.1069,0.0018,0.0672,3.0,0.0,3.0,3.0,0,0,0,0
2025-10-21 20:00:00,14.0,28.0,2.0,13.0,0.0614,0.121,0.0178,0.0769,3.0,3.0,3.0,3.0,0,0,0,0
2025-10-21 21:45:00,12.0,23.0,5.0,2.0,0.0816,0.0548,0.0215,0.0112,3.0,3.0,3.0,3.0,0,0,0,0
2025-10-21 21:50:00,11.0,24.0,2.0,5.0,0.053,0.0883,0.0343,0.0415,3.0,3.0,3.0,3.0,0,0,0,0
2025-10-21 21:55:00,22.0,36.0,8.0,7.0,0.121,0.0856,0.0605,0.1152,3.0,3.0,3.0,3.0,0,0,0,0
2025-10-21 22:00:00,48.0,31.0,6.0,9.0,0.1849,0.0686,0.0349,0.0215,0.0,3.0,3.0,3.0,0,0,0,0
2025-10-21 22:05:00,42.0,30.0,2.0,3.0,0.1689,0.0747,0.0007,0.0378,0.0,3.0,3.0,3.0,0,0,0,0
2025-10-21 22:10:00,52.0,41.0,4.0,1.0,0.187,0.1039,0.0329,0.0063,0.0,0.0,3.0,3.0,0,0,0,0
2025-10-21 22:15:00,32.0,46.0,7.0,2.0,0.1308,0.1405,0.098,0.0291,3.0,0.0,3.0,3.0,0,0,0,0
2025-10-21 22:20:00,29.0,35.0,3.0,5.0,0.1105,0.0824,0.0257,0.0306,3.0,3.0,3.0,3.0,0,0,0,0
2025-10-21 22:25:00,13.0,18.0,4.0,6.0,0.073,0.0358,0.0362,0.0469,3.0,3.0,3.0,3.0,0,0,0,0
2025-10-21 22:30:00,21.0,18.0,1.0,1.0,0.1438,0.049,0.0064,0.0035,3.0,3.0,3.0,3.0,0,0,0,0
2025-10-21 22:35:00,3.0,14.0,8.0,3.0,0.0064,0.0304,0.1129,0.0285,3.0,3.0,3.0,3.0,0,0,0,0
2025-10-21 22:40:00,12.0,19.0,8.0,9.0,0.077,0.0382,0.0136,0.0696,3.0,3.0,3.0,3.0,0,0,0,0
2025-10-21 22:45:00,19.0,8.0,0.0,1.0,0.0838,0.0185,0.0,0.0063,3.0,3.0,3.0,3.0,0,0,0,0
2025-10-21 22:55:00,8.0,26.0,12.0,0.0,0.0743,0.0643,0.0636,0.0,3.0,3.0,3.0,3.0,0,0,0,0
2025-10-21 23:00:00,3.0,34.0,4.0,5.0,0.0258,0.0916,0.0068,0.0682,3.0,3.0,3.0,3.0,0,0,0,0
2025-10-21 23:05:00,5.0,26.0,4.0,1.0,0.0286,0.1067,0.0187,0.0066,3.0,3.0,3.0,3.0,0,0,0,0
2025-10-21 23:10:00,6.0,34.0,8.0,0.0,0.0236,0.1105,0.0142,0.0,3.0,3.0,3.0,3.0,0,0,0,0
2025-10-21 23:15:00,11.0,15.0,4.0,3.0,0.0467,0.0337,0.0903,0.058,3.0,3.0,3.0,3.0,0,0,0,0
2025-10-21 23:25:00,12.0,15.0,1.0,6.0,0.0476,0.0536,0.0028,0.0855,3.0,3.0,3.0,3.0,0,0,0,0
2025-10-21 23:30:00,13.0,11.0,1.0,5.0,0.044,0.0365,0.0419,0.0183,3.0,3.0,3.0,3.0,0,0,0,0
2025-10-21 23:35:00,11.0,12.0,1.0,0.0,0.0594,0.0335,0.0049,0.0,3.0,3.0,3.0,3.0,0,0,0,0
2025-10-21 23:40:00,9.0,8.0,7.0,5.0,0.0321,0.0214,0.0181,0.0162,3.0,3.0,3.0,3.0,0,0,0,0
2025-10-21 23:45:00,5.0,17.0,1.0,0.0,0.017,0.0419,0.0001,0.0,3.0,3.0,3.0,3.0,0,0,0,0
2025-10-21 23:50:00,13.0,12.0,2.0,2.0,0.0454,0.0274,0.0119,0.0155,3.0,3.0,3.0,3.0,0,0,0,0
2025-10-22 08:00:00,52.0,42.0,19.0,43.0,0.3433,0.1348,0.1636,0.204,0.0,0.0,1.0,0.0,0,0,0,0
2025-10-22 08:05:00,43.0,40.0,19.0,44.0,0.3249,0.12,0.4564,0.2055,0.0,0.0,0.0,0.0,0,0,0,0
2025-10-22 08:10:00,42.0,47.0,23.0,39.0,0.2762,0.1909,0.1746,0.2229,0.0,0.0,1.0,0.0,0,0,0,0
2025-10-22 08:15:00,39.0,35.0,8.0,40.0,0.2996,0.1135,0.0105,0.3764,0.0,1.0,1.0,0.0,0,0,0,0
2025-10-22 08:20:00,43.0,39.0,11.0,39.0,0.364,0.1064,0.0157,0.209,0.0,0.0,1.0,0.0,0,0,0,0
2025-10-22 08:25:00,33.0,40.0,5.0,37.0,0.2973,0.14,0.0953,0.2618,0.0,0.0,1.0,0.0,0,0,0,0
2025-10-22 08:30:00,47.0,39.0,11.0,38.0,0.3629,0.1349,0.0643,0.2613,0.0,0.0,1.0,0.0,0,0,0,0
2025-10-22 08:35:00,37.0,45.0,3.0,42.0,0.3015,0.1464,0.0054,0.2038,0.0,0.0,1.0,0.0,0,0,0,0
2025-10-22 08:40:00,46.0,45.0,5.0,36.0,0.3908,0.1211,0.1534,0.2374,0.0,0.0,1.0,0.0,0,0,0,0
2025-10-22 08:45:00,45.0,41.0,12.0,40.0,0.3002,0.1007,0.043,0.3535,0.0,0.0,1.0,0.0,0,0,0,0
2025-10-22 08:50:00,50.0,59.0,7.0,42.0,0.4439,0.168,0.0613,0.2932,0.0,0.0,1.0,0.0,0,0,0,0
2025-10-22 08:55:00,47.0,50.0,8.0,31.0,0.3433,0.1561,0.0103,0.1858,0.0,0.0,1.0,0.0,0,0,0,0
2025-10-22 09:00:00,52.0,50.0,4.0,41.0,0.3403,0.1391,0.0754,0.212,0.0,0.0,1.0,0.0,0,0,0,0
2025-10-22 09:05:00,52.0,54.0,12.0,29.0,0.2537,0.1232,0.0579,0.1199,0.0,0.0,1.0,1.0,0,0,0,0
2025-10-22 09:10:00,42.0,45.0,8.0,38.0,0.1876,0.1175,0.0146,0.2365,0.0,0.0,1.0,0.0,0,0,0,0
2025-10-22 09:15:00,48.0,45.0,3.0,29.0,0.283,0.1591,0.1595,0.1362,0.0,0.0,1.0,1.0,0,0,0,0
2025-10-22 09:20:00,47.0,50.0,10.0,30.0,0.3222,0.167,0.1551,0.1561,0.0,0.0,1.0,0.0,0,0,0,0
2025-10-22 09:25:00,45.0,42.0,9.0,33.0,0.3408,0.1413,0.1154,0.2762,0.0,0.0,1.0,0.0,0,0,0,0
2025-10-22 09:30:00,49.0,46.0,4.0,30.0,0.3444,0.1354,0.0033,0.222,0.0,0.0,1.0,0.0,0,0,0,0
2025-10-22 09:35:00,50.0,48.0,7.0,40.0,0.3415,0.1451,0.0342,0.1834,0.0,0.0,1.0,0.0,0,0,0,0
2025-10-22 09:40:00,47.0,44.0,4.0,34.0,0.3722,0.1259,0.0117,0.2183,0.0,0.0,1.0,0.0,0,0,0,0
2025-10-22 09:45:00,50.0,36.0,8.0,25.0,0.2853,0.1189,0.022,0.0546,0.0,0.0,1.0,1.0,0,0,0,0
2025-10-22 09:50:00,46.0,41.0,6.0,32.0,0.3523,0.1055,0.0665,0.1136,0.0,0.0,1.0,1.0,0,0,0,0
2025-10-22 09:55:00,44.0,38.0,8.0,24.0,0.3451,0.1154,0.0818,0.1536,0.0,0.0,1.0,1.0,0,0,0,0
2025-10-22 10:00:00,42.0,42.0,4.0,30.0,0.3145,0.1279,0.0043,0.0779,0.0,0.0,1.0,1.0,0,0,0,0
2025-10-22 10:05:00,36.0,47.0,3.0,35.0,0.3538,0.1384,0.0268,0.0898,0.0,0.0,1.0,1.0,0,0,0,0
2025-10-22 10:10:00,28.0,47.0,5.0,36.0,0.3333,0.109,0.0106,0.2651,0.0,0.0,1.0,0.0,0,0,0,0
2025-10-22 10:15:00,23.0,38.0,9.0,24.0,0.284,0.1234,0.0768,0.0677,0.0,0.0,1.0,1.0,0,0,0,0
2025-10-22 10:20:00,38.0,47.0,9.0,33.0,0.3808,0.1572,0.0871,0.2003,0.0,0.0,1.0,0.0,0,0,0,0
2025-10-22 10:25:00,31.0,38.0,5.0,33.0,0.295,0.1111,0.011,0.1644,0.0,0.0,1.0,0.0,0,0,0,0
2025-10-22 10:30:00,28.0,38.0,8.0,21.0,0.333,0.1152,0.0072,0.1186,0.0,0.0,1.0,1.0,0,0,0,0
2025-10-22 10:35:00,27.0,43.0,2.0,26.0,0.3316,0.1224,0.0021,0.1384,0.0,0.0,1.0,1.0,0,0,0,0
2025-10-22 10:40:00,43.0,42.0,1.0,29.0,0.3196,0.1158,0.0008,0.1534,0.0,0.0,1.0,0.0,0,0,0,0
2025-10-22 10:45:00,46.0,45.0,7.0,27.0,0.3856,0.1163,0.0107,0.1961,0.0,0.0,1.0,0.0,0,0,0,0
2025-10-22 10:50:00,47.0,30.0,5.0,25.0,0.3653,0.0756,0.0876,0.1891,0.0,1.0,1.0,0.0,0,0,0,0
2025-10-22 10:55:00,36.0,35.0,9.0,28.0,0.2864,0.1169,0.0818,0.0988,0.0,0.0,1.0,1.0,0,0,0,0
2025-10-22 11:00:00,21.0,23.0,4.0,33.0,0.1803,0.0578,0.3465,0.0971,1.0,1.0,0.0,1.0,0,0,0,0
2025-10-22 11:05:00,22.0,15.0,5.0,30.0,0.2669,0.0395,0.0435,0.1653,0.0,1.0,1.0,0.0,0,0,0,0
2025-10-22 11:10:00,19.0,31.0,0.0,33.0,0.188,0.0772,0.0,0.1921,1.0,1.0,1.0,0.0,0,0,0,0
2025-10-22 11:15:00,28.0,36.0,5.0,24.0,0.2085,0.129,0.0471,0.1007,0.0,0.0,1.0,1.0,0,0,0,0
2025-10-22 11:20:00,38.0,33.0,8.0,27.0,0.1921,0.1417,0.0229,0.116,0.0,0.0,1.0,1.0,0,0,0,0
2025-10-22 11:30:00,8.0,35.0,2.0,26.0,0.058,0.0771,0.0034,0.0689,1.0,1.0,1.0,1.0,0,0,0,0
2025-10-22 11:40:00,,28.0,,28.0,,0.0688,,0.1552,,1.0,,0.0,1,0,1,0
2025-10-22 11:50:00,18.0,,1.0,,0.2138,,0.0007,,0.0,,1.0,,0,1,0,1
2025-10-22 11:55:00,24.0,,0.0,,0.2422,,0.0,,0.0,,1.0,,0,1,0,1
2025-10-22 12:00:00,35.0,20.0,3.0,33.0,0.2866,0.0635,0.0039,0.1703,0.0,1.0,1.0,0.0,0,0,0,0
2025-10-22 12:15:00,,14.0,,,,0.0617,,,,1.0,,,1,0,1,1
2025-10-22 12:20:00,,,,24.0,,,,0.1357,,,,1.0,1,1,1,0
2025-10-22 12:40:00,14.0,,3.0,,0.0751,,0.0099,,1.0,,1.0,,0,1,0,1
2025-10-22 12:50:00,,,7.0,19.0,,,0.0152,0.1007,,,1.0,1.0,1,1,0,0
2025-10-22 12:55:00,,34.0,,,,0.0979,,,,0.0,,,1,0,1,1
2025-10-22 13:00:00,,,7.0,,,,0.0907,,,,1.0,,1,1,0,1
2025-10-22 13:15:00,,,,33.0,,,,0.1365,,,,0.0,1,1,1,0
2025-10-22 13:20:00,17.0,,,,0.1175,,,,1.0,,,,0,1,1,1
