upstream_camera,downstream_camera,upstream_time,downstream_time,propagation_lag_min,upstream_state,downstream_state,state_increase,sequence_id,upstream_state_name,downstream_state_name,severity_score,increase_score,speed_score,event_count,link_reliability,age_minutes,recency_score,risk_raw,risk_score,risk_level
2701,2704,2025-10-21 22:00:00,2025-10-21 22:05:00,5.0,0,3,3,10,Very Light,Severe,0.0,1.0,1.0,746,1.0,845.0,0.00087466756748785,0.6000874667567487,60.01,MEDIUM
2701,2704,2025-10-21 22:05:00,2025-10-21 22:10:00,5.0,0,3,3,10,Very Light,Severe,0.0,1.0,1.0,746,1.0,840.0,0.0009118819655545162,0.6000911881965554,60.01,MEDIUM
2701,2704,2025-10-21 21:55:00,2025-10-21 22:00:00,5.0,0,3,3,10,Very Light,Severe,0.0,1.0,1.0,746,1.0,850.0,0.0008389719092096418,0.6000838971909209,60.01,MEDIUM
2701,2704,2025-10-15 22:40:00,2025-10-15 22:45:00,5.0,0,3,3,2,Very Light,Severe,0.0,1.0,1.0,746,1.0,9445.0,6.567576701496972e-35,0.6,60.0,MEDIUM
2701,2704,2025-10-15 22:50:00,2025-10-15 22:55:00,5.0,0,3,3,2,Very Light,Severe,0.0,1.0,1.0,746,1.0,9435.0,7.1383257123983e-35,0.6,60.0,MEDIUM
2701,2704,2025-10-15 22:45:00,2025-10-15 22:50:00,5.0,0,3,3,2,Very Light,Severe,0.0,1.0,1.0,746,1.0,9440.0,6.847006764743495e-35,0.6,60.0,MEDIUM
2701,2704,2025-10-15 22:25:00,2025-10-15 22:30:00,5.0,0,3,3,2,Very Light,Severe,0.0,1.0,1.0,746,1.0,9460.0,5.795866096557832e-35,0.6,60.0,MEDIUM
2701,2704,2025-10-15 22:30:00,2025-10-15 22:35:00,5.0,0,3,3,2,Very Light,Severe,0.0,1.0,1.0,746,1.0,9455.0,6.042462261861906e-35,0.6,60.0,MEDIUM
2701,2704,2025-10-15 22:35:00,2025-10-15 22:40:00,5.0,0,3,3,2,Very Light,Severe,0.0,1.0,1.0,746,1.0,9450.0,6.299550330831476e-35,0.6,60.0,MEDIUM
2701,2704,2025-10-21 17:00:00,2025-10-21 17:05:00,5.0,0,3,3,9,Very Light,Severe,0.0,1.0,1.0,746,1.0,1145.0,7.179708607360914e-05,0.6000071797086073,60.0,MEDIUM
2701,2704,2025-10-21 18:25:00,2025-10-21 18:30:00,5.0,0,3,3,9,Very Light,Severe,0.0,1.0,1.0,746,1.0,1060.0,0.00014579145710750816,0.6000145791457108,60.0,MEDIUM
2701,2704,2025-10-21 18:20:00,2025-10-21 18:25:00,5.0,0,3,3,9,Very Light,Severe,0.0,1.0,1.0,746,1.0,1065.0,0.00013984162859410104,0.6000139841628593,60.0,MEDIUM
2701,2704,2025-10-21 18:10:00,2025-10-21 18:15:00,5.0,0,3,3,9,Very Light,Severe,0.0,1.0,1.0,746,1.0,1075.0,0.00012866050932067085,0.6000128660509321,60.0,MEDIUM
2701,2704,2025-10-21 18:05:00,2025-10-21 18:10:00,5.0,0,3,3,9,Very Light,Severe,0.0,1.0,1.0,746,1.0,1080.0,0.00012340980408667956,0.6000123409804087,60.0,MEDIUM
2701,2704,2025-10-21 18:00:00,2025-10-21 18:05:00,5.0,0,3,3,9,Very Light,Severe,0.0,1.0,1.0,746,1.0,1085.0,0.00011837338298384733,0.6000118373382983,60.0,MEDIUM
2701,2704,2025-10-21 17:50:00,2025-10-21 17:55:00,5.0,0,3,3,9,Very Light,Severe,0.0,1.0,1.0,746,1.0,1095.0,0.00010890876985506645,0.6000108908769854,60.0,MEDIUM
2701,2704,2025-10-21 17:45:00,2025-10-21 17:50:00,5.0,0,3,3,9,Very Light,Severe,0.0,1.0,1.0,746,1.0,1100.0,0.00010446414383170532,0.6000104464143832,60.0,MEDIUM
2701,2704,2025-10-15 23:10:00,2025-10-15 23:15:00,5.0,0,3,3,2,Very Light,Severe,0.0,1.0,1.0,746,1.0,9415.0,8.432935410768352e-35,0.6,60.0,MEDIUM
2701,2704,2025-10-15 23:05:00,2025-10-15 23:10:00,5.0,0,3,3,2,Very Light,Severe,0.0,1.0,1.0,746,1.0,9420.0,8.088782738491285e-35,0.6,60.0,MEDIUM
2701,2704,2025-10-15 23:00:00,2025-10-15 23:05:00,5.0,0,3,3,2,Very Light,Severe,0.0,1.0,1.0,746,1.0,9425.0,7.758675123607186e-35,0.6,60.0,MEDIUM
2701,2704,2025-10-15 22:55:00,2025-10-15 23:00:00,5.0,0,3,3,2,Very Light,Severe,0.0,1.0,1.0,746,1.0,9430.0,7.442039379699023e-35,0.6,60.0,MEDIUM
2701,2704,2025-10-20 23:45:00,2025-10-20 23:50:00,5.0,0,3,3,8,Very Light,Severe,0.0,1.0,1.0,746,1.0,2180.0,1.2891899524353445e-08,0.60000000128919,60.0,MEDIUM
2701,2704,2025-10-20 18:25:00,2025-10-20 18:30:00,5.0,0,3,3,8,Very Light,Severe,0.0,1.0,1.0,746,1.0,2500.0,8.95773671769673e-10,0.6000000000895773,60.0,MEDIUM
2701,2704,2025-10-20 18:10:00,2025-10-20 18:15:00,5.0,0,3,3,8,Very Light,Severe,0.0,1.0,1.0,746,1.0,2515.0,7.905174907535665e-10,0.6000000000790517,60.0,MEDIUM
2701,2704,2025-10-20 17:00:00,2025-10-20 17:05:00,5.0,0,3,3,8,Very Light,Severe,0.0,1.0,1.0,746,1.0,2585.0,4.4113654318643727e-10,0.6000000000441136,60.0,MEDIUM
2701,2704,2025-10-20 15:55:00,2025-10-20 16:00:00,5.0,2,3,1,8,Moderate,Severe,0.6666666666666666,0.3333333333333333,1.0,746,1.0,2650.0,2.566434538630768e-10,0.6000000000256643,60.0,MEDIUM
2701,2704,2025-10-15 23:20:00,2025-10-15 23:25:00,5.0,0,3,3,2,Very Light,Severe,0.0,1.0,1.0,746,1.0,9405.0,9.165791647315047e-35,0.6,60.0,MEDIUM
2701,2704,2025-10-15 23:15:00,2025-10-15 23:20:00,5.0,0,3,3,2,Very Light,Severe,0.0,1.0,1.0,746,1.0,9410.0,8.791730714163551e-35,0.6,60.0,MEDIUM
2701,2704,2025-10-19 18:00:00,2025-10-19 18:05:00,5.0,0,3,3,7,Very Light,Severe,0.0,1.0,1.0,746,1.0,3965.0,4.468754472255024e-15,0.6000000000000004,60.0,MEDIUM
2701,2704,2025-10-19 17:55:00,2025-10-19 18:00:00,5.0,0,3,3,7,Very Light,Severe,0.0,1.0,1.0,746,1.0,3970.0,4.2863821761963096e-15,0.6000000000000004,60.0,MEDIUM
2701,2704,2025-10-19 17:50:00,2025-10-19 17:55:00,5.0,0,3,3,7,Very Light,Severe,0.0,1.0,1.0,746,1.0,3975.0,4.111452592548034e-15,0.6000000000000004,60.0,MEDIUM
2701,2704,2025-10-19 17:45:00,2025-10-19 17:50:00,5.0,0,3,3,7,Very Light,Severe,0.0,1.0,1.0,746,1.0,3980.0,3.943661980176117e-15,0.6000000000000004,60.0,MEDIUM
2701,2704,2025-10-19 17:40:00,2025-10-19 17:45:00,5.0,0,3,3,7,Very Light,Severe,0.0,1.0,1.0,746,1.0,3985.0,3.78271899378706e-15,0.6000000000000003,60.0,MEDIUM
2701,2704,2025-10-19 17:35:00,2025-10-19 17:40:00,5.0,0,3,3,7,Very Light,Severe,0.0,1.0,1.0,746,1.0,3990.0,3.628344178047045e-15,0.6000000000000003,60.0,MEDIUM
2701,2704,2025-10-19 23:55:00,2025-10-20 00:00:00,5.0,0,3,3,7,Very Light,Severe,0.0,1.0,1.0,746,1.0,3610.0,8.609428746688478e-14,0.6000000000000086,60.0,MEDIUM
2701,2704,2025-10-19 23:50:00,2025-10-19 23:55:00,5.0,0,3,3,7,Very Light,Severe,0.0,1.0,1.0,746,1.0,3615.0,8.25807328555592e-14,0.6000000000000082,60.0,MEDIUM
2701,2704,2025-10-19 18:15:00,2025-10-19 18:20:00,5.0,0,3,3,7,Very Light,Severe,0.0,1.0,1.0,746,1.0,3950.0,5.063762217371242e-15,0.6000000000000005,60.0,MEDIUM
2701,2704,2025-10-19 18:10:00,2025-10-19 18:15:00,5.0,0,3,3,7,Very Light,Severe,0.0,1.0,1.0,746,1.0,3955.0,4.857107332210064e-15,0.6000000000000004,60.0,MEDIUM
2701,2704,2025-10-19 18:05:00,2025-10-19 18:10:00,5.0,0,3,3,7,Very Light,Severe,0.0,1.0,1.0,746,1.0,3960.0,4.658886145103398e-15,0.6000000000000004,60.0,MEDIUM
2701,2704,2025-10-19 17:30:00,2025-10-19 17:35:00,5.0,0,3,3,7,Very Light,Severe,0.0,1.0,1.0,746,1.0,3995.0,3.480269482346055e-15,0.6000000000000003,60.0,MEDIUM
2701,2704,2025-10-19 17:25:00,2025-10-19 17:30:00,5.0,0,3,3,7,Very Light,Severe,0.0,1.0,1.0,746,1.0,4000.0,3.3382377953649984e-15,0.6000000000000003,60.0,MEDIUM
2701,2704,2025-10-19 17:20:00,2025-10-19 17:25:00,5.0,0,3,3,7,Very Light,Severe,0.0,1.0,1.0,746,1.0,4005.0,3.2020024986373665e-15,0.6000000000000003,60.0,MEDIUM
2701,2704,2025-10-19 17:15:00,2025-10-19 17:20:00,5.0,0,3,3,7,Very Light,Severe,0.0,1.0,1.0,746,1.0,4010.0,3.071327038330087e-15,0.6000000000000003,60.0,MEDIUM
2701,2704,2025-10-19 17:10:00,2025-10-19 17:15:00,5.0,0,3,3,7,Very Light,Severe,0.0,1.0,1.0,746,1.0,4015.0,2.9459845145004394e-15,0.6000000000000003,60.0,MEDIUM
2701,2704,2025-10-19 17:05:00,2025-10-19 17:10:00,5.0,0,3,3,7,Very Light,Severe,0.0,1.0,1.0,746,1.0,4020.0,2.825757287115611e-15,0.6000000000000003,60.0,MEDIUM
2701,2704,2025-10-19 17:00:00,2025-10-19 17:05:00,5.0,0,3,3,7,Very Light,Severe,0.0,1.0,1.0,746,1.0,4025.0,2.7104365981506207e-15,0.6000000000000002,60.0,MEDIUM
2701,2704,2025-10-19 16:55:00,2025-10-19 17:00:00,5.0,0,3,3,7,Very Light,Severe,0.0,1.0,1.0,746,1.0,4030.0,2.5998222091088208e-15,0.6000000000000002,60.0,MEDIUM
2701,2704,2025-10-18 16:55:00,2025-10-18 17:00:00,5.0,2,3,1,6,Moderate,Severe,0.6666666666666666,0.3333333333333333,1.0,746,1.0,5470.0,1.5973859733663455e-20,0.6,60.0,MEDIUM
2701,2704,2025-10-18 23:55:00,2025-10-19 00:00:00,5.0,0,3,3,6,Very Light,Severe,0.0,1.0,1.0,746,1.0,5050.0,5.289815846050216e-19,0.6,60.0,MEDIUM
2701,2704,2025-10-18 23:50:00,2025-10-18 23:55:00,5.0,0,3,3,6,Very Light,Severe,0.0,1.0,1.0,746,1.0,5055.0,5.073935589580236e-19,0.6,60.0,MEDIUM
2701,2704,2025-10-18 23:45:00,2025-10-18 23:50:00,5.0,0,3,3,6,Very Light,Severe,0.0,1.0,1.0,746,1.0,5060.0,4.866865523576213e-19,0.6,60.0,MEDIUM
2701,2704,2025-10-18 23:35:00,2025-10-18 23:40:00,5.0,0,3,3,6,Very Light,Severe,0.0,1.0,1.0,746,1.0,5070.0,4.4777324417183015e-19,0.6,60.0,MEDIUM
2701,2704,2025-10-18 19:45:00,2025-10-18 19:50:00,5.0,0,3,3,6,Very Light,Severe,0.0,1.0,1.0,746,1.0,5300.0,6.586586241076922e-20,0.6,60.0,MEDIUM
2701,2704,2025-10-18 17:25:00,2025-10-18 17:30:00,5.0,0,3,3,6,Very Light,Severe,0.0,1.0,1.0,746,1.0,5440.0,2.051084190062875e-20,0.6,60.0,MEDIUM
2701,2704,2025-10-17 22:35:00,2025-10-17 22:40:00,5.0,0,3,3,5,Very Light,Severe,0.0,1.0,1.0,746,1.0,6570.0,1.668695580764908e-24,0.6,60.0,MEDIUM
2701,2704,2025-10-17 22:30:00,2025-10-17 22:35:00,5.0,0,3,3,5,Very Light,Severe,0.0,1.0,1.0,746,1.0,6575.0,1.600595208194314e-24,0.6,60.0,MEDIUM
2701,2704,2025-10-17 22:25:00,2025-10-17 22:30:00,5.0,0,3,3,5,Very Light,Severe,0.0,1.0,1.0,746,1.0,6580.0,1.5352740487993847e-24,0.6,60.0,MEDIUM
2701,2704,2025-10-17 22:20:00,2025-10-17 22:25:00,5.0,0,3,3,5,Very Light,Severe,0.0,1.0,1.0,746,1.0,6585.0,1.4726186813816338e-24,0.6,60.0,MEDIUM
2701,2704,2025-10-17 22:15:00,2025-10-17 22:20:00,5.0,0,3,3,5,Very Light,Severe,0.0,1.0,1.0,746,1.0,6590.0,1.4125203135232277e-24,0.6,60.0,MEDIUM
2701,2704,2025-10-17 22:10:00,2025-10-17 22:15:00,5.0,0,3,3,5,Very Light,Severe,0.0,1.0,1.0,746,1.0,6595.0,1.354874592683968e-24,0.6,60.0,MEDIUM
2701,2704,2025-10-17 22:05:00,2025-10-17 22:10:00,5.0,0,3,3,5,Very Light,Severe,0.0,1.0,1.0,746,1.0,6600.0,1.2995814250075031e-24,0.6,60.0,MEDIUM
2701,2704,2025-10-17 21:05:00,2025-10-17 21:10:00,5.0,0,3,3,5,Very Light,Severe,0.0,1.0,1.0,746,1.0,6660.0,7.882359790600851e-25,0.6,60.0,MEDIUM
2701,2704,2025-10-17 20:45:00,2025-10-17 20:50:00,5.0,0,3,3,5,Very Light,Severe,0.0,1.0,1.0,746,1.0,6680.0,6.672273511756243e-25,0.6,60.0,MEDIUM
2701,2704,2025-10-17 19:05:00,2025-10-17 19:10:00,5.0,0,3,3,5,Very Light,Severe,0.0,1.0,1.0,746,1.0,6780.0,2.899758114878488e-25,0.6,60.0,MEDIUM
2701,2704,2025-10-17 17:40:00,2025-10-17 17:45:00,5.0,0,3,3,4,Very Light,Severe,0.0,1.0,1.0,746,1.0,6865.0,1.4280273144746202e-25,0.6,60.0,MEDIUM
2701,2704,2025-10-17 17:35:00,2025-10-17 17:40:00,5.0,0,3,3,4,Very Light,Severe,0.0,1.0,1.0,746,1.0,6870.0,1.3697487445079347e-25,0.6,60.0,MEDIUM
2701,2704,2025-10-17 17:30:00,2025-10-17 17:35:00,5.0,0,3,3,4,Very Light,Severe,0.0,1.0,1.0,746,1.0,6875.0,1.3138485546204927e-25,0.6,60.0,MEDIUM
2701,2704,2025-10-17 17:25:00,2025-10-17 17:30:00,5.0,0,3,3,4,Very Light,Severe,0.0,1.0,1.0,746,1.0,6880.0,1.2602296818300503e-25,0.6,60.0,MEDIUM
2701,2704,2025-10-17 23:25:00,2025-10-17 23:30:00,5.0,0,3,3,5,Very Light,Severe,0.0,1.0,1.0,746,1.0,6520.0,2.5312389806094523e-24,0.6,60.0,MEDIUM
2701,2704,2025-10-17 23:20:00,2025-10-17 23:25:00,5.0,0,3,3,5,Very Light,Severe,0.0,1.0,1.0,746,1.0,6525.0,2.4279377436242744e-24,0.6,60.0,MEDIUM
2701,2704,2025-10-17 23:15:00,2025-10-17 23:20:00,5.0,0,3,3,5,Very Light,Severe,0.0,1.0,1.0,746,1.0,6530.0,2.3288522862017594e-24,0.6,60.0,MEDIUM
2701,2704,2025-10-17 22:50:00,2025-10-17 22:55:00,5.0,0,3,3,5,Very Light,Severe,0.0,1.0,1.0,746,1.0,6555.0,1.8908798159832048e-24,0.6,60.0,MEDIUM
2701,2704,2025-10-17 22:45:00,2025-10-17 22:50:00,5.0,0,3,3,5,Very Light,Severe,0.0,1.0,1.0,746,1.0,6560.0,1.8137119841515616e-24,0.6,60.0,MEDIUM
2701,2704,2025-10-17 22:40:00,2025-10-17 22:45:00,5.0,0,3,3,5,Very Light,Severe,0.0,1.0,1.0,746,1.0,6565.0,1.739693413430666e-24,0.6,60.0,MEDIUM
2701,2704,2025-10-17 17:00:00,2025-10-17 17:05:00,5.0,0,3,3,4,Very Light,Severe,0.0,1.0,1.0,746,1.0,6905.0,1.0232262831756732e-25,0.6,60.0,MEDIUM
2701,2704,2025-10-17 16:55:00,2025-10-17 17:00:00,5.0,0,3,3,4,Very Light,Severe,0.0,1.0,1.0,746,1.0,6910.0,9.814678630590705e-26,0.6,60.0,MEDIUM
2701,2704,2025-10-17 16:30:00,2025-10-17 16:35:00,5.0,0,3,3,4,Very Light,Severe,0.0,1.0,1.0,746,1.0,6935.0,7.968894305964573e-26,0.6,60.0,MEDIUM
2701,2704,2025-10-17 16:25:00,2025-10-17 16:30:00,5.0,0,3,3,4,Very Light,Severe,0.0,1.0,1.0,746,1.0,6940.0,7.643679403098225e-26,0.6,60.0,MEDIUM
2701,2704,2025-10-17 16:20:00,2025-10-17 16:25:00,5.0,0,3,3,4,Very Light,Severe,0.0,1.0,1.0,746,1.0,6945.0,7.331736696974105e-26,0.6,60.0,MEDIUM
2701,2704,2025-10-17 20:30:00,2025-10-17 20:35:00,5.0,0,3,3,5,Very Light,Severe,0.0,1.0,1.0,746,1.0,6695.0,5.888260707322126e-25,0.6,60.0,MEDIUM
2701,2704,2025-10-17 20:05:00,2025-10-17 20:10:00,5.0,0,3,3,5,Very Light,Severe,0.0,1.0,1.0,746,1.0,6720.0,4.780892883885469e-25,0.6,60.0,MEDIUM
2701,2704,2025-10-17 17:15:00,2025-10-17 17:20:00,5.0,0,3,3,4,Very Light,Severe,0.0,1.0,1.0,746,1.0,6890.0,1.1594672799178323e-25,0.6,60.0,MEDIUM
2701,2704,2025-10-17 17:10:00,2025-10-17 17:15:00,5.0,0,3,3,4,Very Light,Severe,0.0,1.0,1.0,746,1.0,6895.0,1.1121487907601894e-25,0.6,60.0,MEDIUM
2701,2704,2025-10-17 17:05:00,2025-10-17 17:10:00,5.0,0,3,3,4,Very Light,Severe,0.0,1.0,1.0,746,1.0,6900.0,1.0667613948338533e-25,0.6,60.0,MEDIUM
2701,2704,2025-10-16 22:35:00,2025-10-16 22:40:00,5.0,0,3,3,3,Very Light,Severe,0.0,1.0,1.0,746,1.0,8010.0,1.025282000127994e-29,0.6,60.0,MEDIUM
2701,2704,2025-10-16 22:25:00,2025-10-16 22:30:00,5.0,0,3,3,3,Very Light,Severe,0.0,1.0,1.0,746,1.0,8020.0,9.433049776377464e-30,0.6,60.0,MEDIUM
2701,2704,2025-10-16 22:20:00,2025-10-16 22:25:00,5.0,0,3,3,3,Very Light,Severe,0.0,1.0,1.0,746,1.0,8025.0,9.048081893886934e-30,0.6,60.0,MEDIUM
2701,2704,2025-10-16 22:10:00,2025-10-16 22:15:00,5.0,0,3,3,3,Very Light,Severe,0.0,1.0,1.0,746,1.0,8035.0,8.324637209579422e-30,0.6,60.0,MEDIUM
2701,2704,2025-10-16 22:05:00,2025-10-16 22:10:00,5.0,0,3,3,3,Very Light,Severe,0.0,1.0,1.0,746,1.0,8040.0,7.984904245686979e-30,0.6,60.0,MEDIUM
2701,2704,2025-10-16 22:00:00,2025-10-16 22:05:00,5.0,0,3,3,3,Very Light,Severe,0.0,1.0,1.0,746,1.0,8045.0,7.659035968488909e-30,0.6,60.0,MEDIUM
2701,2704,2025-10-16 21:55:00,2025-10-16 22:00:00,5.0,0,3,3,3,Very Light,Severe,0.0,1.0,1.0,746,1.0,8050.0,7.34646655259431e-30,0.6,60.0,MEDIUM
2701,2704,2025-10-16 21:50:00,2025-10-16 21:55:00,5.0,0,3,3,3,Very Light,Severe,0.0,1.0,1.0,746,1.0,8055.0,7.046653264253344e-30,0.6,60.0,MEDIUM
2701,2704,2025-10-16 21:30:00,2025-10-16 21:35:00,5.0,0,3,3,3,Very Light,Severe,0.0,1.0,1.0,746,1.0,8075.0,5.964863209831218e-30,0.6,60.0,MEDIUM
2701,2704,2025-10-16 21:25:00,2025-10-16 21:30:00,5.0,0,3,3,3,Very Light,Severe,0.0,1.0,1.0,746,1.0,8080.0,5.721433903968332e-30,0.6,60.0,MEDIUM
2701,2704,2025-10-16 21:20:00,2025-10-16 21:25:00,5.0,0,3,3,3,Very Light,Severe,0.0,1.0,1.0,746,1.0,8085.0,5.487939080233175e-30,0.6,60.0,MEDIUM
2701,2704,2025-10-16 21:10:00,2025-10-16 21:15:00,5.0,0,3,3,3,Very Light,Severe,0.0,1.0,1.0,746,1.0,8095.0,5.0491476985945424e-30,0.6,60.0,MEDIUM
2701,2704,2025-10-16 21:05:00,2025-10-16 21:10:00,5.0,0,3,3,3,Very Light,Severe,0.0,1.0,1.0,746,1.0,8100.0,4.843089239878731e-30,0.6,60.0,MEDIUM
2701,2704,2025-10-16 21:00:00,2025-10-16 21:05:00,5.0,0,3,3,3,Very Light,Severe,0.0,1.0,1.0,746,1.0,8105.0,4.645440138730367e-30,0.6,60.0,MEDIUM
2701,2704,2025-10-16 20:55:00,2025-10-16 21:00:00,5.0,0,3,3,3,Very Light,Severe,0.0,1.0,1.0,746,1.0,8110.0,4.4558572047018224e-30,0.6,60.0,MEDIUM
2701,2704,2025-10-16 20:45:00,2025-10-16 20:50:00,5.0,0,3,3,3,Very Light,Severe,0.0,1.0,1.0,746,1.0,8120.0,4.0995865335717014e-30,0.6,60.0,MEDIUM
2701,2704,2025-10-16 17:25:00,2025-10-16 17:30:00,5.0,0,3,3,3,Very Light,Severe,0.0,1.0,1.0,746,1.0,8320.0,7.74311877913113e-31,0.6,60.0,MEDIUM
2701,2704,2025-10-16 17:15:00,2025-10-16 17:20:00,5.0,0,3,3,3,Very Light,Severe,0.0,1.0,1.0,746,1.0,8330.0,7.124013184550953e-31,0.6,60.0,MEDIUM
2701,2704,2025-10-16 17:00:00,2025-10-16 17:05:00,5.0,0,3,3,3,Very Light,Severe,0.0,1.0,1.0,746,1.0,8345.0,6.286919569338035e-31,0.6,60.0,MEDIUM
2701,2704,2025-10-16 16:55:00,2025-10-16 17:00:00,5.0,0,3,3,3,Very Light,Severe,0.0,1.0,1.0,746,1.0,8350.0,6.030346968602224e-31,0.6,60.0,MEDIUM
2701,2704,2025-10-15 22:20:00,2025-10-15 22:25:00,5.0,0,3,3,2,Very Light,Severe,0.0,1.0,1.0,746,1.0,9465.0,5.559333654634541e-35,0.6,60.0,MEDIUM
2701,2704,2025-10-15 22:15:00,2025-10-15 22:20:00,5.0,0,3,3,2,Very Light,Severe,0.0,1.0,1.0,746,1.0,9470.0,5.33245423007744e-35,0.6,60.0,MEDIUM
2701,2704,2025-10-15 22:10:00,2025-10-15 22:15:00,5.0,0,3,3,2,Very Light,Severe,0.0,1.0,1.0,746,1.0,9475.0,5.114833878007356e-35,0.6,60.0,MEDIUM
2701,2704,2025-10-15 22:05:00,2025-10-15 22:10:00,5.0,0,3,3,2,Very Light,Severe,0.0,1.0,1.0,746,1.0,9480.0,4.906094730649281e-35,0.6,60.0,MEDIUM
2701,2704,2025-10-15 22:00:00,2025-10-15 22:05:00,5.0,0,3,3,2,Very Light,Severe,0.0,1.0,1.0,746,1.0,9485.0,4.7058743412174646e-35,0.6,60.0,MEDIUM
2701,2704,2025-10-15 21:55:00,2025-10-15 22:00:00,5.0,0,3,3,2,Very Light,Severe,0.0,1.0,1.0,746,1.0,9490.0,4.513825054576246e-35,0.6,60.0,MEDIUM
2701,2704,2025-10-21 17:40:00,2025-10-21 17:45:00,5.0,0,3,3,9,Very Light,Severe,0.0,1.0,1.0,746,1.0,1105.0,0.00010020090540930423,0.6000100200905409,60.0,MEDIUM
2701,2704,2025-10-21 17:35:00,2025-10-21 17:40:00,5.0,0,3,3,9,Very Light,Severe,0.0,1.0,1.0,746,1.0,1110.0,9.61116520613947e-05,0.6000096111652061,60.0,MEDIUM
2701,2704,2025-10-21 17:30:00,2025-10-21 17:35:00,5.0,0,3,3,9,Very Light,Severe,0.0,1.0,1.0,746,1.0,1115.0,9.218928336263161e-05,0.6000092189283363,60.0,MEDIUM
2701,2704,2025-10-21 17:25:00,2025-10-21 17:30:00,5.0,0,3,3,9,Very Light,Severe,0.0,1.0,1.0,746,1.0,1120.0,8.842698865988302e-05,0.600008842698866,60.0,MEDIUM
2701,2704,2025-10-21 17:20:00,2025-10-21 17:25:00,5.0,0,3,3,9,Very Light,Severe,0.0,1.0,1.0,746,1.0,1125.0,8.481823524646916e-05,0.6000084818235246,60.0,MEDIUM
2701,2704,2025-10-21 17:15:00,2025-10-21 17:20:00,5.0,0,3,3,9,Very Light,Severe,0.0,1.0,1.0,746,1.0,1130.0,8.135675701901597e-05,0.6000081356757019,60.0,MEDIUM
2701,2704,2025-10-21 17:10:00,2025-10-21 17:15:00,5.0,0,3,3,9,Very Light,Severe,0.0,1.0,1.0,746,1.0,1135.0,7.80365435972299e-05,0.6000078036543597,60.0,MEDIUM
2701,2704,2025-10-21 17:05:00,2025-10-21 17:10:00,5.0,0,3,3,9,Very Light,Severe,0.0,1.0,1.0,746,1.0,1140.0,7.48518298877006e-05,0.6000074851829887,60.0,MEDIUM
2701,2704,2025-10-18 16:50:00,2025-10-18 17:00:00,10.0,2,3,1,6,Moderate,Severe,0.6666666666666666,0.3333333333333333,0.9090909090909091,746,1.0,5475.0,1.5321957845870205e-20,0.5863636363636363,58.64,MEDIUM
2701,2704,2025-10-17 19:00:00,2025-10-17 19:10:00,10.0,0,3,3,5,Very Light,Severe,0.0,1.0,0.9090909090909091,746,1.0,6785.0,2.7814174119581217e-25,0.5863636363636363,58.64,MEDIUM
2701,2704,2025-10-17 16:50:00,2025-10-17 17:00:00,10.0,0,3,3,4,Very Light,Severe,0.0,1.0,0.9090909090909091,746,1.0,6915.0,9.414136267376981e-26,0.5863636363636363,58.64,MEDIUM
2701,2704,2025-10-17 16:15:00,2025-10-17 16:25:00,10.0,0,3,3,4,Very Light,Severe,0.0,1.0,0.9090909090909091,746,1.0,6950.0,7.032524542037755e-26,0.5863636363636363,58.64,MEDIUM
2701,2704,2025-10-17 17:20:00,2025-10-17 17:30:00,10.0,0,3,3,4,Very Light,Severe,0.0,1.0,0.9090909090909091,746,1.0,6885.0,1.2087990243473908e-25,0.5863636363636363,58.64,MEDIUM
2701,2704,2025-10-20 15:50:00,2025-10-20 16:00:00,10.0,2,3,1,8,Moderate,Severe,0.6666666666666666,0.3333333333333333,0.9090909090909091,746,1.0,2655.0,2.4616969518153846e-10,0.5863636363882533,58.64,MEDIUM
2701,2704,2025-10-16 22:15:00,2025-10-16 22:25:00,10.0,0,3,3,3,Very Light,Severe,0.0,1.0,0.9090909090909091,746,1.0,8030.0,8.67882475967639e-30,0.5863636363636363,58.64,MEDIUM
2701,2704,2025-10-16 20:50:00,2025-10-16 21:00:00,10.0,0,3,3,3,Very Light,Severe,0.0,1.0,0.9090909090909091,746,1.0,8115.0,4.274011253133763e-30,0.5863636363636363,58.64,MEDIUM
2701,2704,2025-10-16 20:40:00,2025-10-16 20:50:00,10.0,0,3,3,3,Very Light,Severe,0.0,1.0,0.9090909090909091,746,1.0,8125.0,3.9322801815086116e-30,0.5863636363636363,58.64,MEDIUM
2701,2704,2025-10-16 17:20:00,2025-10-16 17:30:00,10.0,0,3,3,3,Very Light,Severe,0.0,1.0,0.9090909090909091,746,1.0,8325.0,7.427117898086325e-31,0.5863636363636363,58.64,MEDIUM
2701,2704,2025-10-16 17:10:00,2025-10-16 17:20:00,10.0,0,3,3,3,Very Light,Severe,0.0,1.0,0.9090909090909091,746,1.0,8335.0,6.833278338927836e-31,0.5863636363636363,58.64,MEDIUM
2702,2704,2025-10-21 22:10:00,2025-10-21 22:15:00,5.0,0,3,3,10,Very Light,Severe,0.0,1.0,1.0,654,0.8766756032171582,835.0,0.0009506797210874275,0.5815964084546825,58.16,MEDIUM
2702,2704,2025-10-21 22:05:00,2025-10-21 22:10:00,5.0,0,3,3,10,Very Light,Severe,0.0,1.0,1.0,654,0.8766756032171582,840.0,0.0009118819655545162,0.5815925286791291,58.16,MEDIUM
2702,2704,2025-10-16 17:00:00,2025-10-16 17:05:00,5.0,0,3,3,3,Very Light,Severe,0.0,1.0,1.0,654,0.8766756032171582,8345.0,6.286919569338035e-31,0.5815013404825737,58.15,MEDIUM
2702,2704,2025-10-16 16:55:00,2025-10-16 17:00:00,5.0,0,3,3,3,Very Light,Severe,0.0,1.0,1.0,654,0.8766756032171582,8350.0,6.030346968602224e-31,0.5815013404825737,58.15,MEDIUM
2702,2704,2025-10-18 22:35:00,2025-10-18 22:40:00,5.0,0,3,3,6,Very Light,Severe,0.0,1.0,1.0,654,0.8766756032171582,5130.0,2.7158820118920623e-19,0.5815013404825737,58.15,MEDIUM
2702,2704,2025-10-18 22:45:00,2025-10-18 22:50:00,5.0,0,3,3,6,Very Light,Severe,0.0,1.0,1.0,654,0.8766756032171582,5120.0,2.9519031567473517e-19,0.5815013404825737,58.15,MEDIUM
2702,2704,2025-10-18 22:50:00,2025-10-18 22:55:00,5.0,0,3,3,6,Very Light,Severe,0.0,1.0,1.0,654,0.8766756032171582,5115.0,3.07749750048751e-19,0.5815013404825737,58.15,MEDIUM
2702,2704,2025-10-18 22:55:00,2025-10-18 23:00:00,5.0,0,3,3,6,Very Light,Severe,0.0,1.0,1.0,654,0.8766756032171582,5110.0,3.20843549486318e-19,0.5815013404825737,58.15,MEDIUM
2702,2704,2025-10-21 18:10:00,2025-10-21 18:15:00,5.0,0,3,3,9,Very Light,Severe,0.0,1.0,1.0,654,0.8766756032171582,1075.0,0.00012866050932067085,0.5815142065335058,58.15,MEDIUM
2702,2704,2025-10-21 18:15:00,2025-10-21 18:20:00,5.0,0,3,3,9,Very Light,Severe,0.0,1.0,1.0,654,0.8766756032171582,1070.0,0.00013413461581243357,0.581514753944155,58.15,MEDIUM
2702,2704,2025-10-21 18:05:00,2025-10-21 18:10:00,5.0,0,3,3,9,Very Light,Severe,0.0,1.0,1.0,654,0.8766756032171582,1080.0,0.00012340980408667956,0.5815136814629824,58.15,MEDIUM
2702,2704,2025-10-21 18:00:00,2025-10-21 18:05:00,5.0,0,3,3,9,Very Light,Severe,0.0,1.0,1.0,654,0.8766756032171582,1085.0,0.00011837338298384733,0.5815131778208721,58.15,MEDIUM
2702,2704,2025-10-21 17:50:00,2025-10-21 17:55:00,5.0,0,3,3,9,Very Light,Severe,0.0,1.0,1.0,654,0.8766756032171582,1095.0,0.00010890876985506645,0.5815122313595592,58.15,MEDIUM
2702,2704,2025-10-21 17:55:00,2025-10-21 18:00:00,5.0,0,3,3,9,Very Light,Severe,0.0,1.0,1.0,654,0.8766756032171582,1090.0,0.00011354250096044848,0.5815126947326698,58.15,MEDIUM
2702,2704,2025-10-18 22:30:00,2025-10-18 22:35:00,5.0,0,3,3,6,Very Light,Severe,0.0,1.0,1.0,654,0.8766756032171582,5135.0,2.6050453925592273e-19,0.5815013404825737,58.15,MEDIUM
2702,2704,2025-10-18 20:35:00,2025-10-18 20:40:00,5.0,0,3,3,6,Very Light,Severe,0.0,1.0,1.0,654,0.8766756032171582,5250.0,9.991171568224243e-20,0.5815013404825737,58.15,MEDIUM
2702,2704,2025-10-18 21:05:00,2025-10-18 21:10:00,5.0,0,3,3,6,Very Light,Severe,0.0,1.0,1.0,654,0.8766756032171582,5220.0,1.282891823608785e-19,0.5815013404825737,58.15,MEDIUM
2702,2704,2025-10-18 21:00:00,2025-10-18 21:05:00,5.0,0,3,3,6,Very Light,Severe,0.0,1.0,1.0,654,0.8766756032171582,5225.0,1.2305363118170655e-19,0.5815013404825737,58.15,MEDIUM
2702,2704,2025-10-21 18:20:00,2025-10-21 18:25:00,5.0,0,3,3,9,Very Light,Severe,0.0,1.0,1.0,654,0.8766756032171582,1065.0,0.00013984162859410104,0.5815153246454331,58.15,MEDIUM
2702,2704,2025-10-18 20:30:00,2025-10-18 20:35:00,5.0,0,3,3,6,Very Light,Severe,0.0,1.0,1.0,654,0.8766756032171582,5255.0,9.583426432409291e-20,0.5815013404825737,58.15,MEDIUM
2702,2704,2025-10-18 21:10:00,2025-10-18 21:15:00,5.0,0,3,3,6,Very Light,Severe,0.0,1.0,1.0,654,0.8766756032171582,5215.0,1.33747490039688e-19,0.5815013404825737,58.15,MEDIUM
2702,2704,2025-10-17 17:25:00,2025-10-17 17:30:00,5.0,0,3,3,4,Very Light,Severe,0.0,1.0,1.0,654,0.8766756032171582,6880.0,1.2602296818300503e-25,0.5815013404825737,58.15,MEDIUM
2702,2704,2025-10-19 23:10:00,2025-10-19 23:15:00,5.0,0,3,3,7,Very Light,Severe,0.0,1.0,1.0,654,0.8766756032171582,3655.0,5.917168074113788e-14,0.5815013404825796,58.15,MEDIUM
2702,2704,2025-10-19 23:25:00,2025-10-19 23:30:00,5.0,0,3,3,7,Very Light,Severe,0.0,1.0,1.0,654,0.8766756032171582,3640.0,6.705029849718451e-14,0.5815013404825804,58.15,MEDIUM
2702,2704,2025-10-19 16:55:00,2025-10-19 17:00:00,5.0,2,3,1,7,Moderate,Severe,0.6666666666666666,0.3333333333333333,1.0,654,0.8766756032171582,4030.0,2.5998222091088208e-15,0.581501340482574,58.15,MEDIUM
2702,2704,2025-10-19 20:00:00,2025-10-19 20:05:00,5.0,0,3,3,7,Very Light,Severe,0.0,1.0,1.0,654,0.8766756032171582,3845.0,1.2147334077775923e-14,0.581501340482575,58.15,MEDIUM
2702,2704,2025-10-19 22:00:00,2025-10-19 22:05:00,5.0,0,3,3,7,Very Light,Severe,0.0,1.0,1.0,654,0.8766756032171582,3725.0,3.301987748783949e-14,0.5815013404825771,58.15,MEDIUM
2702,2704,2025-10-21 17:15:00,2025-10-21 17:20:00,5.0,0,3,3,9,Very Light,Severe,0.0,1.0,1.0,654,0.8766756032171582,1130.0,8.135675701901597e-05,0.5815094761582756,58.15,MEDIUM
2702,2704,2025-10-21 17:10:00,2025-10-21 17:15:00,5.0,0,3,3,9,Very Light,Severe,0.0,1.0,1.0,654,0.8766756032171582,1135.0,7.80365435972299e-05,0.5815091441369334,58.15,MEDIUM
2702,2704,2025-10-21 17:05:00,2025-10-21 17:10:00,5.0,0,3,3,9,Very Light,Severe,0.0,1.0,1.0,654,0.8766756032171582,1140.0,7.48518298877006e-05,0.5815088256655625,58.15,MEDIUM
2702,2704,2025-10-18 23:00:00,2025-10-18 23:05:00,5.0,0,3,3,6,Very Light,Severe,0.0,1.0,1.0,654,0.8766756032171582,5105.0,3.344944495671343e-19,0.5815013404825737,58.15,MEDIUM
2702,2704,2025-10-16 23:25:00,2025-10-16 23:30:00,5.0,0,3,3,3,Very Light,Severe,0.0,1.0,1.0,654,0.8766756032171582,7960.0,1.5552469813886612e-29,0.5815013404825737,58.15,MEDIUM
2702,2704,2025-10-17 17:40:00,2025-10-17 17:45:00,5.0,0,3,3,4,Very Light,Severe,0.0,1.0,1.0,654,0.8766756032171582,6865.0,1.4280273144746202e-25,0.5815013404825737,58.15,MEDIUM
2702,2704,2025-10-17 17:35:00,2025-10-17 17:40:00,5.0,0,3,3,4,Very Light,Severe,0.0,1.0,1.0,654,0.8766756032171582,6870.0,1.3697487445079347e-25,0.5815013404825737,58.15,MEDIUM
2702,2704,2025-10-17 17:30:00,2025-10-17 17:35:00,5.0,0,3,3,4,Very Light,Severe,0.0,1.0,1.0,654,0.8766756032171582,6875.0,1.3138485546204927e-25,0.5815013404825737,58.15,MEDIUM
2702,2704,2025-10-17 17:15:00,2025-10-17 17:20:00,5.0,0,3,3,4,Very Light,Severe,0.0,1.0,1.0,654,0.8766756032171582,6890.0,1.1594672799178323e-25,0.5815013404825737,58.15,MEDIUM
2702,2704,2025-10-17 17:10:00,2025-10-17 17:15:00,5.0,0,3,3,4,Very Light,Severe,0.0,1.0,1.0,654,0.8766756032171582,6895.0,1.1121487907601894e-25,0.5815013404825737,58.15,MEDIUM
2702,2704,2025-10-17 17:05:00,2025-10-17 17:10:00,5.0,0,3,3,4,Very Light,Severe,0.0,1.0,1.0,654,0.8766756032171582,6900.0,1.0667613948338533e-25,0.5815013404825737,58.15,MEDIUM
2702,2704,2025-10-17 17:00:00,2025-10-17 17:05:00,5.0,0,3,3,4,Very Light,Severe,0.0,1.0,1.0,654,0.8766756032171582,6905.0,1.0232262831756732e-25,0.5815013404825737,58.15,MEDIUM
2702,2704,2025-10-17 16:55:00,2025-10-17 17:00:00,5.0,0,3,3,4,Very Light,Severe,0.0,1.0,1.0,654,0.8766756032171582,6910.0,9.814678630590705e-26,0.5815013404825737,58.15,MEDIUM
2702,2704,2025-10-18 18:20:00,2025-10-18 18:25:00,5.0,0,3,3,6,Very Light,Severe,0.0,1.0,1.0,654,0.8766756032171582,5385.0,3.243658501424593e-20,0.5815013404825737,58.15,MEDIUM
2702,2704,2025-10-18 18:55:00,2025-10-18 19:00:00,5.0,0,3,3,6,Very Light,Severe,0.0,1.0,1.0,654,0.8766756032171582,5350.0,4.342145264437101e-20,0.5815013404825737,58.15,MEDIUM
2702,2704,2025-10-18 18:50:00,2025-10-18 18:55:00,5.0,0,3,3,6,Very Light,Severe,0.0,1.0,1.0,654,0.8766756032171582,5355.0,4.164939958884448e-20,0.5815013404825737,58.15,MEDIUM
2702,2704,2025-10-18 18:45:00,2025-10-18 18:50:00,5.0,0,3,3,6,Very Light,Severe,0.0,1.0,1.0,654,0.8766756032171582,5360.0,3.994966498054539e-20,0.5815013404825737,58.15,MEDIUM
2702,2704,2025-10-18 18:40:00,2025-10-18 18:45:00,5.0,0,3,3,6,Very Light,Severe,0.0,1.0,1.0,654,0.8766756032171582,5365.0,3.8319297464381104e-20,0.5815013404825737,58.15,MEDIUM
2702,2704,2025-10-18 18:35:00,2025-10-18 18:40:00,5.0,0,3,3,6,Very Light,Severe,0.0,1.0,1.0,654,0.8766756032171582,5370.0,3.6755466131663376e-20,0.5815013404825737,58.15,MEDIUM
2702,2704,2025-10-18 18:30:00,2025-10-18 18:35:00,5.0,0,3,3,6,Very Light,Severe,0.0,1.0,1.0,654,0.8766756032171582,5375.0,3.525545560462359e-20,0.5815013404825737,58.15,MEDIUM
2702,2704,2025-10-18 18:25:00,2025-10-18 18:30:00,5.0,0,3,3,6,Very Light,Severe,0.0,1.0,1.0,654,0.8766756032171582,5380.0,3.3816661321534064e-20,0.5815013404825737,58.15,MEDIUM
2702,2704,2025-10-21 17:45:00,2025-10-21 17:50:00,5.0,0,3,3,9,Very Light,Severe,0.0,1.0,1.0,654,0.8766756032171582,1100.0,0.00010446414383170532,0.5815117868969569,58.15,MEDIUM
2702,2704,2025-10-18 17:50:00,2025-10-18 17:55:00,5.0,0,3,3,6,Very Light,Severe,0.0,1.0,1.0,654,0.8766756032171582,5415.0,2.5261637809256925e-20,0.5815013404825737,58.15,MEDIUM
2702,2704,2025-10-18 17:55:00,2025-10-18 18:00:00,5.0,0,3,3,6,Very Light,Severe,0.0,1.0,1.0,654,0.8766756032171582,5410.0,2.633644231807122e-20,0.5815013404825737,58.15,MEDIUM
2702,2704,2025-10-18 18:00:00,2025-10-18 18:05:00,5.0,0,3,3,6,Very Light,Severe,0.0,1.0,1.0,654,0.8766756032171582,5405.0,2.7456976432420004e-20,0.5815013404825737,58.15,MEDIUM
2702,2704,2025-10-18 18:05:00,2025-10-18 18:10:00,5.0,0,3,3,6,Very Light,Severe,0.0,1.0,1.0,654,0.8766756032171582,5400.0,2.8625185805493937e-20,0.5815013404825737,58.15,MEDIUM
2702,2704,2025-10-18 18:10:00,2025-10-18 18:15:00,5.0,0,3,3,6,Very Light,Severe,0.0,1.0,1.0,654,0.8766756032171582,5395.0,2.9843098872006106e-20,0.5815013404825737,58.15,MEDIUM
2702,2704,2025-10-18 18:15:00,2025-10-18 18:20:00,5.0,0,3,3,6,Very Light,Severe,0.0,1.0,1.0,654,0.8766756032171582,5390.0,3.111283037028903e-20,0.5815013404825737,58.15,MEDIUM
2702,2704,2025-10-21 17:40:00,2025-10-21 17:45:00,5.0,0,3,3,9,Very Light,Severe,0.0,1.0,1.0,654,0.8766756032171582,1105.0,0.00010020090540930423,0.5815113605731147,58.15,MEDIUM
2702,2704,2025-10-21 17:20:00,2025-10-21 17:25:00,5.0,0,3,3,9,Very Light,Severe,0.0,1.0,1.0,654,0.8766756032171582,1125.0,8.481823524646916e-05,0.5815098223060984,58.15,MEDIUM
2702,2704,2025-10-21 17:35:00,2025-10-21 17:40:00,5.0,0,3,3,9,Very Light,Severe,0.0,1.0,1.0,654,0.8766756032171582,1110.0,9.61116520613947e-05,0.5815109516477799,58.15,MEDIUM
2702,2704,2025-10-21 17:30:00,2025-10-21 17:35:00,5.0,0,3,3,9,Very Light,Severe,0.0,1.0,1.0,654,0.8766756032171582,1115.0,9.218928336263161e-05,0.58151055941091,58.15,MEDIUM
2702,2704,2025-10-21 17:25:00,2025-10-21 17:30:00,5.0,0,3,3,9,Very Light,Severe,0.0,1.0,1.0,654,0.8766756032171582,1120.0,8.842698865988302e-05,0.5815101831814398,58.15,MEDIUM
2702,2704,2025-10-21 19:40:00,2025-10-21 19:45:00,5.0,0,3,3,9,Very Light,Severe,0.0,1.0,1.0,654,0.8766756032171582,985.0,0.0002723743003692553,0.5815285779126107,58.15,MEDIUM
2702,2704,2025-10-21 19:50:00,2025-10-21 19:55:00,5.0,0,3,3,9,Very Light,Severe,0.0,1.0,1.0,654,0.8766756032171582,975.0,0.0002960447300568554,0.5815309449555794,58.15,MEDIUM
2702,2704,2025-10-21 17:00:00,2025-10-21 17:05:00,5.0,0,3,3,9,Very Light,Severe,0.0,1.0,1.0,654,0.8766756032171582,1145.0,7.179708607360914e-05,0.581508520191181,58.15,MEDIUM
2702,2704,2025-10-20 15:55:00,2025-10-20 16:00:00,5.0,2,3,1,8,Moderate,Severe,0.6666666666666666,0.3333333333333333,1.0,654,0.8766756032171582,2650.0,2.566434538630768e-10,0.5815013405082381,58.15,MEDIUM
2702,2704,2025-10-15 21:45:00,2025-10-15 21:50:00,5.0,0,3,3,2,Very Light,Severe,0.0,1.0,1.0,654,0.8766756032171582,9500.0,4.152919530076736e-35,0.5815013404825737,58.15,MEDIUM
2702,2704,2025-10-15 22:00:00,2025-10-15 22:05:00,5.0,0,3,3,2,Very Light,Severe,0.0,1.0,1.0,654,0.8766756032171582,9485.0,4.7058743412174646e-35,0.5815013404825737,58.15,MEDIUM
2702,2704,2025-10-15 22:05:00,2025-10-15 22:10:00,5.0,0,3,3,2,Very Light,Severe,0.0,1.0,1.0,654,0.8766756032171582,9480.0,4.906094730649281e-35,0.5815013404825737,58.15,MEDIUM
2702,2704,2025-10-15 22:10:00,2025-10-15 22:15:00,5.0,0,3,3,2,Very Light,Severe,0.0,1.0,1.0,654,0.8766756032171582,9475.0,5.114833878007356e-35,0.5815013404825737,58.15,MEDIUM
2702,2704,2025-10-15 22:15:00,2025-10-15 22:20:00,5.0,0,3,3,2,Very Light,Severe,0.0,1.0,1.0,654,0.8766756032171582,9470.0,5.33245423007744e-35,0.5815013404825737,58.15,MEDIUM
2702,2704,2025-10-15 22:20:00,2025-10-15 22:25:00,5.0,0,3,3,2,Very Light,Severe,0.0,1.0,1.0,654,0.8766756032171582,9465.0,5.559333654634541e-35,0.5815013404825737,58.15,MEDIUM
2702,2704,2025-10-15 22:25:00,2025-10-15 22:30:00,5.0,0,3,3,2,Very Light,Severe,0.0,1.0,1.0,654,0.8766756032171582,9460.0,5.795866096557832e-35,0.5815013404825737,58.15,MEDIUM
2702,2704,2025-10-18 17:05:00,2025-10-18 17:10:00,5.0,0,3,3,6,Very Light,Severe,0.0,1.0,1.0,654,0.8766756032171582,5460.0,1.7362052831002947e-20,0.5815013404825737,58.15,MEDIUM
2702,2704,2025-10-18 17:10:00,2025-10-18 17:15:00,5.0,0,3,3,6,Very Light,Severe,0.0,1.0,1.0,654,0.8766756032171582,5455.0,1.810075444670721e-20,0.5815013404825737,58.15,MEDIUM
2702,2704,2025-10-18 17:15:00,2025-10-18 17:20:00,5.0,0,3,3,6,Very Light,Severe,0.0,1.0,1.0,654,0.8766756032171582,5450.0,1.8870885530018665e-20,0.5815013404825737,58.15,MEDIUM
2702,2704,2025-10-18 17:20:00,2025-10-18 17:25:00,5.0,0,3,3,6,Very Light,Severe,0.0,1.0,1.0,654,0.8766756032171582,5445.0,1.9673783307515502e-20,0.5815013404825737,58.15,MEDIUM
2702,2704,2025-10-18 17:25:00,2025-10-18 17:30:00,5.0,0,3,3,6,Very Light,Severe,0.0,1.0,1.0,654,0.8766756032171582,5440.0,2.051084190062875e-20,0.5815013404825737,58.15,MEDIUM
2702,2704,2025-10-18 17:30:00,2025-10-18 17:35:00,5.0,0,3,3,6,Very Light,Severe,0.0,1.0,1.0,654,0.8766756032171582,5435.0,2.1383514746341806e-20,0.5815013404825737,58.15,MEDIUM
2702,2704,2025-10-18 17:35:00,2025-10-18 17:40:00,5.0,0,3,3,6,Very Light,Severe,0.0,1.0,1.0,654,0.8766756032171582,5430.0,2.229331712088314e-20,0.5815013404825737,58.15,MEDIUM
2702,2704,2025-10-18 17:40:00,2025-10-18 17:45:00,5.0,0,3,3,6,Very Light,Severe,0.0,1.0,1.0,654,0.8766756032171582,5425.0,2.3241828770795713e-20,0.5815013404825737,58.15,MEDIUM
2702,2704,2025-10-18 17:45:00,2025-10-18 17:50:00,5.0,0,3,3,6,Very Light,Severe,0.0,1.0,1.0,654,0.8766756032171582,5420.0,2.4230696655948885e-20,0.5815013404825737,58.15,MEDIUM
2702,2704,2025-10-15 22:45:00,2025-10-15 22:50:00,5.0,0,3,3,2,Very Light,Severe,0.0,1.0,1.0,654,0.8766756032171582,9440.0,6.847006764743495e-35,0.5815013404825737,58.15,MEDIUM
2702,2704,2025-10-15 22:50:00,2025-10-15 22:55:00,5.0,0,3,3,2,Very Light,Severe,0.0,1.0,1.0,654,0.8766756032171582,9435.0,7.1383257123983e-35,0.5815013404825737,58.15,MEDIUM
2702,2704,2025-10-15 22:55:00,2025-10-15 23:00:00,5.0,0,3,3,2,Very Light,Severe,0.0,1.0,1.0,654,0.8766756032171582,9430.0,7.442039379699023e-35,0.5815013404825737,58.15,MEDIUM
2702,2704,2025-10-15 23:15:00,2025-10-15 23:20:00,5.0,0,3,3,2,Very Light,Severe,0.0,1.0,1.0,654,0.8766756032171582,9410.0,8.791730714163551e-35,0.5815013404825737,58.15,MEDIUM
2702,2704,2025-10-15 23:20:00,2025-10-15 23:25:00,5.0,0,3,3,2,Very Light,Severe,0.0,1.0,1.0,654,0.8766756032171582,9405.0,9.165791647315047e-35,0.5815013404825737,58.15,MEDIUM
2702,2704,2025-10-15 23:25:00,2025-10-15 23:30:00,5.0,0,3,3,2,Very Light,Severe,0.0,1.0,1.0,654,0.8766756032171582,9400.0,9.55576771552462e-35,0.5815013404825737,58.15,MEDIUM
2702,2704,2025-10-15 23:30:00,2025-10-15 23:35:00,5.0,0,3,3,2,Very Light,Severe,0.0,1.0,1.0,654,0.8766756032171582,9395.0,9.962336058534532e-35,0.5815013404825737,58.15,MEDIUM
2702,2704,2025-10-15 22:35:00,2025-10-15 22:40:00,5.0,0,3,3,2,Very Light,Severe,0.0,1.0,1.0,654,0.8766756032171582,9450.0,6.299550330831476e-35,0.5815013404825737,58.15,MEDIUM
2702,2704,2025-10-18 19:00:00,2025-10-18 19:05:00,5.0,0,3,3,6,Very Light,Severe,0.0,1.0,1.0,654,0.8766756032171582,5345.0,4.526890107324298e-20,0.5815013404825737,58.15,MEDIUM
2702,2704,2025-10-18 17:00:00,2025-10-18 17:05:00,5.0,0,3,3,6,Very Light,Severe,0.0,1.0,1.0,654,0.8766756032171582,5465.0,1.6653498029269934e-20,0.5815013404825737,58.15,MEDIUM
2702,2704,2025-10-18 16:55:00,2025-10-18 17:00:00,5.0,0,3,3,6,Very Light,Severe,0.0,1.0,1.0,654,0.8766756032171582,5470.0,1.5973859733663455e-20,0.5815013404825737,58.15,MEDIUM
2702,2704,2025-10-15 21:40:00,2025-10-15 21:45:00,5.0,0,3,3,2,Very Light,Severe,0.0,1.0,1.0,654,0.8766756032171582,9505.0,3.9834366294722795e-35,0.5815013404825737,58.15,MEDIUM
2702,2704,2025-10-15 21:35:00,2025-10-15 21:40:00,5.0,0,3,3,2,Very Light,Severe,0.0,1.0,1.0,654,0.8766756032171582,9510.0,3.820870418052153e-35,0.5815013404825737,58.15,MEDIUM
2702,2704,2025-10-15 21:30:00,2025-10-15 21:35:00,5.0,0,3,3,2,Very Light,Severe,0.0,1.0,1.0,654,0.8766756032171582,9515.0,3.664938621975793e-35,0.5815013404825737,58.15,MEDIUM
2702,2704,2025-10-15 21:25:00,2025-10-15 21:30:00,5.0,0,3,3,2,Very Light,Severe,0.0,1.0,1.0,654,0.8766756032171582,9520.0,3.5153704871513074e-35,0.5815013404825737,58.15,MEDIUM
2702,2704,2025-10-18 20:25:00,2025-10-18 20:30:00,5.0,0,3,3,6,Very Light,Severe,0.0,1.0,1.0,654,0.8766756032171582,5260.0,9.192321596947989e-20,0.5815013404825737,58.15,MEDIUM
2702,2704,2025-10-15 23:35:00,2025-10-15 23:40:00,5.0,0,3,3,2,Very Light,Severe,0.0,1.0,1.0,654,0.8766756032171582,9390.0,1.0386202626287883e-34,0.5815013404825737,58.15,MEDIUM
2702,2704,2025-10-16 23:20:00,2025-10-16 23:25:00,5.0,0,3,3,3,Very Light,Severe,0.0,1.0,1.0,654,0.8766756032171582,7965.0,1.4917765077488086e-29,0.5815013404825737,58.15,MEDIUM
2702,2704,2025-10-21 18:55:00,2025-10-21 19:00:00,5.0,0,3,3,9,Very Light,Severe,0.0,1.0,1.0,654,0.8766756032171582,1030.0,0.00018719993646198116,0.58152006047622,58.15,MEDIUM
2702,2704,2025-10-17 16:30:00,2025-10-17 16:35:00,5.0,0,3,3,4,Very Light,Severe,0.0,1.0,1.0,654,0.8766756032171582,6935.0,7.968894305964573e-26,0.5815013404825737,58.15,MEDIUM
2702,2704,2025-10-16 21:40:00,2025-10-16 21:45:00,5.0,0,3,3,3,Very Light,Severe,0.0,1.0,1.0,654,0.8766756032171582,8065.0,6.483233977605808e-30,0.5815013404825737,58.15,MEDIUM
2702,2704,2025-10-21 18:45:00,2025-10-21 18:50:00,5.0,0,3,3,9,Very Light,Severe,0.0,1.0,1.0,654,0.8766756032171582,1040.0,0.00017223225596081014,0.5815185637081698,58.15,MEDIUM
2702,2704,2025-10-21 19:15:00,2025-10-21 19:20:00,5.0,0,3,3,9,Very Light,Severe,0.0,1.0,1.0,654,0.8766756032171582,1010.0,0.000221150594227149,0.5815234555419965,58.15,MEDIUM
2702,2704,2025-10-21 19:30:00,2025-10-21 19:35:00,5.0,0,3,3,9,Very Light,Severe,0.0,1.0,1.0,654,0.8766756032171582,995.0,0.0002505964537433033,0.5815264001279481,58.15,MEDIUM
2702,2704,2025-10-21 18:40:00,2025-10-21 18:45:00,5.0,0,3,3,9,Very Light,Severe,0.0,1.0,1.0,654,0.8766756032171582,1045.0,0.00016520336409173142,0.5815178608189829,58.15,MEDIUM
2702,2704,2025-10-18 21:55:00,2025-10-18 22:00:00,5.0,0,3,3,6,Very Light,Severe,0.0,1.0,1.0,654,0.8766756032171582,5170.0,1.9460144973447941e-19,0.5815013404825737,58.15,MEDIUM
2702,2704,2025-10-21 18:25:00,2025-10-21 18:30:00,5.0,0,3,3,9,Very Light,Severe,0.0,1.0,1.0,654,0.8766756032171582,1060.0,0.00014579145710750816,0.5815159196282845,58.15,MEDIUM
2702,2704,2025-10-16 23:15:00,2025-10-16 23:20:00,5.0,0,3,3,3,Very Light,Severe,0.0,1.0,1.0,654,0.8766756032171582,7970.0,1.430896298595739e-29,0.5815013404825737,58.15,MEDIUM
2702,2704,2025-10-16 17:25:00,2025-10-16 17:30:00,5.0,0,3,3,3,Very Light,Severe,0.0,1.0,1.0,654,0.8766756032171582,8320.0,7.74311877913113e-31,0.5815013404825737,58.15,MEDIUM
2702,2704,2025-10-16 17:15:00,2025-10-16 17:20:00,5.0,0,3,3,3,Very Light,Severe,0.0,1.0,1.0,654,0.8766756032171582,8330.0,7.124013184550953e-31,0.5815013404825737,58.15,MEDIUM
2702,2704,2025-10-21 18:35:00,2025-10-21 18:40:00,5.0,0,3,3,9,Very Light,Severe,0.0,1.0,1.0,654,0.8766756032171582,1050.0,0.00015846132511575126,0.5815171866150853,58.15,MEDIUM
2702,2704,2025-10-21 18:30:00,2025-10-21 18:35:00,5.0,0,3,3,9,Very Light,Severe,0.0,1.0,1.0,654,0.8766756032171582,1055.0,0.0001519944324105722,0.5815165399258148,58.15,MEDIUM
2702,2704,2025-10-16 21:35:00,2025-10-16 21:40:00,5.0,0,3,3,3,Very Light,Severe,0.0,1.0,1.0,654,0.8766756032171582,8070.0,6.2186496792912045e-30,0.5815013404825737,58.15,MEDIUM
2702,2704,2025-10-17 16:25:00,2025-10-17 16:30:00,5.0,0,3,3,4,Very Light,Severe,0.0,1.0,1.0,654,0.8766756032171582,6940.0,7.643679403098225e-26,0.5815013404825737,58.15,MEDIUM
2702,2704,2025-10-16 22:35:00,2025-10-16 22:40:00,5.0,0,3,3,3,Very Light,Severe,0.0,1.0,1.0,654,0.8766756032171582,8010.0,1.025282000127994e-29,0.5815013404825737,58.15,MEDIUM
2702,2704,2025-10-16 22:05:00,2025-10-16 22:10:00,5.0,0,3,3,3,Very Light,Severe,0.0,1.0,1.0,654,0.8766756032171582,8040.0,7.984904245686979e-30,0.5815013404825737,58.15,MEDIUM
2702,2704,2025-10-17 16:20:00,2025-10-17 16:25:00,5.0,0,3,3,4,Very Light,Severe,0.0,1.0,1.0,654,0.8766756032171582,6945.0,7.331736696974105e-26,0.5815013404825737,58.15,MEDIUM
2702,2704,2025-10-21 19:10:00,2025-10-21 19:15:00,5.0,0,3,3,9,Very Light,Severe,0.0,1.0,1.0,654,0.8766756032171582,1015.0,0.0002121253184161021,0.5815225530144154,58.15,MEDIUM
2702,2704,2025-10-15 23:50:00,2025-10-15 23:55:00,5.0,0,3,3,2,Very Light,Severe,0.0,1.0,1.0,654,0.8766756032171582,9375.0,1.1769109439216723e-34,0.5815013404825737,58.15,MEDIUM
2702,2704,2025-10-15 23:55:00,2025-10-16 00:00:00,5.0,0,3,3,2,Very Light,Severe,0.0,1.0,1.0,654,0.8766756032171582,9370.0,1.2269848622697768e-34,0.5815013404825737,58.15,MEDIUM
2701,2704,2025-10-19 16:45:00,2025-10-19 17:00:00,15.0,2,3,1,7,Moderate,Severe,0.6666666666666666,0.3333333333333333,0.8181818181818181,746,1.0,4040.0,2.3919519025198503e-15,0.572727272727273,57.27,MEDIUM
2701,2704,2025-10-16 20:35:00,2025-10-16 20:50:00,15.0,0,3,3,3,Very Light,Severe,0.0,1.0,0.8181818181818181,746,1.0,8130.0,3.77180169250225e-30,0.5727272727272728,57.27,MEDIUM
2701,2704,2025-10-16 17:05:00,2025-10-16 17:20:00,15.0,0,3,3,3,Very Light,Severe,0.0,1.0,0.8181818181818181,746,1.0,8340.0,6.554408540191793e-31,0.5727272727272728,57.27,MEDIUM
2701,2704,2025-10-18 16:45:00,2025-10-18 17:00:00,15.0,2,3,1,6,Moderate,Severe,0.6666666666666666,0.3333333333333333,0.8181818181818181,746,1.0,5480.0,1.469666042802938e-20,0.5727272727272728,57.27,MEDIUM
2701,2704,2025-10-17 16:45:00,2025-10-17 17:00:00,15.0,0,3,3,4,Very Light,Severe,0.0,1.0,0.8181818181818181,746,1.0,6920.0,9.029940255456796e-26,0.5727272727272728,57.27,MEDIUM
2701,2704,2025-10-17 19:20:00,2025-10-17 19:35:00,15.0,0,3,3,5,Very Light,Severe,0.0,1.0,0.8181818181818181,746,1.0,6765.0,3.2858564221425353e-25,0.5727272727272728,57.27,MEDIUM
2701,2704,2025-10-17 16:10:00,2025-10-17 16:25:00,15.0,0,3,3,4,Very Light,Severe,0.0,1.0,0.8181818181818181,746,1.0,6955.0,6.745523397583852e-26,0.5727272727272728,57.27,MEDIUM
2701,2704,2025-10-17 19:45:00,2025-10-17 20:00:00,15.0,0,3,3,5,Very Light,Severe,0.0,1.0,0.8181818181818181,746,1.0,6740.0,4.046938454868644e-25,0.5727272727272728,57.27,MEDIUM
2701,2704,2025-10-20 15:45:00,2025-10-20 16:00:00,15.0,2,3,1,8,Moderate,Severe,0.6666666666666666,0.3333333333333333,0.8181818181818181,746,1.0,2660.0,2.3612337627790166e-10,0.5727272727508851,57.27,MEDIUM
2702,2704,2025-10-16 17:10:00,2025-10-16 17:20:00,10.0,0,3,3,3,Very Light,Severe,0.0,1.0,0.9090909090909091,654,0.8766756032171582,8335.0,6.833278338927836e-31,0.5678649768462101,56.79,MEDIUM
2702,2704,2025-10-17 16:50:00,2025-10-17 17:00:00,10.0,0,3,3,4,Very Light,Severe,0.0,1.0,0.9090909090909091,654,0.8766756032171582,6915.0,9.414136267376981e-26,0.5678649768462101,56.79,MEDIUM
2702,2704,2025-10-17 17:20:00,2025-10-17 17:30:00,10.0,0,3,3,4,Very Light,Severe,0.0,1.0,0.9090909090909091,654,0.8766756032171582,6885.0,1.2087990243473908e-25,0.5678649768462101,56.79,MEDIUM
2702,2704,2025-10-20 15:50:00,2025-10-20 16:00:00,10.0,2,3,1,8,Moderate,Severe,0.6666666666666666,0.3333333333333333,0.9090909090909091,654,0.8766756032171582,2655.0,2.4616969518153846e-10,0.567864976870827,56.79,MEDIUM
2702,2704,2025-10-16 17:20:00,2025-10-16 17:30:00,10.0,0,3,3,3,Very Light,Severe,0.0,1.0,0.9090909090909091,654,0.8766756032171582,8325.0,7.427117898086325e-31,0.5678649768462101,56.79,MEDIUM
2702,2704,2025-10-17 16:15:00,2025-10-17 16:25:00,10.0,0,3,3,4,Very Light,Severe,0.0,1.0,0.9090909090909091,654,0.8766756032171582,6950.0,7.032524542037755e-26,0.5678649768462101,56.79,MEDIUM
2702,2704,2025-10-16 22:15:00,2025-10-16 22:25:00,10.0,0,3,3,3,Very Light,Severe,0.0,1.0,0.9090909090909091,654,0.8766756032171582,8030.0,8.67882475967639e-30,0.5678649768462101,56.79,MEDIUM
2702,2704,2025-10-19 16:50:00,2025-10-19 17:00:00,10.0,2,3,1,7,Moderate,Severe,0.6666666666666666,0.3333333333333333,0.9090909090909091,654,0.8766756032171582,4035.0,2.493722053335376e-15,0.5678649768462103,56.79,MEDIUM
2701,2704,2025-10-16 20:30:00,2025-10-16 20:50:00,20.0,0,3,3,3,Very Light,Severe,0.0,1.0,0.7272727272727273,746,1.0,8135.0,3.617872417754545e-30,0.5590909090909091,55.91,MEDIUM
2701,2704,2025-10-17 16:40:00,2025-10-17 17:00:00,20.0,0,3,3,4,Very Light,Severe,0.0,1.0,0.7272727272727273,746,1.0,6925.0,8.661423491359516e-26,0.5590909090909091,55.91,MEDIUM
2701,2704,2025-10-17 16:05:00,2025-10-17 16:25:00,20.0,0,3,3,4,Very Light,Severe,0.0,1.0,0.7272727272727273,746,1.0,6960.0,6.47023492564546e-26,0.5590909090909091,55.91,MEDIUM
2701,2704,2025-10-19 16:40:00,2025-10-19 17:00:00,20.0,2,3,1,7,Moderate,Severe,0.6666666666666666,0.3333333333333333,0.7272727272727273,746,1.0,4045.0,2.2943350468091746e-15,0.5590909090909093,55.91,MEDIUM
2701,2704,2025-10-20 15:40:00,2025-10-20 16:00:00,20.0,2,3,1,8,Moderate,Severe,0.6666666666666666,0.3333333333333333,0.7272727272727273,746,1.0,2665.0,2.2648705310277777e-10,0.5590909091135577,55.91,MEDIUM
2701,2704,2025-10-18 16:40:00,2025-10-18 17:00:00,20.0,2,3,1,6,Moderate,Severe,0.6666666666666666,0.3333333333333333,0.7272727272727273,746,1.0,5485.0,1.4096881737278786e-20,0.5590909090909091,55.91,MEDIUM
2702,2704,2025-10-17 16:10:00,2025-10-17 16:25:00,15.0,0,3,3,4,Very Light,Severe,0.0,1.0,0.8181818181818181,654,0.8766756032171582,6955.0,6.745523397583852e-26,0.5542286132098464,55.42,MEDIUM
2702,2704,2025-10-16 20:35:00,2025-10-16 20:50:00,15.0,0,3,3,3,Very Light,Severe,0.0,1.0,0.8181818181818181,654,0.8766756032171582,8130.0,3.77180169250225e-30,0.5542286132098464,55.42,MEDIUM
2702,2704,2025-10-17 18:55:00,2025-10-17 19:10:00,15.0,0,3,3,5,Very Light,Severe,0.0,1.0,0.8181818181818181,654,0.8766756032171582,6790.0,2.667906257370002e-25,0.5542286132098464,55.42,MEDIUM
2702,2704,2025-10-20 15:45:00,2025-10-20 16:00:00,15.0,2,3,1,8,Moderate,Severe,0.6666666666666666,0.3333333333333333,0.8181818181818181,654,0.8766756032171582,2660.0,2.3612337627790166e-10,0.5542286132334587,55.42,MEDIUM
2702,2704,2025-10-17 16:45:00,2025-10-17 17:00:00,15.0,0,3,3,4,Very Light,Severe,0.0,1.0,0.8181818181818181,654,0.8766756032171582,6920.0,9.029940255456796e-26,0.5542286132098464,55.42,MEDIUM
2702,2704,2025-10-16 17:05:00,2025-10-16 17:20:00,15.0,0,3,3,3,Very Light,Severe,0.0,1.0,0.8181818181818181,654,0.8766756032171582,8340.0,6.554408540191793e-31,0.5542286132098464,55.42,MEDIUM
2706,2704,2025-10-21 19:00:00,2025-10-21 19:05:00,5.0,0,3,3,9,Very Light,Severe,0.0,1.0,1.0,496,0.6648793565683646,1025.0,0.0001951647144102017,0.5497514199566957,54.98,MEDIUM
2706,2704,2025-10-21 18:55:00,2025-10-21 19:00:00,5.0,0,3,3,9,Very Light,Severe,0.0,1.0,1.0,496,0.6648793565683646,1030.0,0.00018719993646198116,0.5497506234789009,54.98,MEDIUM
2706,2704,2025-10-21 17:20:00,2025-10-21 17:25:00,5.0,0,3,3,9,Very Light,Severe,0.0,1.0,1.0,496,0.6648793565683646,1125.0,8.481823524646916e-05,0.5497403853087793,54.97,MEDIUM
2706,2704,2025-10-21 17:35:00,2025-10-21 17:40:00,5.0,0,3,3,9,Very Light,Severe,0.0,1.0,1.0,496,0.6648793565683646,1110.0,9.61116520613947e-05,0.5497415146504608,54.97,MEDIUM
2706,2704,2025-10-21 18:20:00,2025-10-21 18:25:00,5.0,0,3,3,9,Very Light,Severe,0.0,1.0,1.0,496,0.6648793565683646,1065.0,0.00013984162859410104,0.549745887648114,54.97,MEDIUM
2706,2704,2025-10-21 17:25:00,2025-10-21 17:30:00,5.0,0,3,3,9,Very Light,Severe,0.0,1.0,1.0,496,0.6648793565683646,1120.0,8.842698865988302e-05,0.5497407461841207,54.97,MEDIUM
2706,2704,2025-10-21 17:55:00,2025-10-21 18:00:00,5.0,0,3,3,9,Very Light,Severe,0.0,1.0,1.0,496,0.6648793565683646,1090.0,0.00011354250096044848,0.5497432577353507,54.97,MEDIUM
2706,2704,2025-10-16 17:00:00,2025-10-16 17:05:00,5.0,0,3,3,3,Very Light,Severe,0.0,1.0,1.0,496,0.6648793565683646,8345.0,6.286919569338035e-31,0.5497319034852547,54.97,MEDIUM
2706,2704,2025-10-16 16:55:00,2025-10-16 17:00:00,5.0,0,3,3,3,Very Light,Severe,0.0,1.0,1.0,496,0.6648793565683646,8350.0,6.030346968602224e-31,0.5497319034852547,54.97,MEDIUM
2706,2704,2025-10-21 17:40:00,2025-10-21 17:45:00,5.0,0,3,3,9,Very Light,Severe,0.0,1.0,1.0,496,0.6648793565683646,1105.0,0.00010020090540930423,0.5497419235757957,54.97,MEDIUM
2706,2704,2025-10-21 17:10:00,2025-10-21 17:15:00,5.0,0,3,3,9,Very Light,Severe,0.0,1.0,1.0,496,0.6648793565683646,1135.0,7.80365435972299e-05,0.5497397071396144,54.97,MEDIUM
2706,2704,2025-10-21 18:40:00,2025-10-21 18:45:00,5.0,0,3,3,9,Very Light,Severe,0.0,1.0,1.0,496,0.6648793565683646,1045.0,0.00016520336409173142,0.5497484238216639,54.97,MEDIUM
2706,2704,2025-10-21 17:00:00,2025-10-21 17:05:00,5.0,0,3,3,9,Very Light,Severe,0.0,1.0,1.0,496,0.6648793565683646,1145.0,7.179708607360914e-05,0.549739083193862,54.97,MEDIUM
2706,2704,2025-10-20 16:05:00,2025-10-20 16:10:00,5.0,0,3,3,8,Very Light,Severe,0.0,1.0,1.0,496,0.6648793565683646,2640.0,2.7894680928689246e-10,0.5497319035131494,54.97,MEDIUM
2706,2704,2025-10-20 15:55:00,2025-10-20 16:00:00,5.0,2,3,1,8,Moderate,Severe,0.6666666666666666,0.3333333333333333,1.0,496,0.6648793565683646,2650.0,2.566434538630768e-10,0.549731903510919,54.97,MEDIUM
2706,2704,2025-10-21 17:05:00,2025-10-21 17:10:00,5.0,0,3,3,9,Very Light,Severe,0.0,1.0,1.0,496,0.6648793565683646,1140.0,7.48518298877006e-05,0.5497393886682435,54.97,MEDIUM
2706,2704,2025-10-21 18:05:00,2025-10-21 18:10:00,5.0,0,3,3,9,Very Light,Severe,0.0,1.0,1.0,496,0.6648793565683646,1080.0,0.00012340980408667956,0.5497442444656634,54.97,MEDIUM
2706,2704,2025-10-21 17:45:00,2025-10-21 17:50:00,5.0,0,3,3,9,Very Light,Severe,0.0,1.0,1.0,496,0.6648793565683646,1100.0,0.00010446414383170532,0.5497423498996379,54.97,MEDIUM
2706,2704,2025-10-17 17:15:00,2025-10-17 17:20:00,5.0,0,3,3,4,Very Light,Severe,0.0,1.0,1.0,496,0.6648793565683646,6890.0,1.1594672799178323e-25,0.5497319034852547,54.97,MEDIUM
2706,2704,2025-10-21 18:00:00,2025-10-21 18:05:00,5.0,0,3,3,9,Very Light,Severe,0.0,1.0,1.0,496,0.6648793565683646,1085.0,0.00011837338298384733,0.549743740823553,54.97,MEDIUM
2706,2704,2025-10-21 18:25:00,2025-10-21 18:30:00,5.0,0,3,3,9,Very Light,Severe,0.0,1.0,1.0,496,0.6648793565683646,1060.0,0.00014579145710750816,0.5497464826309655,54.97,MEDIUM
2706,2704,2025-10-21 17:30:00,2025-10-21 17:35:00,5.0,0,3,3,9,Very Light,Severe,0.0,1.0,1.0,496,0.6648793565683646,1115.0,9.218928336263161e-05,0.549741122413591,54.97,MEDIUM
2706,2704,2025-10-16 17:15:00,2025-10-16 17:20:00,5.0,0,3,3,3,Very Light,Severe,0.0,1.0,1.0,496,0.6648793565683646,8330.0,7.124013184550953e-31,0.5497319034852547,54.97,MEDIUM
2706,2704,2025-10-17 17:25:00,2025-10-17 17:30:00,5.0,0,3,3,4,Very Light,Severe,0.0,1.0,1.0,496,0.6648793565683646,6880.0,1.2602296818300503e-25,0.5497319034852547,54.97,MEDIUM
2706,2704,2025-10-18 17:25:00,2025-10-18 17:30:00,5.0,0,3,3,6,Very Light,Severe,0.0,1.0,1.0,496,0.6648793565683646,5440.0,2.051084190062875e-20,0.5497319034852547,54.97,MEDIUM
2706,2704,2025-10-18 17:45:00,2025-10-18 17:50:00,5.0,0,3,3,6,Very Light,Severe,0.0,1.0,1.0,496,0.6648793565683646,5420.0,2.4230696655948885e-20,0.5497319034852547,54.97,MEDIUM
2706,2704,2025-10-18 17:15:00,2025-10-18 17:20:00,5.0,0,3,3,6,Very Light,Severe,0.0,1.0,1.0,496,0.6648793565683646,5450.0,1.8870885530018665e-20,0.5497319034852547,54.97,MEDIUM
2706,2704,2025-10-17 17:40:00,2025-10-17 17:45:00,5.0,0,3,3,4,Very Light,Severe,0.0,1.0,1.0,496,0.6648793565683646,6865.0,1.4280273144746202e-25,0.5497319034852547,54.97,MEDIUM
2706,2704,2025-10-17 20:15:00,2025-10-17 20:20:00,5.0,0,3,3,5,Very Light,Severe,0.0,1.0,1.0,496,0.6648793565683646,6710.0,5.196371835822355e-25,0.5497319034852547,54.97,MEDIUM
2706,2704,2025-10-18 17:00:00,2025-10-18 17:05:00,5.0,0,3,3,6,Very Light,Severe,0.0,1.0,1.0,496,0.6648793565683646,5465.0,1.6653498029269934e-20,0.5497319034852547,54.97,MEDIUM
2706,2704,2025-10-18 16:55:00,2025-10-18 17:00:00,5.0,0,3,3,6,Very Light,Severe,0.0,1.0,1.0,496,0.6648793565683646,5470.0,1.5973859733663455e-20,0.5497319034852547,54.97,MEDIUM
2706,2704,2025-10-17 17:30:00,2025-10-17 17:35:00,5.0,0,3,3,4,Very Light,Severe,0.0,1.0,1.0,496,0.6648793565683646,6875.0,1.3138485546204927e-25,0.5497319034852547,54.97,MEDIUM
2706,2704,2025-10-17 17:35:00,2025-10-17 17:40:00,5.0,0,3,3,4,Very Light,Severe,0.0,1.0,1.0,496,0.6648793565683646,6870.0,1.3697487445079347e-25,0.5497319034852547,54.97,MEDIUM
2706,2704,2025-10-16 17:25:00,2025-10-16 17:30:00,5.0,0,3,3,3,Very Light,Severe,0.0,1.0,1.0,496,0.6648793565683646,8320.0,7.74311877913113e-31,0.5497319034852547,54.97,MEDIUM
2706,2704,2025-10-18 18:10:00,2025-10-18 18:15:00,5.0,0,3,3,6,Very Light,Severe,0.0,1.0,1.0,496,0.6648793565683646,5395.0,2.9843098872006106e-20,0.5497319034852547,54.97,MEDIUM
2706,2704,2025-10-17 17:10:00,2025-10-17 17:15:00,5.0,0,3,3,4,Very Light,Severe,0.0,1.0,1.0,496,0.6648793565683646,6895.0,1.1121487907601894e-25,0.5497319034852547,54.97,MEDIUM
2706,2704,2025-10-19 16:55:00,2025-10-19 17:00:00,5.0,2,3,1,7,Moderate,Severe,0.6666666666666666,0.3333333333333333,1.0,496,0.6648793565683646,4030.0,2.5998222091088208e-15,0.5497319034852549,54.97,MEDIUM
2706,2704,2025-10-18 17:55:00,2025-10-18 18:00:00,5.0,0,3,3,6,Very Light,Severe,0.0,1.0,1.0,496,0.6648793565683646,5410.0,2.633644231807122e-20,0.5497319034852547,54.97,MEDIUM
2706,2704,2025-10-18 18:20:00,2025-10-18 18:25:00,5.0,0,3,3,6,Very Light,Severe,0.0,1.0,1.0,496,0.6648793565683646,5385.0,3.243658501424593e-20,0.5497319034852547,54.97,MEDIUM
2706,2704,2025-10-18 18:50:00,2025-10-18 18:55:00,5.0,0,3,3,6,Very Light,Severe,0.0,1.0,1.0,496,0.6648793565683646,5355.0,4.164939958884448e-20,0.5497319034852547,54.97,MEDIUM
2706,2704,2025-10-19 17:05:00,2025-10-19 17:10:00,5.0,0,3,3,7,Very Light,Severe,0.0,1.0,1.0,496,0.6648793565683646,4020.0,2.825757287115611e-15,0.549731903485255,54.97,MEDIUM
2706,2704,2025-10-18 18:25:00,2025-10-18 18:30:00,5.0,0,3,3,6,Very Light,Severe,0.0,1.0,1.0,496,0.6648793565683646,5380.0,3.3816661321534064e-20,0.5497319034852547,54.97,MEDIUM
2706,2704,2025-10-18 18:40:00,2025-10-18 18:45:00,5.0,0,3,3,6,Very Light,Severe,0.0,1.0,1.0,496,0.6648793565683646,5365.0,3.8319297464381104e-20,0.5497319034852547,54.97,MEDIUM
2706,2704,2025-10-17 16:25:00,2025-10-17 16:30:00,5.0,0,3,3,4,Very Light,Severe,0.0,1.0,1.0,496,0.6648793565683646,6940.0,7.643679403098225e-26,0.5497319034852547,54.97,MEDIUM
2706,2704,2025-10-17 16:30:00,2025-10-17 16:35:00,5.0,0,3,3,4,Very Light,Severe,0.0,1.0,1.0,496,0.6648793565683646,6935.0,7.968894305964573e-26,0.5497319034852547,54.97,MEDIUM
2706,2704,2025-10-21 18:45:00,2025-10-21 18:50:00,5.0,0,3,3,9,Very Light,Severe,0.0,1.0,1.0,496,0.6648793565683646,1040.0,0.00017223225596081014,0.5497491267108507,54.97,MEDIUM
2706,2704,2025-10-21 18:35:00,2025-10-21 18:40:00,5.0,0,3,3,9,Very Light,Severe,0.0,1.0,1.0,496,0.6648793565683646,1050.0,0.00015846132511575126,0.5497477496177663,54.97,MEDIUM
2706,2704,2025-10-21 18:30:00,2025-10-21 18:35:00,5.0,0,3,3,9,Very Light,Severe,0.0,1.0,1.0,496,0.6648793565683646,1055.0,0.0001519944324105722,0.5497471029284957,54.97,MEDIUM
2706,2704,2025-10-17 17:05:00,2025-10-17 17:10:00,5.0,0,3,3,4,Very Light,Severe,0.0,1.0,1.0,496,0.6648793565683646,6900.0,1.0667613948338533e-25,0.5497319034852547,54.97,MEDIUM
2706,2704,2025-10-17 16:55:00,2025-10-17 17:00:00,5.0,0,3,3,4,Very Light,Severe,0.0,1.0,1.0,496,0.6648793565683646,6910.0,9.814678630590705e-26,0.5497319034852547,54.97,MEDIUM
2706,2704,2025-10-17 16:20:00,2025-10-17 16:25:00,5.0,0,3,3,4,Very Light,Severe,0.0,1.0,1.0,496,0.6648793565683646,6945.0,7.331736696974105e-26,0.5497319034852547,54.97,MEDIUM
2706,2704,2025-10-21 17:50:00,2025-10-21 17:55:00,5.0,0,3,3,9,Very Light,Severe,0.0,1.0,1.0,496,0.6648793565683646,1095.0,0.00010890876985506645,0.5497427943622402,54.97,MEDIUM
2706,2704,2025-10-21 18:10:00,2025-10-21 18:15:00,5.0,0,3,3,9,Very Light,Severe,0.0,1.0,1.0,496,0.6648793565683646,1075.0,0.00012866050932067085,0.5497447695361868,54.97,MEDIUM
2706,2704,2025-10-21 18:15:00,2025-10-21 18:20:00,5.0,0,3,3,9,Very Light,Severe,0.0,1.0,1.0,496,0.6648793565683646,1070.0,0.00013413461581243357,0.5497453169468359,54.97,MEDIUM
2706,2704,2025-10-21 18:50:00,2025-10-21 18:55:00,5.0,0,3,3,9,Very Light,Severe,0.0,1.0,1.0,496,0.6648793565683646,1035.0,0.00017956020542583297,0.5497498595057972,54.97,MEDIUM
2706,2704,2025-10-17 17:00:00,2025-10-17 17:05:00,5.0,0,3,3,4,Very Light,Severe,0.0,1.0,1.0,496,0.6648793565683646,6905.0,1.0232262831756732e-25,0.5497319034852547,54.97,MEDIUM
2701,2704,2025-10-16 20:25:00,2025-10-16 20:50:00,25.0,0,3,3,3,Very Light,Severe,0.0,1.0,0.6363636363636364,746,1.0,8140.0,3.4702250802761405e-30,0.5454545454545454,54.55,MEDIUM
2701,2704,2025-10-20 15:35:00,2025-10-20 16:00:00,25.0,2,3,1,8,Moderate,Severe,0.6666666666666666,0.3333333333333333,0.6363636363636364,746,1.0,2670.0,2.172439935079017e-10,0.5454545454762698,54.55,MEDIUM
2701,2704,2025-10-19 16:35:00,2025-10-19 17:00:00,25.0,2,3,1,7,Moderate,Severe,0.6666666666666666,0.3333333333333333,0.6363636363636364,746,1.0,4050.0,2.2007019879753665e-15,0.5454545454545456,54.55,MEDIUM
2701,2704,2025-10-17 18:45:00,2025-10-17 19:10:00,25.0,0,3,3,5,Very Light,Severe,0.0,1.0,0.6363636363636364,746,1.0,6800.0,2.4545922508479037e-25,0.5454545454545454,54.55,MEDIUM
2701,2704,2025-10-18 16:35:00,2025-10-18 17:00:00,25.0,2,3,1,6,Moderate,Severe,0.6666666666666666,0.3333333333333333,0.6363636363636364,746,1.0,5490.0,1.3521580340512197e-20,0.5454545454545454,54.55,MEDIUM
2701,2704,2025-10-17 16:00:00,2025-10-17 16:25:00,25.0,0,3,3,4,Very Light,Severe,0.0,1.0,0.6363636363636364,746,1.0,6965.0,6.206181125698469e-26,0.5454545454545454,54.55,MEDIUM
2701,2704,2025-10-17 16:35:00,2025-10-17 17:00:00,25.0,0,3,3,4,Very Light,Severe,0.0,1.0,0.6363636363636364,746,1.0,6930.0,8.30794609646949e-26,0.5454545454545454,54.55,MEDIUM
2702,2704,2025-10-20 15:40:00,2025-10-20 16:00:00,20.0,2,3,1,8,Moderate,Severe,0.6666666666666666,0.3333333333333333,0.7272727272727273,654,0.8766756032171582,2665.0,2.2648705310277777e-10,0.5405922495961314,54.06,MEDIUM
2702,2704,2025-10-17 16:05:00,2025-10-17 16:25:00,20.0,0,3,3,4,Very Light,Severe,0.0,1.0,0.7272727272727273,654,0.8766756032171582,6960.0,6.47023492564546e-26,0.5405922495734827,54.06,MEDIUM
2702,2704,2025-10-17 18:50:00,2025-10-17 19:10:00,20.0,0,3,3,5,Very Light,Severe,0.0,1.0,0.7272727272727273,654,0.8766756032171582,6795.0,2.559027554624811e-25,0.5405922495734827,54.06,MEDIUM
2702,2704,2025-10-17 16:40:00,2025-10-17 17:00:00,20.0,0,3,3,4,Very Light,Severe,0.0,1.0,0.7272727272727273,654,0.8766756032171582,6925.0,8.661423491359516e-26,0.5405922495734827,54.06,MEDIUM
2706,2704,2025-10-17 19:00:00,2025-10-17 19:10:00,10.0,0,3,3,5,Very Light,Severe,0.0,1.0,0.9090909090909091,496,0.6648793565683646,6785.0,2.7814174119581217e-25,0.536095539848891,53.61,MEDIUM
2706,2704,2025-10-20 15:50:00,2025-10-20 16:00:00,10.0,2,3,1,8,Moderate,Severe,0.6666666666666666,0.3333333333333333,0.9090909090909091,496,0.6648793565683646,2655.0,2.4616969518153846e-10,0.536095539873508,53.61,MEDIUM
2706,2704,2025-10-17 16:15:00,2025-10-17 16:25:00,10.0,0,3,3,4,Very Light,Severe,0.0,1.0,0.9090909090909091,496,0.6648793565683646,6950.0,7.032524542037755e-26,0.536095539848891,53.61,MEDIUM
2706,2704,2025-10-17 16:50:00,2025-10-17 17:00:00,10.0,0,3,3,4,Very Light,Severe,0.0,1.0,0.9090909090909091,496,0.6648793565683646,6915.0,9.414136267376981e-26,0.536095539848891,53.61,MEDIUM
2706,2704,2025-10-17 17:20:00,2025-10-17 17:30:00,10.0,0,3,3,4,Very Light,Severe,0.0,1.0,0.9090909090909091,496,0.6648793565683646,6885.0,1.2087990243473908e-25,0.536095539848891,53.61,MEDIUM
2706,2704,2025-10-16 17:10:00,2025-10-16 17:20:00,10.0,0,3,3,3,Very Light,Severe,0.0,1.0,0.9090909090909091,496,0.6648793565683646,8335.0,6.833278338927836e-31,0.536095539848891,53.61,MEDIUM
2706,2704,2025-10-16 17:20:00,2025-10-16 17:30:00,10.0,0,3,3,3,Very Light,Severe,0.0,1.0,0.9090909090909091,496,0.6648793565683646,8325.0,7.427117898086325e-31,0.536095539848891,53.61,MEDIUM
2706,2704,2025-10-19 16:50:00,2025-10-19 17:00:00,10.0,2,3,1,7,Moderate,Severe,0.6666666666666666,0.3333333333333333,0.9090909090909091,496,0.6648793565683646,4035.0,2.493722053335376e-15,0.5360955398488912,53.61,MEDIUM
2701,2704,2025-10-17 15:55:00,2025-10-17 16:25:00,30.0,0,3,3,4,Very Light,Severe,0.0,1.0,0.5454545454545454,746,1.0,6970.0,5.952903504679667e-26,0.5318181818181817,53.18,MEDIUM
2701,2704,2025-10-20 15:30:00,2025-10-20 16:00:00,30.0,2,3,1,8,Moderate,Severe,0.6666666666666666,0.3333333333333333,0.5454545454545454,746,1.0,2675.0,2.0837814819306512e-10,0.5318181818390195,53.18,MEDIUM
2701,2704,2025-10-19 16:30:00,2025-10-19 17:00:00,30.0,2,3,1,7,Moderate,Severe,0.6666666666666666,0.3333333333333333,0.5454545454545454,746,1.0,4055.0,2.1108901451050982e-15,0.531818181818182,53.18,MEDIUM
2701,2704,2025-10-18 16:30:00,2025-10-18 17:00:00,30.0,2,3,1,6,Moderate,Severe,0.6666666666666666,0.3333333333333333,0.5454545454545454,746,1.0,5495.0,1.2969757306073521e-20,0.5318181818181817,53.18,MEDIUM
2701,2704,2025-10-16 20:20:00,2025-10-16 20:50:00,30.0,0,3,3,3,Very Light,Severe,0.0,1.0,0.5454545454545454,746,1.0,8145.0,3.328603310796571e-30,0.5318181818181817,53.18,MEDIUM
2701,2704,2025-10-17 18:40:00,2025-10-17 19:10:00,30.0,0,3,3,5,Very Light,Severe,0.0,1.0,0.5454545454545454,746,1.0,6805.0,2.3544190085150874e-25,0.5318181818181817,53.18,MEDIUM
2702,2704,2025-10-20 15:35:00,2025-10-20 16:00:00,25.0,2,3,1,8,Moderate,Severe,0.6666666666666666,0.3333333333333333,0.6363636363636364,654,0.8766756032171582,2670.0,2.172439935079017e-10,0.5269558859588436,52.7,MEDIUM
2702,2704,2025-10-17 16:35:00,2025-10-17 17:00:00,25.0,0,3,3,4,Very Light,Severe,0.0,1.0,0.6363636363636364,654,0.8766756032171582,6930.0,8.30794609646949e-26,0.5269558859371192,52.7,MEDIUM
2702,2704,2025-10-17 18:45:00,2025-10-17 19:10:00,25.0,0,3,3,5,Very Light,Severe,0.0,1.0,0.6363636363636364,654,0.8766756032171582,6800.0,2.4545922508479037e-25,0.5269558859371192,52.7,MEDIUM
2702,2704,2025-10-17 16:00:00,2025-10-17 16:25:00,25.0,0,3,3,4,Very Light,Severe,0.0,1.0,0.6363636363636364,654,0.8766756032171582,6965.0,6.206181125698469e-26,0.5269558859371192,52.7,MEDIUM
2706,2704,2025-10-17 16:45:00,2025-10-17 17:00:00,15.0,0,3,3,4,Very Light,Severe,0.0,1.0,0.8181818181818181,496,0.6648793565683646,6920.0,9.029940255456796e-26,0.5224591762125275,52.25,MEDIUM
2706,2704,2025-10-16 17:05:00,2025-10-16 17:20:00,15.0,0,3,3,3,Very Light,Severe,0.0,1.0,0.8181818181818181,496,0.6648793565683646,8340.0,6.554408540191793e-31,0.5224591762125275,52.25,MEDIUM
2706,2704,2025-10-17 16:10:00,2025-10-17 16:25:00,15.0,0,3,3,4,Very Light,Severe,0.0,1.0,0.8181818181818181,496,0.6648793565683646,6955.0,6.745523397583852e-26,0.5224591762125275,52.25,MEDIUM
2706,2704,2025-10-20 15:45:00,2025-10-20 16:00:00,15.0,2,3,1,8,Moderate,Severe,0.6666666666666666,0.3333333333333333,0.8181818181818181,496,0.6648793565683646,2660.0,2.3612337627790166e-10,0.5224591762361398,52.25,MEDIUM
2706,2704,2025-10-17 18:55:00,2025-10-17 19:10:00,15.0,0,3,3,5,Very Light,Severe,0.0,1.0,0.8181818181818181,496,0.6648793565683646,6790.0,2.667906257370002e-25,0.5224591762125275,52.25,MEDIUM
2706,2704,2025-10-19 16:45:00,2025-10-19 17:00:00,15.0,2,3,1,7,Moderate,Severe,0.6666666666666666,0.3333333333333333,0.8181818181818181,496,0.6648793565683646,4040.0,2.3919519025198503e-15,0.5224591762125277,52.25,MEDIUM
2701,2704,2025-10-19 16:25:00,2025-10-19 17:00:00,35.0,2,3,1,7,Moderate,Severe,0.6666666666666666,0.3333333333333333,0.4545454545454546,746,1.0,4060.0,2.0247435723003795e-15,0.5181818181818184,51.82,MEDIUM
2701,2704,2025-10-17 15:50:00,2025-10-17 16:25:00,35.0,0,3,3,4,Very Light,Severe,0.0,1.0,0.4545454545454546,746,1.0,6975.0,5.709962280876788e-26,0.5181818181818182,51.82,MEDIUM
2701,2704,2025-10-16 20:15:00,2025-10-16 20:50:00,35.0,0,3,3,3,Very Light,Severe,0.0,1.0,0.4545454545454546,746,1.0,8150.0,3.192761202614628e-30,0.5181818181818182,51.82,MEDIUM
2701,2704,2025-10-18 16:25:00,2025-10-18 17:00:00,35.0,2,3,1,6,Moderate,Severe,0.6666666666666666,0.3333333333333333,0.4545454545454546,746,1.0,5500.0,1.244045446924988e-20,0.5181818181818182,51.82,MEDIUM
2701,2704,2025-10-20 15:25:00,2025-10-20 16:00:00,35.0,2,3,1,8,Moderate,Severe,0.6666666666666666,0.3333333333333333,0.4545454545454546,746,1.0,2680.0,1.9987412283871416e-10,0.5181818182018056,51.82,MEDIUM
2702,2704,2025-10-17 18:40:00,2025-10-17 19:10:00,30.0,0,3,3,5,Very Light,Severe,0.0,1.0,0.5454545454545454,654,0.8766756032171582,6805.0,2.3544190085150874e-25,0.5133195223007555,51.33,MEDIUM
2702,2704,2025-10-17 15:55:00,2025-10-17 16:25:00,30.0,0,3,3,4,Very Light,Severe,0.0,1.0,0.5454545454545454,654,0.8766756032171582,6970.0,5.952903504679667e-26,0.5133195223007555,51.33,MEDIUM
2702,2704,2025-10-20 15:30:00,2025-10-20 16:00:00,30.0,2,3,1,8,Moderate,Severe,0.6666666666666666,0.3333333333333333,0.5454545454545454,654,0.8766756032171582,2675.0,2.0837814819306512e-10,0.5133195223215933,51.33,MEDIUM
2706,2704,2025-10-17 16:40:00,2025-10-17 17:00:00,20.0,0,3,3,4,Very Light,Severe,0.0,1.0,0.7272727272727273,496,0.6648793565683646,6925.0,8.661423491359516e-26,0.5088228125761638,50.88,MEDIUM
2706,2704,2025-10-19 16:40:00,2025-10-19 17:00:00,20.0,2,3,1,7,Moderate,Severe,0.6666666666666666,0.3333333333333333,0.7272727272727273,496,0.6648793565683646,4045.0,2.2943350468091746e-15,0.508822812576164,50.88,MEDIUM
2706,2704,2025-10-17 18:50:00,2025-10-17 19:10:00,20.0,0,3,3,5,Very Light,Severe,0.0,1.0,0.7272727272727273,496,0.6648793565683646,6795.0,2.559027554624811e-25,0.5088228125761638,50.88,MEDIUM
2706,2704,2025-10-17 16:05:00,2025-10-17 16:25:00,20.0,0,3,3,4,Very Light,Severe,0.0,1.0,0.7272727272727273,496,0.6648793565683646,6960.0,6.47023492564546e-26,0.5088228125761638,50.88,MEDIUM
2706,2704,2025-10-20 15:40:00,2025-10-20 16:00:00,20.0,2,3,1,8,Moderate,Severe,0.6666666666666666,0.3333333333333333,0.7272727272727273,496,0.6648793565683646,2665.0,2.2648705310277777e-10,0.5088228125988125,50.88,MEDIUM
2701,2704,2025-10-16 20:10:00,2025-10-16 20:50:00,40.0,0,3,3,3,Very Light,Severe,0.0,1.0,0.36363636363636365,746,1.0,8155.0,3.0624628846150725e-30,0.5045454545454545,50.45,MEDIUM
2701,2704,2025-10-17 15:45:00,2025-10-17 16:25:00,40.0,0,3,3,4,Very Light,Severe,0.0,1.0,0.36363636363636365,746,1.0,6980.0,5.476935620307876e-26,0.5045454545454545,50.45,MEDIUM
2701,2704,2025-10-19 16:20:00,2025-10-19 17:00:00,40.0,2,3,1,7,Moderate,Severe,0.6666666666666666,0.3333333333333333,0.36363636363636365,746,1.0,4065.0,1.9421126879000225e-15,0.5045454545454547,50.45,MEDIUM
2701,2704,2025-10-17 06:55:00,2025-10-17 07:00:00,5.0,0,2,2,4,Very Light,Moderate,0.0,0.6666666666666666,1.0,746,1.0,7510.0,6.613078442597691e-28,0.5,50.0,MEDIUM
2701,2704,2025-10-18 08:55:00,2025-10-18 09:00:00,5.0,0,2,2,6,Very Light,Moderate,0.0,0.6666666666666666,1.0,746,1.0,5950.0,2.9257144654107136e-22,0.5,50.0,MEDIUM
2701,2704,2025-10-18 08:50:00,2025-10-18 08:55:00,5.0,0,2,2,6,Very Light,Moderate,0.0,0.6666666666666666,1.0,746,1.0,5955.0,2.8063144697336614e-22,0.5,50.0,MEDIUM
2701,2704,2025-10-18 08:45:00,2025-10-18 08:50:00,5.0,0,2,2,6,Very Light,Moderate,0.0,0.6666666666666666,1.0,746,1.0,5960.0,2.6917872527013563e-22,0.5,50.0,MEDIUM
2701,2704,2025-10-18 08:40:00,2025-10-18 08:45:00,5.0,0,2,2,6,Very Light,Moderate,0.0,0.6666666666666666,1.0,746,1.0,5965.0,2.5819339535719e-22,0.5,50.0,MEDIUM
2701,2704,2025-10-18 08:35:00,2025-10-18 08:40:00,5.0,0,2,2,6,Very Light,Moderate,0.0,0.6666666666666666,1.0,746,1.0,5970.0,2.4765638272182875e-22,0.5,50.0,MEDIUM
2701,2704,2025-10-18 11:10:00,2025-10-18 11:15:00,5.0,0,2,2,6,Very Light,Moderate,0.0,0.6666666666666666,1.0,746,1.0,5815.0,9.01183499148129e-22,0.5,50.0,MEDIUM
2701,2704,2025-10-18 11:05:00,2025-10-18 11:10:00,5.0,0,2,2,6,Very Light,Moderate,0.0,0.6666666666666666,1.0,746,1.0,5820.0,8.644057113036095e-22,0.5,50.0,MEDIUM
2701,2704,2025-10-18 11:00:00,2025-10-18 11:05:00,5.0,0,2,2,6,Very Light,Moderate,0.0,0.6666666666666666,1.0,746,1.0,5825.0,8.291288449473496e-22,0.5,50.0,MEDIUM
2701,2704,2025-10-18 10:55:00,2025-10-18 11:00:00,5.0,0,2,2,6,Very Light,Moderate,0.0,0.6666666666666666,1.0,746,1.0,5830.0,7.952916466585712e-22,0.5,50.0,MEDIUM
2701,2704,2025-10-18 10:50:00,2025-10-18 10:55:00,5.0,0,2,2,6,Very Light,Moderate,0.0,0.6666666666666666,1.0,746,1.0,5835.0,7.628353628018694e-22,0.5,50.0,MEDIUM
2701,2704,2025-10-18 10:45:00,2025-10-18 10:50:00,5.0,0,2,2,6,Very Light,Moderate,0.0,0.6666666666666666,1.0,746,1.0,5840.0,7.317036375095793e-22,0.5,50.0,MEDIUM
2701,2704,2025-10-18 10:40:00,2025-10-18 10:45:00,5.0,0,2,2,6,Very Light,Moderate,0.0,0.6666666666666666,1.0,746,1.0,5845.0,7.018424148275916e-22,0.5,50.0,MEDIUM
2701,2704,2025-10-18 07:55:00,2025-10-18 08:00:00,5.0,0,2,2,6,Very Light,Moderate,0.0,0.6666666666666666,1.0,746,1.0,6010.0,1.7745355248363547e-22,0.5,50.0,MEDIUM
2701,2704,2025-10-17 07:45:00,2025-10-17 07:50:00,5.0,0,2,2,4,Very Light,Moderate,0.0,0.6666666666666666,1.0,746,1.0,7460.0,1.003135750384044e-27,0.5,50.0,MEDIUM
2701,2704,2025-10-17 07:50:00,2025-10-17 07:55:00,5.0,0,2,2,4,Very Light,Moderate,0.0,0.6666666666666666,1.0,746,1.0,7455.0,1.0458160720483223e-27,0.5,50.0,MEDIUM
2701,2704,2025-10-17 07:55:00,2025-10-17 08:00:00,5.0,0,2,2,4,Very Light,Moderate,0.0,0.6666666666666666,1.0,746,1.0,7450.0,1.090312309311929e-27,0.5,50.0,MEDIUM
2701,2704,2025-10-17 08:00:00,2025-10-17 08:05:00,5.0,0,2,2,4,Very Light,Moderate,0.0,0.6666666666666666,1.0,746,1.0,7445.0,1.1367017237637095e-27,0.5,50.0,MEDIUM
2701,2704,2025-10-17 08:05:00,2025-10-17 08:10:00,5.0,0,2,2,4,Very Light,Moderate,0.0,0.6666666666666666,1.0,746,1.0,7440.0,1.185064864233981e-27,0.5,50.0,MEDIUM
2701,2704,2025-10-17 08:10:00,2025-10-17 08:15:00,5.0,0,2,2,4,Very Light,Moderate,0.0,0.6666666666666666,1.0,746,1.0,7435.0,1.2354857066565314e-27,0.5,50.0,MEDIUM
2701,2704,2025-10-17 11:05:00,2025-10-17 11:10:00,5.0,0,2,2,4,Very Light,Moderate,0.0,0.6666666666666666,1.0,746,1.0,7260.0,5.311092249679095e-27,0.5,50.0,MEDIUM
2701,2704,2025-10-17 08:20:00,2025-10-17 08:25:00,5.0,0,2,2,4,Very Light,Moderate,0.0,0.6666666666666666,1.0,746,1.0,7425.0,1.342854417690584e-27,0.5,50.0,MEDIUM
2701,2704,2025-10-17 08:25:00,2025-10-17 08:30:00,5.0,0,2,2,4,Very Light,Moderate,0.0,0.6666666666666666,1.0,746,1.0,7420.0,1.3999887172840233e-27,0.5,50.0,MEDIUM
2701,2704,2025-10-17 08:30:00,2025-10-17 08:35:00,5.0,0,2,2,4,Very Light,Moderate,0.0,0.6666666666666666,1.0,746,1.0,7415.0,1.459553904505371e-27,0.5,50.0,MEDIUM
2701,2704,2025-10-17 08:35:00,2025-10-17 08:40:00,5.0,0,2,2,4,Very Light,Moderate,0.0,0.6666666666666666,1.0,746,1.0,7410.0,1.5216534061000393e-27,0.5,50.0,MEDIUM
2701,2704,2025-10-17 08:40:00,2025-10-17 08:45:00,5.0,0,2,2,4,Very Light,Moderate,0.0,0.6666666666666666,1.0,746,1.0,7405.0,1.5863950493014013e-27,0.5,50.0,MEDIUM
2701,2704,2025-10-17 08:45:00,2025-10-17 08:50:00,5.0,0,2,2,4,Very Light,Moderate,0.0,0.6666666666666666,1.0,746,1.0,7400.0,1.6538912490579074e-27,0.5,50.0,MEDIUM
2701,2704,2025-10-17 08:50:00,2025-10-17 08:55:00,5.0,0,2,2,4,Very Light,Moderate,0.0,0.6666666666666666,1.0,746,1.0,7395.0,1.7242592032261266e-27,0.5,50.0,MEDIUM
2701,2704,2025-10-17 08:55:00,2025-10-17 09:00:00,5.0,0,2,2,4,Very Light,Moderate,0.0,0.6666666666666666,1.0,746,1.0,7390.0,1.7976210960687545e-27,0.5,50.0,MEDIUM
2701,2704,2025-10-17 09:00:00,2025-10-17 09:05:00,5.0,0,2,2,4,Very Light,Moderate,0.0,0.6666666666666666,1.0,746,1.0,7385.0,1.8741043104107293e-27,0.5,50.0,MEDIUM
2701,2704,2025-10-19 09:30:00,2025-10-19 09:35:00,5.0,0,2,2,7,Very Light,Moderate,0.0,0.6666666666666666,1.0,746,1.0,4475.0,6.374335907413219e-17,0.5,50.0,MEDIUM
2701,2704,2025-10-18 10:20:00,2025-10-18 10:25:00,5.0,0,2,2,6,Very Light,Moderate,0.0,0.6666666666666666,1.0,746,1.0,5865.0,5.940967779046551e-22,0.5,50.0,MEDIUM
2701,2704,2025-10-18 10:25:00,2025-10-18 10:30:00,5.0,0,2,2,6,Very Light,Moderate,0.0,0.6666666666666666,1.0,746,1.0,5860.0,6.193737571878423e-22,0.5,50.0,MEDIUM
2701,2704,2025-10-18 10:30:00,2025-10-18 10:35:00,5.0,0,2,2,6,Very Light,Moderate,0.0,0.6666666666666666,1.0,746,1.0,5855.0,6.457261937120853e-22,0.5,50.0,MEDIUM
2701,2704,2025-10-18 10:35:00,2025-10-18 10:40:00,5.0,0,2,2,6,Very Light,Moderate,0.0,0.6666666666666666,1.0,746,1.0,5850.0,6.731998448546458e-22,0.5,50.0,MEDIUM
2701,2704,2025-10-18 15:40:00,2025-10-18 15:45:00,5.0,0,2,2,6,Very Light,Moderate,0.0,0.6666666666666666,1.0,746,1.0,5545.0,8.550190980002677e-21,0.5,50.0,MEDIUM
2701,2704,2025-10-18 15:45:00,2025-10-18 15:50:00,5.0,0,2,2,6,Very Light,Moderate,0.0,0.6666666666666666,1.0,746,1.0,5540.0,8.913975144985213e-21,0.5,50.0,MEDIUM
2701,2704,2025-10-18 15:50:00,2025-10-18 15:55:00,5.0,0,2,2,6,Very Light,Moderate,0.0,0.6666666666666666,1.0,746,1.0,5535.0,9.293237200344816e-21,0.5,50.0,MEDIUM
2701,2704,2025-10-18 15:55:00,2025-10-18 16:00:00,5.0,0,2,2,6,Very Light,Moderate,0.0,0.6666666666666666,1.0,746,1.0,5530.0,9.688635682415965e-21,0.5,50.0,MEDIUM
2701,2704,2025-10-18 16:00:00,2025-10-18 16:05:00,5.0,0,2,2,6,Very Light,Moderate,0.0,0.6666666666666666,1.0,746,1.0,5525.0,1.0100857146216132e-20,0.5,50.0,MEDIUM
2701,2704,2025-10-18 16:05:00,2025-10-18 16:10:00,5.0,0,2,2,6,Very Light,Moderate,0.0,0.6666666666666666,1.0,746,1.0,5520.0,1.0530617357553812e-20,0.5,50.0,MEDIUM
2701,2704,2025-10-18 16:10:00,2025-10-18 16:15:00,5.0,0,2,2,6,Very Light,Moderate,0.0,0.6666666666666666,1.0,746,1.0,5515.0,1.0978662535857706e-20,0.5,50.0,MEDIUM
2701,2704,2025-10-18 12:35:00,2025-10-18 12:40:00,5.0,0,2,2,6,Very Light,Moderate,0.0,0.6666666666666666,1.0,746,1.0,5730.0,1.829946905189832e-21,0.5,50.0,MEDIUM
2701,2704,2025-10-18 12:40:00,2025-10-18 12:45:00,5.0,0,2,2,6,Very Light,Moderate,0.0,0.6666666666666666,1.0,746,1.0,5725.0,1.9078054826676575e-21,0.5,50.0,MEDIUM
2701,2704,2025-10-18 12:45:00,2025-10-18 12:50:00,5.0,0,2,2,6,Very Light,Moderate,0.0,0.6666666666666666,1.0,746,1.0,5720.0,1.9889767016596736e-21,0.5,50.0,MEDIUM
2701,2704,2025-10-18 12:50:00,2025-10-18 12:55:00,5.0,0,2,2,6,Very Light,Moderate,0.0,0.6666666666666666,1.0,746,1.0,5715.0,2.0736015048102845e-21,0.5,50.0,MEDIUM
2701,2704,2025-10-19 11:05:00,2025-10-19 11:10:00,5.0,0,2,2,7,Very Light,Moderate,0.0,0.6666666666666666,1.0,746,1.0,4380.0,1.4068617124461467e-16,0.5,50.0,MEDIUM
2701,2704,2025-10-18 13:00:00,2025-10-18 13:05:00,5.0,0,2,2,6,Very Light,Moderate,0.0,0.6666666666666666,1.0,746,1.0,5705.0,2.2538058726716176e-21,0.5,50.0,MEDIUM
2701,2704,2025-10-18 13:05:00,2025-10-18 13:10:00,5.0,0,2,2,6,Very Light,Moderate,0.0,0.6666666666666666,1.0,746,1.0,5700.0,2.349698337452817e-21,0.5,50.0,MEDIUM
2701,2704,2025-10-18 13:10:00,2025-10-18 13:15:00,5.0,0,2,2,6,Very Light,Moderate,0.0,0.6666666666666666,1.0,746,1.0,5695.0,2.449670729841497e-21,0.5,50.0,MEDIUM
2701,2704,2025-10-18 13:15:00,2025-10-18 13:20:00,5.0,0,2,2,6,Very Light,Moderate,0.0,0.6666666666666666,1.0,746,1.0,5690.0,2.553896638130772e-21,0.5,50.0,MEDIUM
2701,2704,2025-10-19 07:55:00,2025-10-19 08:00:00,5.0,0,2,2,7,Very Light,Moderate,0.0,0.6666666666666666,1.0,746,1.0,4570.0,2.8881415921035356e-17,0.5,50.0,MEDIUM
2701,2704,2025-10-18 14:05:00,2025-10-18 14:10:00,5.0,0,2,2,6,Very Light,Moderate,0.0,0.6666666666666666,1.0,746,1.0,5640.0,3.873997628687187e-21,0.5,50.0,MEDIUM
2701,2704,2025-10-18 15:00:00,2025-10-18 15:05:00,5.0,0,2,2,6,Very Light,Moderate,0.0,0.6666666666666666,1.0,746,1.0,5585.0,6.1264795485575384e-21,0.5,50.0,MEDIUM
2701,2704,2025-10-18 15:05:00,2025-10-18 15:10:00,5.0,0,2,2,6,Very Light,Moderate,0.0,0.6666666666666666,1.0,746,1.0,5580.0,6.387142293058423e-21,0.5,50.0,MEDIUM
2701,2704,2025-10-18 15:10:00,2025-10-18 15:15:00,5.0,0,2,2,6,Very Light,Moderate,0.0,0.6666666666666666,1.0,746,1.0,5575.0,6.658895430636148e-21,0.5,50.0,MEDIUM
2701,2704,2025-10-18 15:15:00,2025-10-18 15:20:00,5.0,0,2,2,6,Very Light,Moderate,0.0,0.6666666666666666,1.0,746,1.0,5570.0,6.942210823193523e-21,0.5,50.0,MEDIUM
2701,2704,2025-10-18 15:20:00,2025-10-18 15:25:00,5.0,0,2,2,6,Very Light,Moderate,0.0,0.6666666666666666,1.0,746,1.0,5565.0,7.237580408896853e-21,0.5,50.0,MEDIUM
2701,2704,2025-10-18 15:25:00,2025-10-18 15:30:00,5.0,0,2,2,6,Very Light,Moderate,0.0,0.6666666666666666,1.0,746,1.0,5560.0,7.545517056359109e-21,0.5,50.0,MEDIUM
2701,2704,2025-10-18 15:30:00,2025-10-18 15:35:00,5.0,0,2,2,6,Very Light,Moderate,0.0,0.6666666666666666,1.0,746,1.0,5555.0,7.86655545516552e-21,0.5,50.0,MEDIUM
2701,2704,2025-10-18 15:35:00,2025-10-18 15:40:00,5.0,0,2,2,6,Very Light,Moderate,0.0,0.6666666666666666,1.0,746,1.0,5550.0,8.201253044288238e-21,0.5,50.0,MEDIUM
2701,2704,2025-10-19 09:25:00,2025-10-19 09:30:00,5.0,0,2,2,7,Very Light,Moderate,0.0,0.6666666666666666,1.0,746,1.0,4480.0,6.114195798462941e-17,0.5,50.0,MEDIUM
2701,2704,2025-10-19 09:05:00,2025-10-19 09:10:00,5.0,0,2,2,7,Very Light,Moderate,0.0,0.6666666666666666,1.0,746,1.0,4500.0,5.175555005801869e-17,0.5,50.0,MEDIUM
2701,2704,2025-10-19 09:10:00,2025-10-19 09:15:00,5.0,0,2,2,7,Very Light,Moderate,0.0,0.6666666666666666,1.0,746,1.0,4495.0,5.395758853939293e-17,0.5,50.0,MEDIUM
2701,2704,2025-10-19 09:15:00,2025-10-19 09:20:00,5.0,0,2,2,7,Very Light,Moderate,0.0,0.6666666666666666,1.0,746,1.0,4490.0,5.625331694325932e-17,0.5,50.0,MEDIUM
2701,2704,2025-10-19 09:20:00,2025-10-19 09:25:00,5.0,0,2,2,7,Very Light,Moderate,0.0,0.6666666666666666,1.0,746,1.0,4485.0,5.864672148586656e-17,0.5,50.0,MEDIUM
2701,2704,2025-10-19 12:15:00,2025-10-19 12:20:00,5.0,0,2,2,7,Very Light,Moderate,0.0,0.6666666666666666,1.0,746,1.0,4310.0,2.5210987571486836e-16,0.5,50.0,MEDIUM
2701,2704,2025-10-19 12:20:00,2025-10-19 12:25:00,5.0,0,2,2,7,Very Light,Moderate,0.0,0.6666666666666666,1.0,746,1.0,4305.0,2.6283637069436874e-16,0.5,50.0,MEDIUM
2701,2704,2025-10-19 12:30:00,2025-10-19 12:35:00,5.0,0,2,2,7,Very Light,Moderate,0.0,0.6666666666666666,1.0,746,1.0,4295.0,2.8567791566917293e-16,0.5,50.0,MEDIUM
2701,2704,2025-10-19 09:35:00,2025-10-19 09:40:00,5.0,0,2,2,7,Very Light,Moderate,0.0,0.6666666666666666,1.0,746,1.0,4470.0,6.64554417291507e-17,0.5,50.0,MEDIUM
2701,2704,2025-10-19 09:40:00,2025-10-19 09:45:00,5.0,0,2,2,7,Very Light,Moderate,0.0,0.6666666666666666,1.0,746,1.0,4465.0,6.928291510775971e-17,0.5,50.0,MEDIUM
2701,2704,2025-10-19 09:45:00,2025-10-19 09:50:00,5.0,0,2,2,7,Very Light,Moderate,0.0,0.6666666666666666,1.0,746,1.0,4460.0,7.223068872813613e-17,0.5,50.0,MEDIUM
2701,2704,2025-10-19 09:50:00,2025-10-19 09:55:00,5.0,0,2,2,7,Very Light,Moderate,0.0,0.6666666666666666,1.0,746,1.0,4455.0,7.530388099325974e-17,0.5,50.0,MEDIUM
2701,2704,2025-10-19 10:05:00,2025-10-19 10:10:00,5.0,0,2,2,7,Very Light,Moderate,0.0,0.6666666666666666,1.0,746,1.0,4440.0,8.533047625744066e-17,0.5,50.0,MEDIUM
2701,2704,2025-10-18 16:15:00,2025-10-18 16:20:00,5.0,0,2,2,6,Very Light,Moderate,0.0,0.6666666666666666,1.0,746,1.0,5510.0,1.1445770649883808e-20,0.5,50.0,MEDIUM
2701,2704,2025-10-18 16:20:00,2025-10-18 16:25:00,5.0,0,2,2,6,Very Light,Moderate,0.0,0.6666666666666666,1.0,746,1.0,5505.0,1.1932752768550773e-20,0.5,50.0,MEDIUM
2701,2704,2025-10-19 10:55:00,2025-10-19 11:00:00,5.0,0,2,2,7,Very Light,Moderate,0.0,0.6666666666666666,1.0,746,1.0,4390.0,1.2943752606919194e-16,0.5,50.0,MEDIUM
2701,2704,2025-10-19 11:00:00,2025-10-19 11:05:00,5.0,0,2,2,7,Very Light,Moderate,0.0,0.6666666666666666,1.0,746,1.0,4385.0,1.3494469221888552e-16,0.5,50.0,MEDIUM
2701,2704,2025-10-19 10:35:00,2025-10-19 10:40:00,5.0,0,2,2,7,Very Light,Moderate,0.0,0.6666666666666666,1.0,746,1.0,4410.0,1.0956650033262367e-16,0.5,50.0,MEDIUM
2701,2704,2025-10-19 10:40:00,2025-10-19 10:45:00,5.0,0,2,2,7,Very Light,Moderate,0.0,0.6666666666666666,1.0,746,1.0,4405.0,1.142282158342747e-16,0.5,50.0,MEDIUM
2701,2704,2025-10-19 10:45:00,2025-10-19 10:50:00,5.0,0,2,2,7,Very Light,Moderate,0.0,0.6666666666666666,1.0,746,1.0,4400.0,1.1908827290339802e-16,0.5,50.0,MEDIUM
2701,2704,2025-10-19 10:50:00,2025-10-19 10:55:00,5.0,0,2,2,7,Very Light,Moderate,0.0,0.6666666666666666,1.0,746,1.0,4395.0,1.2415511035985842e-16,0.5,50.0,MEDIUM
2701,2704,2025-10-19 13:40:00,2025-10-19 13:45:00,5.0,0,2,2,7,Very Light,Moderate,0.0,0.6666666666666666,1.0,746,1.0,4225.0,5.119353464286864e-16,0.5,50.0,MEDIUM
2701,2704,2025-10-19 13:45:00,2025-10-19 13:50:00,5.0,0,2,2,7,Very Light,Moderate,0.0,0.6666666666666666,1.0,746,1.0,4220.0,5.337166110765956e-16,0.5,50.0,MEDIUM
2701,2704,2025-10-19 13:50:00,2025-10-19 13:55:00,5.0,0,2,2,7,Very Light,Moderate,0.0,0.6666666666666666,1.0,746,1.0,4215.0,5.564246011263937e-16,0.5000000000000001,50.0,MEDIUM
2701,2704,2025-10-19 11:10:00,2025-10-19 11:15:00,5.0,0,2,2,7,Very Light,Moderate,0.0,0.6666666666666666,1.0,746,1.0,4375.0,1.4667193243410184e-16,0.5,50.0,MEDIUM
2701,2704,2025-10-19 11:15:00,2025-10-19 11:20:00,5.0,0,2,2,7,Very Light,Moderate,0.0,0.6666666666666666,1.0,746,1.0,4370.0,1.5291236923740912e-16,0.5,50.0,MEDIUM
2701,2704,2025-10-19 11:20:00,2025-10-19 11:25:00,5.0,0,2,2,7,Very Light,Moderate,0.0,0.6666666666666666,1.0,746,1.0,4365.0,1.5941831731372974e-16,0.5,50.0,MEDIUM
2701,2704,2025-10-19 11:25:00,2025-10-19 11:30:00,5.0,0,2,2,7,Very Light,Moderate,0.0,0.6666666666666666,1.0,746,1.0,4360.0,1.6620107334602457e-16,0.5,50.0,MEDIUM
2701,2704,2025-10-19 08:00:00,2025-10-19 08:05:00,5.0,0,2,2,7,Very Light,Moderate,0.0,0.6666666666666666,1.0,746,1.0,4565.0,3.0110230785980496e-17,0.5,50.0,MEDIUM
2701,2704,2025-10-19 08:45:00,2025-10-19 08:50:00,5.0,0,2,2,7,Very Light,Moderate,0.0,0.6666666666666666,1.0,746,1.0,4520.0,4.381012728577428e-17,0.5,50.0,MEDIUM
2701,2704,2025-10-19 08:50:00,2025-10-19 08:55:00,5.0,0,2,2,7,Very Light,Moderate,0.0,0.6666666666666666,1.0,746,1.0,4515.0,4.5674112617763464e-17,0.5,50.0,MEDIUM
2701,2704,2025-10-19 08:55:00,2025-10-19 09:00:00,5.0,0,2,2,7,Very Light,Moderate,0.0,0.6666666666666666,1.0,746,1.0,4510.0,4.761740475694833e-17,0.5,50.0,MEDIUM
2701,2704,2025-10-19 09:00:00,2025-10-19 09:05:00,5.0,0,2,2,7,Very Light,Moderate,0.0,0.6666666666666666,1.0,746,1.0,4505.0,4.9643377962535884e-17,0.5,50.0,MEDIUM
2701,2704,2025-10-19 11:55:00,2025-10-19 12:00:00,5.0,0,2,2,7,Very Light,Moderate,0.0,0.6666666666666666,1.0,746,1.0,4330.0,2.134064024570791e-16,0.5,50.0,MEDIUM
2701,2704,2025-10-19 12:00:00,2025-10-19 12:05:00,5.0,0,2,2,7,Very Light,Moderate,0.0,0.6666666666666666,1.0,746,1.0,4325.0,2.224861844293586e-16,0.5,50.0,MEDIUM
2701,2704,2025-10-19 12:05:00,2025-10-19 12:10:00,5.0,0,2,2,7,Very Light,Moderate,0.0,0.6666666666666666,1.0,746,1.0,4320.0,2.3195228302435696e-16,0.5,50.0,MEDIUM
2701,2704,2025-10-19 12:10:00,2025-10-19 12:15:00,5.0,0,2,2,7,Very Light,Moderate,0.0,0.6666666666666666,1.0,746,1.0,4315.0,2.4182113481879574e-16,0.5,50.0,MEDIUM
2701,2704,2025-10-19 15:15:00,2025-10-19 15:20:00,5.0,0,2,2,7,Very Light,Moderate,0.0,0.6666666666666666,1.0,746,1.0,4130.0,1.1298780745156135e-15,0.5000000000000001,50.0,MEDIUM
2701,2704,2025-10-19 15:20:00,2025-10-19 15:25:00,5.0,0,2,2,7,Very Light,Moderate,0.0,0.6666666666666666,1.0,746,1.0,4125.0,1.1779508898282764e-15,0.5000000000000001,50.0,MEDIUM
2701,2704,2025-10-19 15:25:00,2025-10-19 15:30:00,5.0,0,2,2,7,Very Light,Moderate,0.0,0.6666666666666666,1.0,746,1.0,4120.0,1.2280690546562632e-15,0.5000000000000001,50.0,MEDIUM
2701,2704,2025-10-19 12:35:00,2025-10-19 12:40:00,5.0,0,2,2,7,Very Light,Moderate,0.0,0.6666666666666666,1.0,746,1.0,4290.0,2.9783262686202286e-16,0.5,50.0,MEDIUM
2701,2704,2025-10-19 12:40:00,2025-10-19 12:45:00,5.0,0,2,2,7,Very Light,Moderate,0.0,0.6666666666666666,1.0,746,1.0,4285.0,3.105044833996067e-16,0.5,50.0,MEDIUM
2701,2704,2025-10-19 12:45:00,2025-10-19 12:50:00,5.0,0,2,2,7,Very Light,Moderate,0.0,0.6666666666666666,1.0,746,1.0,4280.0,3.2371548821587854e-16,0.5,50.0,MEDIUM
2701,2704,2025-10-19 12:50:00,2025-10-19 12:55:00,5.0,0,2,2,7,Very Light,Moderate,0.0,0.6666666666666666,1.0,746,1.0,4275.0,3.374885804015305e-16,0.5,50.0,MEDIUM
2701,2704,2025-10-19 10:10:00,2025-10-19 10:15:00,5.0,0,2,2,7,Very Light,Moderate,0.0,0.6666666666666666,1.0,746,1.0,4435.0,8.896102394058259e-17,0.5,50.0,MEDIUM
2701,2704,2025-10-19 10:15:00,2025-10-19 10:20:00,5.0,0,2,2,7,Very Light,Moderate,0.0,0.6666666666666666,1.0,746,1.0,4430.0,9.274604019178754e-17,0.5,50.0,MEDIUM
2701,2704,2025-10-19 10:20:00,2025-10-19 10:25:00,5.0,0,2,2,7,Very Light,Moderate,0.0,0.6666666666666666,1.0,746,1.0,4425.0,9.669209717057444e-17,0.5,50.0,MEDIUM
2701,2704,2025-10-19 10:25:00,2025-10-19 10:30:00,5.0,0,2,2,7,Very Light,Moderate,0.0,0.6666666666666666,1.0,746,1.0,4420.0,1.0080604666151205e-16,0.5,50.0,MEDIUM
2701,2704,2025-10-19 10:30:00,2025-10-19 10:35:00,5.0,0,2,2,7,Very Light,Moderate,0.0,0.6666666666666666,1.0,746,1.0,4415.0,1.0509503197139776e-16,0.5,50.0,MEDIUM
2701,2704,2025-10-19 13:10:00,2025-10-19 13:15:00,5.0,0,2,2,7,Very Light,Moderate,0.0,0.6666666666666666,1.0,746,1.0,4255.0,3.986956486805919e-16,0.5,50.0,MEDIUM
2701,2704,2025-10-19 13:15:00,2025-10-19 13:20:00,5.0,0,2,2,7,Very Light,Moderate,0.0,0.6666666666666666,1.0,746,1.0,4250.0,4.156589146446691e-16,0.5,50.0,MEDIUM
2701,2704,2025-10-19 13:20:00,2025-10-19 13:25:00,5.0,0,2,2,7,Very Light,Moderate,0.0,0.6666666666666666,1.0,746,1.0,4245.0,4.3334391507742955e-16,0.5,50.0,MEDIUM
2701,2704,2025-10-19 13:25:00,2025-10-19 13:30:00,5.0,0,2,2,7,Very Light,Moderate,0.0,0.6666666666666666,1.0,746,1.0,4240.0,4.517813575468876e-16,0.5,50.0,MEDIUM
2701,2704,2025-10-19 13:30:00,2025-10-19 13:35:00,5.0,0,2,2,7,Very Light,Moderate,0.0,0.6666666666666666,1.0,746,1.0,4235.0,4.710032561330429e-16,0.5,50.0,MEDIUM
2701,2704,2025-10-19 13:35:00,2025-10-19 13:40:00,5.0,0,2,2,7,Very Light,Moderate,0.0,0.6666666666666666,1.0,746,1.0,4230.0,4.910429870159115e-16,0.5,50.0,MEDIUM
2701,2704,2025-10-19 16:50:00,2025-10-19 16:55:00,5.0,0,2,2,7,Very Light,Moderate,0.0,0.6666666666666666,1.0,746,1.0,4035.0,2.493722053335376e-15,0.5000000000000002,50.0,MEDIUM
2701,2704,2025-10-19 13:55:00,2025-10-19 14:00:00,5.0,0,2,2,7,Very Light,Moderate,0.0,0.6666666666666666,1.0,746,1.0,4210.0,5.800987458758959e-16,0.5000000000000001,50.0,MEDIUM
2701,2704,2025-10-19 14:00:00,2025-10-19 14:05:00,5.0,0,2,2,7,Very Light,Moderate,0.0,0.6666666666666666,1.0,746,1.0,4205.0,6.047801522175134e-16,0.5000000000000001,50.0,MEDIUM
2701,2704,2025-10-19 14:05:00,2025-10-19 14:10:00,5.0,0,2,2,7,Very Light,Moderate,0.0,0.6666666666666666,1.0,746,1.0,4200.0,6.305116760146989e-16,0.5000000000000001,50.0,MEDIUM
2701,2704,2025-10-19 14:10:00,2025-10-19 14:15:00,5.0,0,2,2,7,Very Light,Moderate,0.0,0.6666666666666666,1.0,746,1.0,4195.0,6.573379965152774e-16,0.5000000000000001,50.0,MEDIUM
2701,2704,2025-10-19 11:30:00,2025-10-19 11:35:00,5.0,0,2,2,7,Very Light,Moderate,0.0,0.6666666666666666,1.0,746,1.0,4355.0,1.7327241465615351e-16,0.5,50.0,MEDIUM
2701,2704,2025-10-19 11:35:00,2025-10-19 11:40:00,5.0,0,2,2,7,Very Light,Moderate,0.0,0.6666666666666666,1.0,746,1.0,4350.0,1.8064461965456932e-16,0.5,50.0,MEDIUM
2701,2704,2025-10-19 11:40:00,2025-10-19 11:45:00,5.0,0,2,2,7,Very Light,Moderate,0.0,0.6666666666666666,1.0,746,1.0,4345.0,1.8833048916009388e-16,0.5,50.0,MEDIUM
2701,2704,2025-10-19 11:45:00,2025-10-19 11:50:00,5.0,0,2,2,7,Very Light,Moderate,0.0,0.6666666666666666,1.0,746,1.0,4340.0,1.9634336862677402e-16,0.5,50.0,MEDIUM
2701,2704,2025-10-19 11:50:00,2025-10-19 11:55:00,5.0,0,2,2,7,Very Light,Moderate,0.0,0.6666666666666666,1.0,746,1.0,4335.0,2.0469717131642043e-16,0.5,50.0,MEDIUM
2701,2704,2025-10-18 09:45:00,2025-10-18 09:50:00,5.0,0,2,2,6,Very Light,Moderate,0.0,0.6666666666666666,1.0,746,1.0,5900.0,4.438006899728187e-22,0.5,50.0,MEDIUM
2701,2704,2025-10-18 09:50:00,2025-10-18 09:55:00,5.0,0,2,2,6,Very Light,Moderate,0.0,0.6666666666666666,1.0,746,1.0,5895.0,4.626830358523438e-22,0.5,50.0,MEDIUM
2701,2704,2025-10-18 07:15:00,2025-10-18 07:20:00,5.0,0,2,2,6,Very Light,Moderate,0.0,0.6666666666666666,1.0,746,1.0,6050.0,1.2715102652707461e-22,0.5,50.0,MEDIUM
2701,2704,2025-10-18 07:25:00,2025-10-18 07:30:00,5.0,0,2,2,6,Very Light,Moderate,0.0,0.6666666666666666,1.0,746,1.0,6040.0,1.3820096563305795e-22,0.5,50.0,MEDIUM
2701,2704,2025-10-18 07:30:00,2025-10-18 07:35:00,5.0,0,2,2,6,Very Light,Moderate,0.0,0.6666666666666666,1.0,746,1.0,6035.0,1.4408098901501362e-22,0.5,50.0,MEDIUM
2701,2704,2025-10-18 07:35:00,2025-10-18 07:40:00,5.0,0,2,2,6,Very Light,Moderate,0.0,0.6666666666666666,1.0,746,1.0,6030.0,1.5021118919431522e-22,0.5,50.0,MEDIUM
2701,2704,2025-10-18 07:40:00,2025-10-18 07:45:00,5.0,0,2,2,6,Very Light,Moderate,0.0,0.6666666666666666,1.0,746,1.0,6025.0,1.5660221041944125e-22,0.5,50.0,MEDIUM
2701,2704,2025-10-18 07:45:00,2025-10-18 07:50:00,5.0,0,2,2,6,Very Light,Moderate,0.0,0.6666666666666666,1.0,746,1.0,6020.0,1.6326514981870106e-22,0.5,50.0,MEDIUM
2701,2704,2025-10-18 07:50:00,2025-10-18 07:55:00,5.0,0,2,2,6,Very Light,Moderate,0.0,0.6666666666666666,1.0,746,1.0,6015.0,1.7021157666886667e-22,0.5,50.0,MEDIUM
2701,2704,2025-10-19 15:30:00,2025-10-19 15:35:00,5.0,0,2,2,7,Very Light,Moderate,0.0,0.6666666666666666,1.0,746,1.0,4115.0,1.2803195922914916e-15,0.5000000000000001,50.0,MEDIUM
2701,2704,2025-10-19 15:35:00,2025-10-19 15:40:00,5.0,0,2,2,7,Very Light,Moderate,0.0,0.6666666666666666,1.0,746,1.0,4110.0,1.334793228597603e-15,0.5000000000000001,50.0,MEDIUM
2701,2704,2025-10-19 15:40:00,2025-10-19 15:45:00,5.0,0,2,2,7,Very Light,Moderate,0.0,0.6666666666666666,1.0,746,1.0,4105.0,1.3915845495429845e-15,0.5000000000000001,50.0,MEDIUM
2701,2704,2025-10-19 15:45:00,2025-10-19 15:50:00,5.0,0,2,2,7,Very Light,Moderate,0.0,0.6666666666666666,1.0,746,1.0,4100.0,1.4507921654362535e-15,0.5000000000000001,50.0,MEDIUM
2701,2704,2025-10-19 12:55:00,2025-10-19 13:00:00,5.0,0,2,2,7,Very Light,Moderate,0.0,0.6666666666666666,1.0,746,1.0,4270.0,3.518476750345784e-16,0.5,50.0,MEDIUM
2701,2704,2025-10-19 13:00:00,2025-10-19 13:05:00,5.0,0,2,2,7,Very Light,Moderate,0.0,0.6666666666666666,1.0,746,1.0,4265.0,3.668177047055952e-16,0.5,50.0,MEDIUM
2701,2704,2025-10-19 13:05:00,2025-10-19 13:10:00,5.0,0,2,2,7,Very Light,Moderate,0.0,0.6666666666666666,1.0,746,1.0,4260.0,3.8242466280971355e-16,0.5,50.0,MEDIUM
2701,2704,2025-10-20 06:35:00,2025-10-20 06:40:00,5.0,0,2,2,8,Very Light,Moderate,0.0,0.6666666666666666,1.0,746,1.0,3210.0,2.413362771833214e-12,0.5000000000002414,50.0,MEDIUM
2701,2704,2025-10-20 07:05:00,2025-10-20 07:10:00,5.0,0,2,2,8,Very Light,Moderate,0.0,0.6666666666666666,1.0,746,1.0,3180.0,3.0988191387218256e-12,0.5000000000003099,50.0,MEDIUM
2701,2704,2025-10-19 14:15:00,2025-10-19 14:20:00,5.0,0,2,2,7,Very Light,Moderate,0.0,0.6666666666666666,1.0,746,1.0,4190.0,6.85305693930795e-16,0.5000000000000001,50.0,MEDIUM
2701,2704,2025-10-18 07:10:00,2025-10-18 07:15:00,5.0,0,2,2,6,Very Light,Moderate,0.0,0.6666666666666666,1.0,746,1.0,6055.0,1.2196192410537375e-22,0.5,50.0,MEDIUM
2701,2704,2025-10-18 08:00:00,2025-10-18 08:05:00,5.0,0,2,2,6,Very Light,Moderate,0.0,0.6666666666666666,1.0,746,1.0,6005.0,1.8500365195678475e-22,0.5,50.0,MEDIUM
2701,2704,2025-10-18 08:05:00,2025-10-18 08:10:00,5.0,0,2,2,6,Very Light,Moderate,0.0,0.6666666666666666,1.0,746,1.0,6000.0,1.9287498479639178e-22,0.5,50.0,MEDIUM
2701,2704,2025-10-18 08:10:00,2025-10-18 08:15:00,5.0,0,2,2,6,Very Light,Moderate,0.0,0.6666666666666666,1.0,746,1.0,5995.0,2.010812184880444e-22,0.5,50.0,MEDIUM
2701,2704,2025-10-18 08:15:00,2025-10-18 08:20:00,5.0,0,2,2,6,Very Light,Moderate,0.0,0.6666666666666666,1.0,746,1.0,5990.0,2.0963660202654417e-22,0.5,50.0,MEDIUM
2701,2704,2025-10-18 08:20:00,2025-10-18 08:25:00,5.0,0,2,2,6,Very Light,Moderate,0.0,0.6666666666666666,1.0,746,1.0,5985.0,2.18555990657319e-22,0.5,50.0,MEDIUM
2701,2704,2025-10-18 08:25:00,2025-10-18 08:30:00,5.0,0,2,2,6,Very Light,Moderate,0.0,0.6666666666666666,1.0,746,1.0,5980.0,2.2785487167052004e-22,0.5,50.0,MEDIUM
2701,2704,2025-10-18 08:30:00,2025-10-18 08:35:00,5.0,0,2,2,6,Very Light,Moderate,0.0,0.6666666666666666,1.0,746,1.0,5975.0,2.3754939129256445e-22,0.5,50.0,MEDIUM
2701,2704,2025-10-18 09:20:00,2025-10-18 09:25:00,5.0,0,2,2,6,Very Light,Moderate,0.0,0.6666666666666666,1.0,746,1.0,5925.0,3.603379106356603e-22,0.5,50.0,MEDIUM
2701,2704,2025-10-18 09:25:00,2025-10-18 09:30:00,5.0,0,2,2,6,Very Light,Moderate,0.0,0.6666666666666666,1.0,746,1.0,5920.0,3.756691735558344e-22,0.5,50.0,MEDIUM
2701,2704,2025-10-18 09:30:00,2025-10-18 09:35:00,5.0,0,2,2,6,Very Light,Moderate,0.0,0.6666666666666666,1.0,746,1.0,5915.0,3.916527342659188e-22,0.5,50.0,MEDIUM
2701,2704,2025-10-18 09:35:00,2025-10-18 09:40:00,5.0,0,2,2,6,Very Light,Moderate,0.0,0.6666666666666666,1.0,746,1.0,5910.0,4.083163460181308e-22,0.5,50.0,MEDIUM
2701,2704,2025-10-18 09:40:00,2025-10-18 09:45:00,5.0,0,2,2,6,Very Light,Moderate,0.0,0.6666666666666666,1.0,746,1.0,5905.0,4.256889428796869e-22,0.5,50.0,MEDIUM
2701,2704,2025-10-20 09:30:00,2025-10-20 09:35:00,5.0,0,2,2,8,Very Light,Moderate,0.0,0.6666666666666666,1.0,746,1.0,3035.0,1.0374537110457018e-11,0.5000000000010375,50.0,MEDIUM
2701,2704,2025-10-20 09:35:00,2025-10-20 09:40:00,5.0,0,2,2,8,Very Light,Moderate,0.0,0.6666666666666666,1.0,746,1.0,3030.0,1.0815941557285693e-11,0.5000000000010816,50.0,MEDIUM
2701,2704,2025-10-20 09:40:00,2025-10-20 09:45:00,5.0,0,2,2,8,Very Light,Moderate,0.0,0.6666666666666666,1.0,746,1.0,3025.0,1.1276126397264028e-11,0.5000000000011277,50.0,MEDIUM
2701,2704,2025-10-20 09:45:00,2025-10-20 09:50:00,5.0,0,2,2,8,Very Light,Moderate,0.0,0.6666666666666666,1.0,746,1.0,3020.0,1.1755890677998751e-11,0.5000000000011756,50.0,MEDIUM
2701,2704,2025-10-20 09:50:00,2025-10-20 09:55:00,5.0,0,2,2,8,Very Light,Moderate,0.0,0.6666666666666666,1.0,746,1.0,3015.0,1.2256067444099483e-11,0.5000000000012256,50.0,MEDIUM
2701,2704,2025-10-20 09:55:00,2025-10-20 10:00:00,5.0,0,2,2,8,Very Light,Moderate,0.0,0.6666666666666666,1.0,746,1.0,3010.0,1.2777525183645739e-11,0.5000000000012778,50.0,MEDIUM
2701,2704,2025-10-20 10:00:00,2025-10-20 10:05:00,5.0,0,2,2,8,Very Light,Moderate,0.0,0.6666666666666666,1.0,746,1.0,3005.0,1.332116933619701e-11,0.5000000000013322,50.0,MEDIUM
2701,2704,2025-10-19 14:20:00,2025-10-19 14:25:00,5.0,0,2,2,7,Very Light,Moderate,0.0,0.6666666666666666,1.0,746,1.0,4185.0,7.144633303166281e-16,0.5000000000000001,50.0,MEDIUM
2701,2704,2025-10-19 14:45:00,2025-10-19 14:50:00,5.0,0,2,2,7,Very Light,Moderate,0.0,0.6666666666666666,1.0,746,1.0,4160.0,8.799499292079709e-16,0.5000000000000001,50.0,MEDIUM
2701,2704,2025-10-19 14:50:00,2025-10-19 14:55:00,5.0,0,2,2,7,Very Light,Moderate,0.0,0.6666666666666666,1.0,746,1.0,4155.0,9.173890754179198e-16,0.5000000000000001,50.0,MEDIUM
2701,2704,2025-10-19 15:05:00,2025-10-19 15:10:00,5.0,0,2,2,7,Very Light,Moderate,0.0,0.6666666666666666,1.0,746,1.0,4140.0,1.039538011670222e-15,0.5000000000000001,50.0,MEDIUM
2701,2704,2025-10-19 15:10:00,2025-10-19 15:15:00,5.0,0,2,2,7,Very Light,Moderate,0.0,0.6666666666666666,1.0,746,1.0,4135.0,1.0837671368941445e-15,0.5000000000000001,50.0,MEDIUM
2701,2704,2025-10-20 06:15:00,2025-10-20 06:20:00,5.0,0,2,2,8,Very Light,Moderate,0.0,0.6666666666666666,1.0,746,1.0,3230.0,2.04286748188817e-12,0.5000000000002043,50.0,MEDIUM
2701,2704,2025-10-20 06:20:00,2025-10-20 06:25:00,5.0,0,2,2,8,Very Light,Moderate,0.0,0.6666666666666666,1.0,746,1.0,3225.0,2.129785170955785e-12,0.5000000000002129,50.0,MEDIUM
2701,2704,2025-10-20 06:25:00,2025-10-20 06:30:00,5.0,0,2,2,8,Very Light,Moderate,0.0,0.6666666666666666,1.0,746,1.0,3220.0,2.220400938699493e-12,0.500000000000222,50.0,MEDIUM
2701,2704,2025-10-20 06:30:00,2025-10-20 06:35:00,5.0,0,2,2,8,Very Light,Moderate,0.0,0.6666666666666666,1.0,746,1.0,3215.0,2.3148721269221026e-12,0.5000000000002315,50.0,MEDIUM
2701,2704,2025-10-17 13:55:00,2025-10-17 14:00:00,5.0,0,2,2,4,Very Light,Moderate,0.0,0.6666666666666666,1.0,746,1.0,7090.0,2.189950814649076e-26,0.5,50.0,MEDIUM
2701,2704,2025-10-17 14:00:00,2025-10-17 14:05:00,5.0,0,2,2,4,Very Light,Moderate,0.0,0.6666666666666666,1.0,746,1.0,7085.0,2.2831264443307057e-26,0.5,50.0,MEDIUM
2701,2704,2025-10-17 14:05:00,2025-10-17 14:10:00,5.0,0,2,2,4,Very Light,Moderate,0.0,0.6666666666666666,1.0,746,1.0,7080.0,2.3802664086944007e-26,0.5,50.0,MEDIUM
2701,2704,2025-10-17 14:10:00,2025-10-17 14:15:00,5.0,0,2,2,4,Very Light,Moderate,0.0,0.6666666666666666,1.0,746,1.0,7075.0,2.4815393779120368e-26,0.5,50.0,MEDIUM
2701,2704,2025-10-17 14:15:00,2025-10-17 14:20:00,5.0,0,2,2,4,Very Light,Moderate,0.0,0.6666666666666666,1.0,746,1.0,7070.0,2.5871211985493024e-26,0.5,50.0,MEDIUM
2701,2704,2025-10-17 14:20:00,2025-10-17 14:25:00,5.0,0,2,2,4,Very Light,Moderate,0.0,0.6666666666666666,1.0,746,1.0,7065.0,2.6971951988989904e-26,0.5,50.0,MEDIUM
2701,2704,2025-10-17 14:25:00,2025-10-17 14:30:00,5.0,0,2,2,4,Very Light,Moderate,0.0,0.6666666666666666,1.0,746,1.0,7060.0,2.811952507305439e-26,0.5,50.0,MEDIUM
2701,2704,2025-10-20 07:10:00,2025-10-20 07:15:00,5.0,0,2,2,8,Very Light,Moderate,0.0,0.6666666666666666,1.0,746,1.0,3175.0,3.2306643028179575e-12,0.5000000000003231,50.0,MEDIUM
2701,2704,2025-10-20 07:20:00,2025-10-20 07:25:00,5.0,0,2,2,8,Very Light,Moderate,0.0,0.6666666666666666,1.0,746,1.0,3165.0,3.5114221133765118e-12,0.5000000000003512,50.0,MEDIUM
2701,2704,2025-10-20 07:25:00,2025-10-20 07:30:00,5.0,0,2,2,8,Very Light,Moderate,0.0,0.6666666666666666,1.0,746,1.0,3160.0,3.660822257116386e-12,0.500000000000366,50.0,MEDIUM
2701,2704,2025-10-20 07:30:00,2025-10-20 07:35:00,5.0,0,2,2,8,Very Light,Moderate,0.0,0.6666666666666666,1.0,746,1.0,3155.0,3.816578914607318e-12,0.5000000000003817,50.0,MEDIUM
2701,2704,2025-10-20 07:35:00,2025-10-20 07:40:00,5.0,0,2,2,8,Very Light,Moderate,0.0,0.6666666666666666,1.0,746,1.0,3150.0,3.97896253583724e-12,0.5000000000003979,50.0,MEDIUM
2701,2704,2025-10-20 07:40:00,2025-10-20 07:45:00,5.0,0,2,2,8,Very Light,Moderate,0.0,0.6666666666666666,1.0,746,1.0,3145.0,4.14825507760404e-12,0.5000000000004148,50.0,MEDIUM
2701,2704,2025-10-20 07:45:00,2025-10-20 07:50:00,5.0,0,2,2,8,Very Light,Moderate,0.0,0.6666666666666666,1.0,746,1.0,3140.0,4.324750493094749e-12,0.5000000000004324,50.0,MEDIUM
2701,2704,2025-10-20 07:50:00,2025-10-20 07:55:00,5.0,0,2,2,8,Very Light,Moderate,0.0,0.6666666666666666,1.0,746,1.0,3135.0,4.508755242294825e-12,0.5000000000004509,50.0,MEDIUM
2701,2704,2025-10-20 08:50:00,2025-10-20 08:55:00,5.0,1,2,1,8,Light,Moderate,0.3333333333333333,0.3333333333333333,1.0,746,1.0,3075.0,7.433680672352188e-12,0.5000000000007434,50.0,MEDIUM
2701,2704,2025-10-17 13:10:00,2025-10-17 13:15:00,5.0,0,2,2,4,Very Light,Moderate,0.0,0.6666666666666666,1.0,746,1.0,7135.0,1.5051297159878654e-26,0.5,50.0,MEDIUM
2701,2704,2025-10-17 13:15:00,2025-10-17 13:20:00,5.0,0,2,2,4,Very Light,Moderate,0.0,0.6666666666666666,1.0,746,1.0,7130.0,1.5691683273126475e-26,0.5,50.0,MEDIUM
2701,2704,2025-10-17 13:20:00,2025-10-17 13:25:00,5.0,0,2,2,4,Very Light,Moderate,0.0,0.6666666666666666,1.0,746,1.0,7125.0,1.6359315833619522e-26,0.5,50.0,MEDIUM
2701,2704,2025-10-17 13:25:00,2025-10-17 13:30:00,5.0,0,2,2,4,Very Light,Moderate,0.0,0.6666666666666666,1.0,746,1.0,7120.0,1.7055354093365615e-26,0.5,50.0,MEDIUM
2701,2704,2025-10-17 13:30:00,2025-10-17 13:35:00,5.0,0,2,2,4,Very Light,Moderate,0.0,0.6666666666666666,1.0,746,1.0,7115.0,1.7781006626957858e-26,0.5,50.0,MEDIUM
2701,2704,2025-10-20 10:05:00,2025-10-20 10:10:00,5.0,0,2,2,8,Very Light,Moderate,0.0,0.6666666666666666,1.0,746,1.0,3000.0,1.3887943864964021e-11,0.5000000000013888,50.0,MEDIUM
2701,2704,2025-10-20 10:10:00,2025-10-20 10:15:00,5.0,0,2,2,8,Very Light,Moderate,0.0,0.6666666666666666,1.0,746,1.0,2995.0,1.4478832895870585e-11,0.5000000000014478,50.0,MEDIUM
2701,2704,2025-10-20 15:20:00,2025-10-20 15:25:00,5.0,0,2,2,8,Very Light,Moderate,0.0,0.6666666666666666,1.0,746,1.0,2685.0,1.917171513758312e-10,0.5000000000191717,50.0,MEDIUM
2701,2704,2025-10-20 06:40:00,2025-10-20 06:45:00,5.0,0,2,2,8,Very Light,Moderate,0.0,0.6666666666666666,1.0,746,1.0,3205.0,2.5160438888754597e-12,0.5000000000002516,50.0,MEDIUM
2701,2704,2025-10-20 06:45:00,2025-10-20 06:50:00,5.0,0,2,2,8,Very Light,Moderate,0.0,0.6666666666666666,1.0,746,1.0,3200.0,2.6230937696692948e-12,0.5000000000002623,50.0,MEDIUM
2701,2704,2025-10-20 06:50:00,2025-10-20 06:55:00,5.0,0,2,2,8,Very Light,Moderate,0.0,0.6666666666666666,1.0,746,1.0,3195.0,2.7346982915918745e-12,0.5000000000002734,50.0,MEDIUM
2701,2704,2025-10-20 06:55:00,2025-10-20 07:00:00,5.0,0,2,2,8,Very Light,Moderate,0.0,0.6666666666666666,1.0,746,1.0,3190.0,2.851051240527469e-12,0.5000000000002851,50.0,MEDIUM
2701,2704,2025-10-20 07:00:00,2025-10-20 07:05:00,5.0,0,2,2,8,Very Light,Moderate,0.0,0.6666666666666666,1.0,746,1.0,3185.0,2.9723546473499914e-12,0.5000000000002972,50.0,MEDIUM
2701,2704,2025-10-17 13:35:00,2025-10-17 13:40:00,5.0,0,2,2,4,Very Light,Moderate,0.0,0.6666666666666666,1.0,746,1.0,7110.0,1.8537533430097598e-26,0.5,50.0,MEDIUM
2701,2704,2025-10-17 13:40:00,2025-10-17 13:45:00,5.0,0,2,2,4,Very Light,Moderate,0.0,0.6666666666666666,1.0,746,1.0,7105.0,1.9326248107404212e-26,0.5,50.0,MEDIUM
2701,2704,2025-10-17 13:50:00,2025-10-17 13:55:00,5.0,0,2,2,4,Very Light,Moderate,0.0,0.6666666666666666,1.0,746,1.0,7095.0,2.100577732998967e-26,0.5,50.0,MEDIUM
2701,2704,2025-10-17 11:55:00,2025-10-17 12:00:00,5.0,0,2,2,4,Very Light,Moderate,0.0,0.6666666666666666,1.0,746,1.0,7210.0,8.05637881886047e-27,0.5,50.0,MEDIUM
2701,2704,2025-10-17 12:00:00,2025-10-17 12:05:00,5.0,0,2,2,4,Very Light,Moderate,0.0,0.6666666666666666,1.0,746,1.0,7205.0,8.39915280464122e-27,0.5,50.0,MEDIUM
2701,2704,2025-10-17 12:05:00,2025-10-17 12:10:00,5.0,0,2,2,4,Very Light,Moderate,0.0,0.6666666666666666,1.0,746,1.0,7200.0,8.75651076269652e-27,0.5,50.0,MEDIUM
2701,2704,2025-10-17 12:10:00,2025-10-17 12:15:00,5.0,0,2,2,4,Very Light,Moderate,0.0,0.6666666666666666,1.0,746,1.0,7195.0,9.129073195912086e-27,0.5,50.0,MEDIUM
2701,2704,2025-10-20 08:55:00,2025-10-20 09:00:00,5.0,0,2,2,8,Very Light,Moderate,0.0,0.6666666666666666,1.0,746,1.0,3070.0,7.749960779131437e-12,0.500000000000775,50.0,MEDIUM
2701,2704,2025-10-20 09:25:00,2025-10-20 09:30:00,5.0,1,2,1,8,Light,Moderate,0.3333333333333333,0.3333333333333333,1.0,746,1.0,3040.0,9.951146618737898e-12,0.5000000000009951,50.0,MEDIUM
2701,2704,2025-10-17 12:15:00,2025-10-17 12:20:00,5.0,0,2,2,4,Very Light,Moderate,0.0,0.6666666666666666,1.0,746,1.0,7190.0,9.517487007651095e-27,0.5,50.0,MEDIUM
2701,2704,2025-10-17 12:20:00,2025-10-17 12:25:00,5.0,0,2,2,4,Very Light,Moderate,0.0,0.6666666666666666,1.0,746,1.0,7185.0,9.922426625012578e-27,0.5,50.0,MEDIUM
2701,2704,2025-10-17 12:30:00,2025-10-17 12:35:00,5.0,0,2,2,4,Very Light,Moderate,0.0,0.6666666666666666,1.0,746,1.0,7175.0,1.0784725679803457e-26,0.5,50.0,MEDIUM
2701,2704,2025-10-17 12:35:00,2025-10-17 12:40:00,5.0,0,2,2,4,Very Light,Moderate,0.0,0.6666666666666666,1.0,746,1.0,7170.0,1.1243582380802092e-26,0.5,50.0,MEDIUM
2701,2704,2025-10-17 12:40:00,2025-10-17 12:45:00,5.0,0,2,2,4,Very Light,Moderate,0.0,0.6666666666666666,1.0,746,1.0,7165.0,1.1721962014353909e-26,0.5,50.0,MEDIUM
2701,2704,2025-10-17 12:45:00,2025-10-17 12:50:00,5.0,0,2,2,4,Very Light,Moderate,0.0,0.6666666666666666,1.0,746,1.0,7160.0,1.2220695220819363e-26,0.5,50.0,MEDIUM
2701,2704,2025-10-17 12:50:00,2025-10-17 12:55:00,5.0,0,2,2,4,Very Light,Moderate,0.0,0.6666666666666666,1.0,746,1.0,7155.0,1.2740647981735315e-26,0.5,50.0,MEDIUM
2701,2704,2025-10-17 12:55:00,2025-10-17 13:00:00,5.0,0,2,2,4,Very Light,Moderate,0.0,0.6666666666666666,1.0,746,1.0,7150.0,1.3282723123473232e-26,0.5,50.0,MEDIUM
2701,2704,2025-10-17 13:00:00,2025-10-17 13:05:00,5.0,0,2,2,4,Very Light,Moderate,0.0,0.6666666666666666,1.0,746,1.0,7145.0,1.384786188487262e-26,0.5,50.0,MEDIUM
2701,2704,2025-10-17 13:05:00,2025-10-17 13:10:00,5.0,0,2,2,4,Very Light,Moderate,0.0,0.6666666666666666,1.0,746,1.0,7140.0,1.4437045551572354e-26,0.5,50.0,MEDIUM
2701,2704,2025-10-17 10:25:00,2025-10-17 10:30:00,5.0,0,2,2,4,Very Light,Moderate,0.0,0.6666666666666666,1.0,746,1.0,7300.0,3.805563890240848e-27,0.5,50.0,MEDIUM
2701,2704,2025-10-17 10:30:00,2025-10-17 10:35:00,5.0,0,2,2,4,Very Light,Moderate,0.0,0.6666666666666666,1.0,746,1.0,7295.0,3.967478856273399e-27,0.5,50.0,MEDIUM
2701,2704,2025-10-17 10:35:00,2025-10-17 10:40:00,5.0,0,2,2,4,Very Light,Moderate,0.0,0.6666666666666666,1.0,746,1.0,7290.0,4.136282803014549e-27,0.5,50.0,MEDIUM
2701,2704,2025-10-17 10:40:00,2025-10-17 10:45:00,5.0,0,2,2,4,Very Light,Moderate,0.0,0.6666666666666666,1.0,746,1.0,7285.0,4.3122688352733904e-27,0.5,50.0,MEDIUM
2701,2704,2025-10-17 10:45:00,2025-10-17 10:50:00,5.0,0,2,2,4,Very Light,Moderate,0.0,0.6666666666666666,1.0,746,1.0,7280.0,4.495742528561543e-27,0.5,50.0,MEDIUM
2701,2704,2025-10-17 10:55:00,2025-10-17 11:00:00,5.0,0,2,2,4,Very Light,Moderate,0.0,0.6666666666666666,1.0,746,1.0,7270.0,4.886440759898327e-27,0.5,50.0,MEDIUM
2701,2704,2025-10-17 13:45:00,2025-10-17 13:50:00,5.0,0,2,2,4,Very Light,Moderate,0.0,0.6666666666666666,1.0,746,1.0,7100.0,2.0148520153308284e-26,0.5,50.0,MEDIUM
2701,2704,2025-10-17 11:10:00,2025-10-17 11:15:00,5.0,0,2,2,4,Very Light,Moderate,0.0,0.6666666666666666,1.0,746,1.0,7255.0,5.537062788081477e-27,0.5,50.0,MEDIUM
2701,2704,2025-10-17 11:15:00,2025-10-17 11:20:00,5.0,0,2,2,4,Very Light,Moderate,0.0,0.6666666666666666,1.0,746,1.0,7250.0,5.772647673557036e-27,0.5,50.0,MEDIUM
2701,2704,2025-10-17 11:20:00,2025-10-17 11:25:00,5.0,0,2,2,4,Very Light,Moderate,0.0,0.6666666666666666,1.0,746,1.0,7245.0,6.0182559668190775e-27,0.5,50.0,MEDIUM
2701,2704,2025-10-17 11:25:00,2025-10-17 11:30:00,5.0,0,2,2,4,Very Light,Moderate,0.0,0.6666666666666666,1.0,746,1.0,7240.0,6.274314132848414e-27,0.5,50.0,MEDIUM
2701,2704,2025-10-17 11:30:00,2025-10-17 11:35:00,5.0,0,2,2,4,Very Light,Moderate,0.0,0.6666666666666666,1.0,746,1.0,7235.0,6.541266781390969e-27,0.5,50.0,MEDIUM
2701,2704,2025-10-17 11:35:00,2025-10-17 11:40:00,5.0,0,2,2,4,Very Light,Moderate,0.0,0.6666666666666666,1.0,746,1.0,7230.0,6.819577438961235e-27,0.5,50.0,MEDIUM
2701,2704,2025-10-17 11:40:00,2025-10-17 11:45:00,5.0,0,2,2,4,Very Light,Moderate,0.0,0.6666666666666666,1.0,746,1.0,7225.0,7.109729353692505e-27,0.5,50.0,MEDIUM
2701,2704,2025-10-17 11:45:00,2025-10-17 11:50:00,5.0,0,2,2,4,Very Light,Moderate,0.0,0.6666666666666666,1.0,746,1.0,7220.0,7.412226334430595e-27,0.5,50.0,MEDIUM
2701,2704,2025-10-17 11:50:00,2025-10-17 11:55:00,5.0,0,2,2,4,Very Light,Moderate,0.0,0.6666666666666666,1.0,746,1.0,7215.0,7.727593625528352e-27,0.5,50.0,MEDIUM
2701,2704,2025-10-17 09:05:00,2025-10-17 09:10:00,5.0,0,2,2,4,Very Light,Moderate,0.0,0.6666666666666666,1.0,746,1.0,7380.0,1.953841648821924e-27,0.5,50.0,MEDIUM
2701,2704,2025-10-17 09:15:00,2025-10-17 09:20:00,5.0,0,2,2,4,Very Light,Moderate,0.0,0.6666666666666666,1.0,746,1.0,7370.0,2.123638400227789e-27,0.5,50.0,MEDIUM
2701,2704,2025-10-17 09:20:00,2025-10-17 09:25:00,5.0,0,2,2,4,Very Light,Moderate,0.0,0.6666666666666666,1.0,746,1.0,7365.0,2.2139926419001003e-27,0.5,50.0,MEDIUM
2701,2704,2025-10-22 12:05:00,2025-10-22 12:10:00,5.0,0,1,1,11,Very Light,Light,0.0,0.3333333333333333,1.0,746,1.0,0.0,1.0,0.5,50.0,MEDIUM
2701,2704,2025-10-17 09:25:00,2025-10-17 09:30:00,5.0,0,2,2,4,Very Light,Moderate,0.0,0.6666666666666666,1.0,746,1.0,7360.0,2.3081911769263572e-27,0.5,50.0,MEDIUM
2701,2704,2025-10-17 09:30:00,2025-10-17 09:35:00,5.0,0,2,2,4,Very Light,Moderate,0.0,0.6666666666666666,1.0,746,1.0,7355.0,2.406397568091429e-27,0.5,50.0,MEDIUM
2701,2704,2025-10-17 12:25:00,2025-10-17 12:30:00,5.0,0,2,2,4,Very Light,Moderate,0.0,0.6666666666666666,1.0,746,1.0,7180.0,1.034459516988161e-26,0.5,50.0,MEDIUM
2701,2704,2025-10-17 09:40:00,2025-10-17 09:45:00,5.0,0,2,2,4,Very Light,Moderate,0.0,0.6666666666666666,1.0,746,1.0,7345.0,2.615523261516599e-27,0.5,50.0,MEDIUM
2701,2704,2025-10-17 09:45:00,2025-10-17 09:50:00,5.0,0,2,2,4,Very Light,Moderate,0.0,0.6666666666666666,1.0,746,1.0,7340.0,2.7268056817465756e-27,0.5,50.0,MEDIUM
2701,2704,2025-10-17 09:50:00,2025-10-17 09:55:00,5.0,0,2,2,4,Very Light,Moderate,0.0,0.6666666666666666,1.0,746,1.0,7335.0,2.8428228245593702e-27,0.5,50.0,MEDIUM
2701,2704,2025-10-17 09:55:00,2025-10-17 10:00:00,5.0,0,2,2,4,Very Light,Moderate,0.0,0.6666666666666666,1.0,746,1.0,7330.0,2.9637761377478342e-27,0.5,50.0,MEDIUM
2701,2704,2025-10-17 10:00:00,2025-10-17 10:05:00,5.0,0,2,2,4,Very Light,Moderate,0.0,0.6666666666666666,1.0,746,1.0,7325.0,3.0898756400849647e-27,0.5,50.0,MEDIUM
2701,2704,2025-10-17 10:05:00,2025-10-17 10:10:00,5.0,0,2,2,4,Very Light,Moderate,0.0,0.6666666666666666,1.0,746,1.0,7320.0,3.221340285992516e-27,0.5,50.0,MEDIUM
2701,2704,2025-10-17 10:10:00,2025-10-17 10:15:00,5.0,0,2,2,4,Very Light,Moderate,0.0,0.6666666666666666,1.0,746,1.0,7315.0,3.3583983457253316e-27,0.5,50.0,MEDIUM
2701,2704,2025-10-17 10:15:00,2025-10-17 10:20:00,5.0,0,2,2,4,Very Light,Moderate,0.0,0.6666666666666666,1.0,746,1.0,7310.0,3.5012878017311475e-27,0.5,50.0,MEDIUM
2701,2704,2025-10-17 10:20:00,2025-10-17 10:25:00,5.0,0,2,2,4,Very Light,Moderate,0.0,0.6666666666666666,1.0,746,1.0,7305.0,3.650256761874267e-27,0.5,50.0,MEDIUM
2701,2704,2025-10-18 10:15:00,2025-10-18 10:20:00,5.0,0,2,2,6,Very Light,Moderate,0.0,0.6666666666666666,1.0,746,1.0,5870.0,5.698513658686557e-22,0.5,50.0,MEDIUM
2701,2704,2025-10-17 08:15:00,2025-10-17 08:20:00,5.0,0,2,2,4,Very Light,Moderate,0.0,0.6666666666666666,1.0,746,1.0,7430.0,1.2880517998812424e-27,0.5,50.0,MEDIUM
2701,2704,2025-10-17 04:55:00,2025-10-17 05:00:00,5.0,0,2,2,4,Very Light,Moderate,0.0,0.6666666666666666,1.0,746,1.0,7630.0,2.4328156018857506e-28,0.5,50.0,MEDIUM
2701,2704,2025-10-17 06:35:00,2025-10-17 06:40:00,5.0,0,2,2,4,Very Light,Moderate,0.0,0.6666666666666666,1.0,746,1.0,7530.0,5.597850046927042e-28,0.5,50.0,MEDIUM
2701,2704,2025-10-17 06:40:00,2025-10-17 06:45:00,5.0,0,2,2,4,Very Light,Moderate,0.0,0.6666666666666666,1.0,746,1.0,7525.0,5.836021242141422e-28,0.5,50.0,MEDIUM
2701,2704,2025-10-17 06:50:00,2025-10-17 06:55:00,5.0,0,2,2,4,Very Light,Moderate,0.0,0.6666666666666666,1.0,746,1.0,7515.0,6.343195121175439e-28,0.5,50.0,MEDIUM
2701,2704,2025-10-17 09:35:00,2025-10-17 09:40:00,5.0,0,2,2,4,Very Light,Moderate,0.0,0.6666666666666666,1.0,746,1.0,7350.0,2.508782337270435e-27,0.5,50.0,MEDIUM
2701,2704,2025-10-17 07:00:00,2025-10-17 07:05:00,5.0,0,2,2,4,Very Light,Moderate,0.0,0.6666666666666666,1.0,746,1.0,7505.0,6.894444464108903e-28,0.5,50.0,MEDIUM
2701,2704,2025-10-17 07:05:00,2025-10-17 07:10:00,5.0,0,2,2,4,Very Light,Moderate,0.0,0.6666666666666666,1.0,746,1.0,7500.0,7.187781739060989e-28,0.5,50.0,MEDIUM
2701,2704,2025-10-17 07:10:00,2025-10-17 07:15:00,5.0,0,2,2,4,Very Light,Moderate,0.0,0.6666666666666666,1.0,746,1.0,7495.0,7.49359960723915e-28,0.5,50.0,MEDIUM
2701,2704,2025-10-17 07:15:00,2025-10-17 07:20:00,5.0,0,2,2,4,Very Light,Moderate,0.0,0.6666666666666666,1.0,746,1.0,7490.0,7.812429079260148e-28,0.5,50.0,MEDIUM
2701,2704,2025-10-17 07:20:00,2025-10-17 07:25:00,5.0,0,2,2,4,Very Light,Moderate,0.0,0.6666666666666666,1.0,746,1.0,7485.0,8.144823758598941e-28,0.5,50.0,MEDIUM
2701,2704,2025-10-17 07:25:00,2025-10-17 07:30:00,5.0,0,2,2,4,Very Light,Moderate,0.0,0.6666666666666666,1.0,746,1.0,7480.0,8.49136080284522e-28,0.5,50.0,MEDIUM
2701,2704,2025-10-17 07:30:00,2025-10-17 07:35:00,5.0,0,2,2,4,Very Light,Moderate,0.0,0.6666666666666666,1.0,746,1.0,7475.0,8.852641925857926e-28,0.5,50.0,MEDIUM
2701,2704,2025-10-17 07:35:00,2025-10-17 07:40:00,5.0,0,2,2,4,Very Light,Moderate,0.0,0.6666666666666666,1.0,746,1.0,7470.0,9.229294442558325e-28,0.5,50.0,MEDIUM
2701,2704,2025-10-17 07:40:00,2025-10-17 07:45:00,5.0,0,2,2,4,Very Light,Moderate,0.0,0.6666666666666666,1.0,746,1.0,7465.0,9.621972358176346e-28,0.5,50.0,MEDIUM
2701,2704,2025-10-18 12:55:00,2025-10-18 13:00:00,5.0,0,2,2,6,Very Light,Moderate,0.0,0.6666666666666666,1.0,746,1.0,5710.0,2.1618268314372662e-21,0.5,50.0,MEDIUM
2701,2704,2025-10-18 09:00:00,2025-10-18 09:05:00,5.0,0,2,2,6,Very Light,Moderate,0.0,0.6666666666666666,1.0,746,1.0,5945.0,3.050194561383544e-22,0.5,50.0,MEDIUM
2701,2704,2025-10-18 09:05:00,2025-10-18 09:10:00,5.0,0,2,2,6,Very Light,Moderate,0.0,0.6666666666666666,1.0,746,1.0,5940.0,3.1799709001977496e-22,0.5,50.0,MEDIUM
2701,2704,2025-10-18 09:10:00,2025-10-18 09:15:00,5.0,0,2,2,6,Very Light,Moderate,0.0,0.6666666666666666,1.0,746,1.0,5935.0,3.315268820595387e-22,0.5,50.0,MEDIUM
2701,2704,2025-10-18 09:15:00,2025-10-18 09:20:00,5.0,0,2,2,6,Very Light,Moderate,0.0,0.6666666666666666,1.0,746,1.0,5930.0,3.45632324878461e-22,0.5,50.0,MEDIUM
2701,2704,2025-10-18 13:20:00,2025-10-18 13:25:00,5.0,0,2,2,6,Very Light,Moderate,0.0,0.6666666666666666,1.0,746,1.0,5685.0,2.6625570362583533e-21,0.5,50.0,MEDIUM
2701,2704,2025-10-18 13:35:00,2025-10-18 13:40:00,5.0,0,2,2,6,Very Light,Moderate,0.0,0.6666666666666666,1.0,746,1.0,5670.0,3.0170723868383467e-21,0.5,50.0,MEDIUM
2701,2704,2025-10-18 13:40:00,2025-10-18 13:45:00,5.0,0,2,2,6,Very Light,Moderate,0.0,0.6666666666666666,1.0,746,1.0,5665.0,3.1454394796324916e-21,0.5,50.0,MEDIUM
2701,2704,2025-10-18 13:45:00,2025-10-18 13:50:00,5.0,0,2,2,6,Very Light,Moderate,0.0,0.6666666666666666,1.0,746,1.0,5660.0,3.2792681949532867e-21,0.5,50.0,MEDIUM
2701,2704,2025-10-18 13:50:00,2025-10-18 13:55:00,5.0,0,2,2,6,Very Light,Moderate,0.0,0.6666666666666666,1.0,746,1.0,5655.0,3.41879090793651e-21,0.5,50.0,MEDIUM
2701,2704,2025-10-18 13:55:00,2025-10-18 14:00:00,5.0,0,2,2,6,Very Light,Moderate,0.0,0.6666666666666666,1.0,746,1.0,5650.0,3.564249880560881e-21,0.5,50.0,MEDIUM
2701,2704,2025-10-18 14:00:00,2025-10-18 14:05:00,5.0,0,2,2,6,Very Light,Moderate,0.0,0.6666666666666666,1.0,746,1.0,5645.0,3.715897682302561e-21,0.5,50.0,MEDIUM
2701,2704,2025-10-18 09:55:00,2025-10-18 10:00:00,5.0,0,2,2,6,Very Light,Moderate,0.0,0.6666666666666666,1.0,746,1.0,5890.0,4.823687671117698e-22,0.5,50.0,MEDIUM
2701,2704,2025-10-18 10:00:00,2025-10-18 10:05:00,5.0,0,2,2,6,Very Light,Moderate,0.0,0.6666666666666666,1.0,746,1.0,5885.0,5.028920653126897e-22,0.5,50.0,MEDIUM
2701,2704,2025-10-18 10:05:00,2025-10-18 10:10:00,5.0,0,2,2,6,Very Light,Moderate,0.0,0.6666666666666666,1.0,746,1.0,5880.0,5.242885663363464e-22,0.5,50.0,MEDIUM
2701,2704,2025-10-18 10:10:00,2025-10-18 10:15:00,5.0,0,2,2,6,Very Light,Moderate,0.0,0.6666666666666666,1.0,746,1.0,5875.0,5.465954222604541e-22,0.5,50.0,MEDIUM
2702,2704,2025-10-17 18:35:00,2025-10-17 19:10:00,35.0,0,3,3,5,Very Light,Severe,0.0,1.0,0.4545454545454546,654,0.8766756032171582,6810.0,2.2583338905850276e-25,0.4996831586643919,49.97,LOW
2702,2704,2025-10-20 15:25:00,2025-10-20 16:00:00,35.0,2,3,1,8,Moderate,Severe,0.6666666666666666,0.3333333333333333,0.4545454545454546,654,0.8766756032171582,2680.0,1.9987412283871416e-10,0.4996831586843793,49.97,LOW
2702,2704,2025-10-17 15:50:00,2025-10-17 16:25:00,35.0,0,3,3,4,Very Light,Severe,0.0,1.0,0.4545454545454546,654,0.8766756032171582,6975.0,5.709962280876788e-26,0.4996831586643919,49.97,LOW
2701,2704,2025-10-22 12:00:00,2025-10-22 12:05:00,5.0,0,1,1,11,Very Light,Light,0.0,0.3333333333333333,1.0,746,1.0,5.0,0.9591894571091382,0.4959189457109138,49.59,LOW
2706,2704,2025-10-17 16:35:00,2025-10-17 17:00:00,25.0,0,3,3,4,Very Light,Severe,0.0,1.0,0.6363636363636364,496,0.6648793565683646,6930.0,8.30794609646949e-26,0.49518644893980013,49.52,LOW
2706,2704,2025-10-17 16:00:00,2025-10-17 16:25:00,25.0,0,3,3,4,Very Light,Severe,0.0,1.0,0.6363636363636364,496,0.6648793565683646,6965.0,6.206181125698469e-26,0.49518644893980013,49.52,LOW
2706,2704,2025-10-17 18:45:00,2025-10-17 19:10:00,25.0,0,3,3,5,Very Light,Severe,0.0,1.0,0.6363636363636364,496,0.6648793565683646,6800.0,2.4545922508479037e-25,0.49518644893980013,49.52,LOW
2706,2704,2025-10-19 16:35:00,2025-10-19 17:00:00,25.0,2,3,1,7,Moderate,Severe,0.6666666666666666,0.3333333333333333,0.6363636363636364,496,0.6648793565683646,4050.0,2.2007019879753665e-15,0.49518644893980035,49.52,LOW
2706,2704,2025-10-20 15:35:00,2025-10-20 16:00:00,25.0,2,3,1,8,Moderate,Severe,0.6666666666666666,0.3333333333333333,0.6363636363636364,496,0.6648793565683646,2670.0,2.172439935079017e-10,0.49518644896152453,49.52,LOW
2701,2704,2025-10-22 11:55:00,2025-10-22 12:00:00,5.0,0,1,1,11,Very Light,Light,0.0,0.3333333333333333,1.0,746,1.0,10.0,0.9200444146293233,0.4920044414629324,49.2,LOW
2701,2704,2025-10-20 15:15:00,2025-10-20 16:00:00,45.0,2,3,1,8,Moderate,Severe,0.6666666666666666,0.3333333333333333,0.2727272727272727,746,1.0,2690.0,1.8389307034669378e-10,0.49090909092748014,49.09,LOW
2701,2704,2025-10-19 16:15:00,2025-10-19 17:00:00,45.0,2,3,1,7,Moderate,Severe,0.6666666666666666,0.3333333333333333,0.2727272727272727,746,1.0,4070.0,1.8628540147515963e-15,0.490909090909091,49.09,LOW
2701,2704,2025-10-17 18:25:00,2025-10-17 19:10:00,45.0,0,3,3,5,Very Light,Severe,0.0,1.0,0.2727272727272727,746,1.0,6820.0,2.077767482400859e-25,0.49090909090909085,49.09,LOW
2701,2704,2025-10-17 15:40:00,2025-10-17 16:25:00,45.0,0,3,3,4,Very Light,Severe,0.0,1.0,0.2727272727272727,746,1.0,6985.0,5.253418904264788e-26,0.49090909090909085,49.09,LOW
2701,2704,2025-10-16 20:05:00,2025-10-16 20:50:00,45.0,0,3,3,3,Very Light,Severe,0.0,1.0,0.2727272727272727,746,1.0,8160.0,2.9374821117108028e-30,0.49090909090909085,49.09,LOW
2701,2704,2025-10-22 11:50:00,2025-10-22 11:55:00,5.0,0,1,1,11,Very Light,Light,0.0,0.3333333333333333,1.0,746,1.0,15.0,0.8824969025845955,0.48824969025845955,48.82,LOW
2701,2704,2025-10-18 07:20:00,2025-10-18 07:30:00,10.0,0,2,2,6,Very Light,Moderate,0.0,0.6666666666666666,0.9090909090909091,746,1.0,6045.0,1.3256090919753184e-22,0.48636363636363633,48.64,LOW
2701,2704,2025-10-17 09:10:00,2025-10-17 09:20:00,10.0,0,2,2,4,Very Light,Moderate,0.0,0.6666666666666666,0.9090909090909091,746,1.0,7375.0,2.0369715642106022e-27,0.48636363636363633,48.64,LOW
2702,2704,2025-10-17 18:30:00,2025-10-17 19:10:00,40.0,0,3,3,5,Very Light,Severe,0.0,1.0,0.36363636363636365,654,0.8766756032171582,6815.0,2.1661700584814256e-25,0.4860467950280283,48.6,LOW
2702,2704,2025-10-20 15:20:00,2025-10-20 16:00:00,40.0,2,3,1,8,Moderate,Severe,0.6666666666666666,0.3333333333333333,0.36363636363636365,654,0.8766756032171582,2685.0,1.917171513758312e-10,0.4860467950472,48.6,LOW
2702,2704,2025-10-17 15:45:00,2025-10-17 16:25:00,40.0,0,3,3,4,Very Light,Severe,0.0,1.0,0.36363636363636365,654,0.8766756032171582,6980.0,5.476935620307876e-26,0.4860467950280283,48.6,LOW
2701,2704,2025-10-22 11:45:00,2025-10-22 11:50:00,5.0,0,1,1,11,Very Light,Light,0.0,0.3333333333333333,1.0,746,1.0,20.0,0.8464817248906141,0.48464817248906145,48.46,LOW
2706,2704,2025-10-17 15:55:00,2025-10-17 16:25:00,30.0,0,3,3,4,Very Light,Severe,0.0,1.0,0.5454545454545454,496,0.6648793565683646,6970.0,5.952903504679667e-26,0.48155008530343646,48.16,LOW
2706,2704,2025-10-17 18:40:00,2025-10-17 19:10:00,30.0,0,3,3,5,Very Light,Severe,0.0,1.0,0.5454545454545454,496,0.6648793565683646,6805.0,2.3544190085150874e-25,0.48155008530343646,48.16,LOW
2706,2704,2025-10-20 15:30:00,2025-10-20 16:00:00,30.0,2,3,1,8,Moderate,Severe,0.6666666666666666,0.3333333333333333,0.5454545454545454,496,0.6648793565683646,2675.0,2.0837814819306512e-10,0.4815500853242743,48.16,LOW
2706,2704,2025-10-19 16:30:00,2025-10-19 17:00:00,30.0,2,3,1,7,Moderate,Severe,0.6666666666666666,0.3333333333333333,0.5454545454545454,496,0.6648793565683646,4055.0,2.1108901451050982e-15,0.4815500853034367,48.16,LOW
2702,2704,2025-10-19 08:20:00,2025-10-19 08:25:00,5.0,0,2,2,7,Very Light,Moderate,0.0,0.6666666666666666,1.0,654,0.8766756032171582,4545.0,3.5571034672805724e-17,0.4815013404825737,48.15,LOW
2702,2704,2025-10-19 08:15:00,2025-10-19 08:20:00,5.0,0,2,2,7,Very Light,Moderate,0.0,0.6666666666666666,1.0,654,0.8766756032171582,4550.0,3.411936143661893e-17,0.4815013404825737,48.15,LOW
2702,2704,2025-10-19 08:10:00,2025-10-19 08:15:00,5.0,0,2,2,7,Very Light,Moderate,0.0,0.6666666666666666,1.0,654,0.8766756032171582,4555.0,3.2726931773300824e-17,0.4815013404825737,48.15,LOW
2702,2704,2025-10-19 08:05:00,2025-10-19 08:10:00,5.0,0,2,2,7,Very Light,Moderate,0.0,0.6666666666666666,1.0,654,0.8766756032171582,4560.0,3.1391327920480296e-17,0.4815013404825737,48.15,LOW
2702,2704,2025-10-19 08:00:00,2025-10-19 08:05:00,5.0,0,2,2,7,Very Light,Moderate,0.0,0.6666666666666666,1.0,654,0.8766756032171582,4565.0,3.0110230785980496e-17,0.4815013404825737,48.15,LOW
2702,2704,2025-10-19 07:55:00,2025-10-19 08:00:00,5.0,0,2,2,7,Very Light,Moderate,0.0,0.6666666666666666,1.0,654,0.8766756032171582,4570.0,2.8881415921035356e-17,0.4815013404825737,48.15,LOW
2702,2704,2025-10-19 10:10:00,2025-10-19 10:15:00,5.0,0,2,2,7,Very Light,Moderate,0.0,0.6666666666666666,1.0,654,0.8766756032171582,4435.0,8.896102394058259e-17,0.4815013404825737,48.15,LOW
2702,2704,2025-10-19 10:05:00,2025-10-19 10:10:00,5.0,0,2,2,7,Very Light,Moderate,0.0,0.6666666666666666,1.0,654,0.8766756032171582,4440.0,8.533047625744066e-17,0.4815013404825737,48.15,LOW
2702,2704,2025-10-19 10:00:00,2025-10-19 10:05:00,5.0,0,2,2,7,Very Light,Moderate,0.0,0.6666666666666666,1.0,654,0.8766756032171582,4445.0,8.184809319623891e-17,0.4815013404825737,48.15,LOW
2702,2704,2025-10-19 09:55:00,2025-10-19 10:00:00,5.0,0,2,2,7,Very Light,Moderate,0.0,0.6666666666666666,1.0,654,0.8766756032171582,4450.0,7.850782807831817e-17,0.4815013404825737,48.15,LOW
2702,2704,2025-10-19 09:50:00,2025-10-19 09:55:00,5.0,0,2,2,7,Very Light,Moderate,0.0,0.6666666666666666,1.0,654,0.8766756032171582,4455.0,7.530388099325974e-17,0.4815013404825737,48.15,LOW
2702,2704,2025-10-19 09:45:00,2025-10-19 09:50:00,5.0,0,2,2,7,Very Light,Moderate,0.0,0.6666666666666666,1.0,654,0.8766756032171582,4460.0,7.223068872813613e-17,0.4815013404825737,48.15,LOW
2702,2704,2025-10-19 09:40:00,2025-10-19 09:45:00,5.0,0,2,2,7,Very Light,Moderate,0.0,0.6666666666666666,1.0,654,0.8766756032171582,4465.0,6.928291510775971e-17,0.4815013404825737,48.15,LOW
2702,2704,2025-10-19 09:35:00,2025-10-19 09:40:00,5.0,0,2,2,7,Very Light,Moderate,0.0,0.6666666666666666,1.0,654,0.8766756032171582,4470.0,6.64554417291507e-17,0.4815013404825737,48.15,LOW
2702,2704,2025-10-19 09:30:00,2025-10-19 09:35:00,5.0,0,2,2,7,Very Light,Moderate,0.0,0.6666666666666666,1.0,654,0.8766756032171582,4475.0,6.374335907413219e-17,0.4815013404825737,48.15,LOW
2702,2704,2025-10-19 09:25:00,2025-10-19 09:30:00,5.0,0,2,2,7,Very Light,Moderate,0.0,0.6666666666666666,1.0,654,0.8766756032171582,4480.0,6.114195798462941e-17,0.4815013404825737,48.15,LOW
2702,2704,2025-10-19 09:20:00,2025-10-19 09:25:00,5.0,0,2,2,7,Very Light,Moderate,0.0,0.6666666666666666,1.0,654,0.8766756032171582,4485.0,5.864672148586656e-17,0.4815013404825737,48.15,LOW
2702,2704,2025-10-19 09:15:00,2025-10-19 09:20:00,5.0,0,2,2,7,Very Light,Moderate,0.0,0.6666666666666666,1.0,654,0.8766756032171582,4490.0,5.625331694325932e-17,0.4815013404825737,48.15,LOW
2702,2704,2025-10-19 09:10:00,2025-10-19 09:15:00,5.0,0,2,2,7,Very Light,Moderate,0.0,0.6666666666666666,1.0,654,0.8766756032171582,4495.0,5.395758853939293e-17,0.4815013404825737,48.15,LOW
2702,2704,2025-10-19 09:05:00,2025-10-19 09:10:00,5.0,0,2,2,7,Very Light,Moderate,0.0,0.6666666666666666,1.0,654,0.8766756032171582,4500.0,5.175555005801869e-17,0.4815013404825737,48.15,LOW
2702,2704,2025-10-19 09:00:00,2025-10-19 09:05:00,5.0,0,2,2,7,Very Light,Moderate,0.0,0.6666666666666666,1.0,654,0.8766756032171582,4505.0,4.9643377962535884e-17,0.4815013404825737,48.15,LOW
2702,2704,2025-10-19 08:55:00,2025-10-19 09:00:00,5.0,0,2,2,7,Very Light,Moderate,0.0,0.6666666666666666,1.0,654,0.8766756032171582,4510.0,4.761740475694833e-17,0.4815013404825737,48.15,LOW
2702,2704,2025-10-19 11:30:00,2025-10-19 11:35:00,5.0,0,2,2,7,Very Light,Moderate,0.0,0.6666666666666666,1.0,654,0.8766756032171582,4355.0,1.7327241465615351e-16,0.4815013404825737,48.15,LOW
2702,2704,2025-10-19 11:25:00,2025-10-19 11:30:00,5.0,0,2,2,7,Very Light,Moderate,0.0,0.6666666666666666,1.0,654,0.8766756032171582,4360.0,1.6620107334602457e-16,0.4815013404825737,48.15,LOW
2702,2704,2025-10-19 11:20:00,2025-10-19 11:25:00,5.0,0,2,2,7,Very Light,Moderate,0.0,0.6666666666666666,1.0,654,0.8766756032171582,4365.0,1.5941831731372974e-16,0.4815013404825737,48.15,LOW
2702,2704,2025-10-19 11:15:00,2025-10-19 11:20:00,5.0,0,2,2,7,Very Light,Moderate,0.0,0.6666666666666666,1.0,654,0.8766756032171582,4370.0,1.5291236923740912e-16,0.4815013404825737,48.15,LOW
2702,2704,2025-10-19 11:10:00,2025-10-19 11:15:00,5.0,0,2,2,7,Very Light,Moderate,0.0,0.6666666666666666,1.0,654,0.8766756032171582,4375.0,1.4667193243410184e-16,0.4815013404825737,48.15,LOW
2702,2704,2025-10-19 11:05:00,2025-10-19 11:10:00,5.0,0,2,2,7,Very Light,Moderate,0.0,0.6666666666666666,1.0,654,0.8766756032171582,4380.0,1.4068617124461467e-16,0.4815013404825737,48.15,LOW
2702,2704,2025-10-19 11:00:00,2025-10-19 11:05:00,5.0,0,2,2,7,Very Light,Moderate,0.0,0.6666666666666666,1.0,654,0.8766756032171582,4385.0,1.3494469221888552e-16,0.4815013404825737,48.15,LOW
2702,2704,2025-10-19 10:55:00,2025-10-19 11:00:00,5.0,0,2,2,7,Very Light,Moderate,0.0,0.6666666666666666,1.0,654,0.8766756032171582,4390.0,1.2943752606919194e-16,0.4815013404825737,48.15,LOW
2702,2704,2025-10-19 10:50:00,2025-10-19 10:55:00,5.0,0,2,2,7,Very Light,Moderate,0.0,0.6666666666666666,1.0,654,0.8766756032171582,4395.0,1.2415511035985842e-16,0.4815013404825737,48.15,LOW
2702,2704,2025-10-19 10:45:00,2025-10-19 10:50:00,5.0,0,2,2,7,Very Light,Moderate,0.0,0.6666666666666666,1.0,654,0.8766756032171582,4400.0,1.1908827290339802e-16,0.4815013404825737,48.15,LOW
2702,2704,2025-10-19 10:40:00,2025-10-19 10:45:00,5.0,0,2,2,7,Very Light,Moderate,0.0,0.6666666666666666,1.0,654,0.8766756032171582,4405.0,1.142282158342747e-16,0.4815013404825737,48.15,LOW
2702,2704,2025-10-19 10:35:00,2025-10-19 10:40:00,5.0,0,2,2,7,Very Light,Moderate,0.0,0.6666666666666666,1.0,654,0.8766756032171582,4410.0,1.0956650033262367e-16,0.4815013404825737,48.15,LOW
2702,2704,2025-10-19 10:30:00,2025-10-19 10:35:00,5.0,0,2,2,7,Very Light,Moderate,0.0,0.6666666666666666,1.0,654,0.8766756032171582,4415.0,1.0509503197139776e-16,0.4815013404825737,48.15,LOW
2702,2704,2025-10-19 10:25:00,2025-10-19 10:30:00,5.0,0,2,2,7,Very Light,Moderate,0.0,0.6666666666666666,1.0,654,0.8766756032171582,4420.0,1.0080604666151205e-16,0.4815013404825737,48.15,LOW
2702,2704,2025-10-19 10:20:00,2025-10-19 10:25:00,5.0,0,2,2,7,Very Light,Moderate,0.0,0.6666666666666666,1.0,654,0.8766756032171582,4425.0,9.669209717057444e-17,0.4815013404825737,48.15,LOW
2702,2704,2025-10-19 10:15:00,2025-10-19 10:20:00,5.0,0,2,2,7,Very Light,Moderate,0.0,0.6666666666666666,1.0,654,0.8766756032171582,4430.0,9.274604019178754e-17,0.4815013404825737,48.15,LOW
2702,2704,2025-10-18 16:50:00,2025-10-18 16:55:00,5.0,0,2,2,6,Very Light,Moderate,0.0,0.6666666666666666,1.0,654,0.8766756032171582,5475.0,1.5321957845870205e-20,0.4815013404825737,48.15,LOW
2702,2704,2025-10-18 16:45:00,2025-10-18 16:50:00,5.0,0,2,2,6,Very Light,Moderate,0.0,0.6666666666666666,1.0,654,0.8766756032171582,5480.0,1.469666042802938e-20,0.4815013404825737,48.15,LOW
2702,2704,2025-10-18 16:40:00,2025-10-18 16:45:00,5.0,0,2,2,6,Very Light,Moderate,0.0,0.6666666666666666,1.0,654,0.8766756032171582,5485.0,1.4096881737278786e-20,0.4815013404825737,48.15,LOW
2702,2704,2025-10-18 16:35:00,2025-10-18 16:40:00,5.0,0,2,2,6,Very Light,Moderate,0.0,0.6666666666666666,1.0,654,0.8766756032171582,5490.0,1.3521580340512197e-20,0.4815013404825737,48.15,LOW
2702,2704,2025-10-18 16:30:00,2025-10-18 16:35:00,5.0,0,2,2,6,Very Light,Moderate,0.0,0.6666666666666666,1.0,654,0.8766756032171582,5495.0,1.2969757306073521e-20,0.4815013404825737,48.15,LOW
2702,2704,2025-10-18 16:25:00,2025-10-18 16:30:00,5.0,0,2,2,6,Very Light,Moderate,0.0,0.6666666666666666,1.0,654,0.8766756032171582,5500.0,1.244045446924988e-20,0.4815013404825737,48.15,LOW
2702,2704,2025-10-18 16:20:00,2025-10-18 16:25:00,5.0,0,2,2,6,Very Light,Moderate,0.0,0.6666666666666666,1.0,654,0.8766756032171582,5505.0,1.1932752768550773e-20,0.4815013404825737,48.15,LOW
2702,2704,2025-10-18 16:15:00,2025-10-18 16:20:00,5.0,0,2,2,6,Very Light,Moderate,0.0,0.6666666666666666,1.0,654,0.8766756032171582,5510.0,1.1445770649883808e-20,0.4815013404825737,48.15,LOW
2702,2704,2025-10-18 16:10:00,2025-10-18 16:15:00,5.0,0,2,2,6,Very Light,Moderate,0.0,0.6666666666666666,1.0,654,0.8766756032171582,5515.0,1.0978662535857706e-20,0.4815013404825737,48.15,LOW
2702,2704,2025-10-18 16:05:00,2025-10-18 16:10:00,5.0,0,2,2,6,Very Light,Moderate,0.0,0.6666666666666666,1.0,654,0.8766756032171582,5520.0,1.0530617357553812e-20,0.4815013404825737,48.15,LOW
2702,2704,2025-10-19 12:55:00,2025-10-19 13:00:00,5.0,0,2,2,7,Very Light,Moderate,0.0,0.6666666666666666,1.0,654,0.8766756032171582,4270.0,3.518476750345784e-16,0.48150134048257376,48.15,LOW
2702,2704,2025-10-19 12:50:00,2025-10-19 12:55:00,5.0,0,2,2,7,Very Light,Moderate,0.0,0.6666666666666666,1.0,654,0.8766756032171582,4275.0,3.374885804015305e-16,0.48150134048257376,48.15,LOW
2702,2704,2025-10-19 12:45:00,2025-10-19 12:50:00,5.0,0,2,2,7,Very Light,Moderate,0.0,0.6666666666666666,1.0,654,0.8766756032171582,4280.0,3.2371548821587854e-16,0.48150134048257376,48.15,LOW
2702,2704,2025-10-19 12:40:00,2025-10-19 12:45:00,5.0,0,2,2,7,Very Light,Moderate,0.0,0.6666666666666666,1.0,654,0.8766756032171582,4285.0,3.105044833996067e-16,0.48150134048257376,48.15,LOW
2702,2704,2025-10-19 12:35:00,2025-10-19 12:40:00,5.0,0,2,2,7,Very Light,Moderate,0.0,0.6666666666666666,1.0,654,0.8766756032171582,4290.0,2.9783262686202286e-16,0.48150134048257376,48.15,LOW
2702,2704,2025-10-19 12:30:00,2025-10-19 12:35:00,5.0,0,2,2,7,Very Light,Moderate,0.0,0.6666666666666666,1.0,654,0.8766756032171582,4295.0,2.8567791566917293e-16,0.48150134048257376,48.15,LOW
2702,2704,2025-10-19 12:25:00,2025-10-19 12:30:00,5.0,0,2,2,7,Very Light,Moderate,0.0,0.6666666666666666,1.0,654,0.8766756032171582,4300.0,2.740192448387828e-16,0.4815013404825737,48.15,LOW
2702,2704,2025-10-19 12:20:00,2025-10-19 12:25:00,5.0,0,2,2,7,Very Light,Moderate,0.0,0.6666666666666666,1.0,654,0.8766756032171582,4305.0,2.6283637069436874e-16,0.4815013404825737,48.15,LOW
2702,2704,2025-10-19 12:10:00,2025-10-19 12:15:00,5.0,0,2,2,7,Very Light,Moderate,0.0,0.6666666666666666,1.0,654,0.8766756032171582,4315.0,2.4182113481879574e-16,0.4815013404825737,48.15,LOW
2702,2704,2025-10-19 12:05:00,2025-10-19 12:10:00,5.0,0,2,2,7,Very Light,Moderate,0.0,0.6666666666666666,1.0,654,0.8766756032171582,4320.0,2.3195228302435696e-16,0.4815013404825737,48.15,LOW
2702,2704,2025-10-19 12:00:00,2025-10-19 12:05:00,5.0,0,2,2,7,Very Light,Moderate,0.0,0.6666666666666666,1.0,654,0.8766756032171582,4325.0,2.224861844293586e-16,0.4815013404825737,48.15,LOW
2702,2704,2025-10-19 11:55:00,2025-10-19 12:00:00,5.0,0,2,2,7,Very Light,Moderate,0.0,0.6666666666666666,1.0,654,0.8766756032171582,4330.0,2.134064024570791e-16,0.4815013404825737,48.15,LOW
2702,2704,2025-10-19 11:50:00,2025-10-19 11:55:00,5.0,0,2,2,7,Very Light,Moderate,0.0,0.6666666666666666,1.0,654,0.8766756032171582,4335.0,2.0469717131642043e-16,0.4815013404825737,48.15,LOW
2702,2704,2025-10-19 11:45:00,2025-10-19 11:50:00,5.0,0,2,2,7,Very Light,Moderate,0.0,0.6666666666666666,1.0,654,0.8766756032171582,4340.0,1.9634336862677402e-16,0.4815013404825737,48.15,LOW
2702,2704,2025-10-19 11:40:00,2025-10-19 11:45:00,5.0,0,2,2,7,Very Light,Moderate,0.0,0.6666666666666666,1.0,654,0.8766756032171582,4345.0,1.8833048916009388e-16,0.4815013404825737,48.15,LOW
2702,2704,2025-10-19 11:35:00,2025-10-19 11:40:00,5.0,0,2,2,7,Very Light,Moderate,0.0,0.6666666666666666,1.0,654,0.8766756032171582,4350.0,1.8064461965456932e-16,0.4815013404825737,48.15,LOW
2702,2704,2025-10-19 15:10:00,2025-10-19 15:15:00,5.0,0,2,2,7,Very Light,Moderate,0.0,0.6666666666666666,1.0,654,0.8766756032171582,4135.0,1.0837671368941445e-15,0.4815013404825738,48.15,LOW
2702,2704,2025-10-19 15:05:00,2025-10-19 15:10:00,5.0,0,2,2,7,Very Light,Moderate,0.0,0.6666666666666666,1.0,654,0.8766756032171582,4140.0,1.039538011670222e-15,0.4815013404825738,48.15,LOW
2702,2704,2025-10-19 15:00:00,2025-10-19 15:05:00,5.0,0,2,2,7,Very Light,Moderate,0.0,0.6666666666666666,1.0,654,0.8766756032171582,4145.0,9.971139010582755e-16,0.4815013404825738,48.15,LOW
2702,2704,2025-10-19 14:45:00,2025-10-19 14:50:00,5.0,0,2,2,7,Very Light,Moderate,0.0,0.6666666666666666,1.0,654,0.8766756032171582,4160.0,8.799499292079709e-16,0.4815013404825738,48.15,LOW
2702,2704,2025-10-19 14:40:00,2025-10-19 14:45:00,5.0,0,2,2,7,Very Light,Moderate,0.0,0.6666666666666666,1.0,654,0.8766756032171582,4165.0,8.440386948802142e-16,0.4815013404825738,48.15,LOW
2702,2704,2025-10-19 14:10:00,2025-10-19 14:15:00,5.0,0,2,2,7,Very Light,Moderate,0.0,0.6666666666666666,1.0,654,0.8766756032171582,4195.0,6.573379965152774e-16,0.48150134048257376,48.15,LOW
2702,2704,2025-10-19 13:55:00,2025-10-19 14:00:00,5.0,0,2,2,7,Very Light,Moderate,0.0,0.6666666666666666,1.0,654,0.8766756032171582,4210.0,5.800987458758959e-16,0.48150134048257376,48.15,LOW
2702,2704,2025-10-19 13:50:00,2025-10-19 13:55:00,5.0,0,2,2,7,Very Light,Moderate,0.0,0.6666666666666666,1.0,654,0.8766756032171582,4215.0,5.564246011263937e-16,0.48150134048257376,48.15,LOW
2702,2704,2025-10-19 13:45:00,2025-10-19 13:50:00,5.0,0,2,2,7,Very Light,Moderate,0.0,0.6666666666666666,1.0,654,0.8766756032171582,4220.0,5.337166110765956e-16,0.48150134048257376,48.15,LOW
2702,2704,2025-10-19 13:40:00,2025-10-19 13:45:00,5.0,0,2,2,7,Very Light,Moderate,0.0,0.6666666666666666,1.0,654,0.8766756032171582,4225.0,5.119353464286864e-16,0.48150134048257376,48.15,LOW
2702,2704,2025-10-19 13:35:00,2025-10-19 13:40:00,5.0,0,2,2,7,Very Light,Moderate,0.0,0.6666666666666666,1.0,654,0.8766756032171582,4230.0,4.910429870159115e-16,0.48150134048257376,48.15,LOW
2702,2704,2025-10-19 13:30:00,2025-10-19 13:35:00,5.0,0,2,2,7,Very Light,Moderate,0.0,0.6666666666666666,1.0,654,0.8766756032171582,4235.0,4.710032561330429e-16,0.48150134048257376,48.15,LOW
2702,2704,2025-10-19 13:20:00,2025-10-19 13:25:00,5.0,0,2,2,7,Very Light,Moderate,0.0,0.6666666666666666,1.0,654,0.8766756032171582,4245.0,4.3334391507742955e-16,0.48150134048257376,48.15,LOW
2702,2704,2025-10-19 13:15:00,2025-10-19 13:20:00,5.0,0,2,2,7,Very Light,Moderate,0.0,0.6666666666666666,1.0,654,0.8766756032171582,4250.0,4.156589146446691e-16,0.48150134048257376,48.15,LOW
2702,2704,2025-10-19 13:10:00,2025-10-19 13:15:00,5.0,0,2,2,7,Very Light,Moderate,0.0,0.6666666666666666,1.0,654,0.8766756032171582,4255.0,3.986956486805919e-16,0.48150134048257376,48.15,LOW
2702,2704,2025-10-19 13:00:00,2025-10-19 13:05:00,5.0,0,2,2,7,Very Light,Moderate,0.0,0.6666666666666666,1.0,654,0.8766756032171582,4265.0,3.668177047055952e-16,0.48150134048257376,48.15,LOW
2702,2704,2025-10-18 16:00:00,2025-10-18 16:05:00,5.0,0,2,2,6,Very Light,Moderate,0.0,0.6666666666666666,1.0,654,0.8766756032171582,5525.0,1.0100857146216132e-20,0.4815013404825737,48.15,LOW
2702,2704,2025-10-18 15:55:00,2025-10-18 16:00:00,5.0,0,2,2,6,Very Light,Moderate,0.0,0.6666666666666666,1.0,654,0.8766756032171582,5530.0,9.688635682415965e-21,0.4815013404825737,48.15,LOW
2702,2704,2025-10-18 15:50:00,2025-10-18 15:55:00,5.0,0,2,2,6,Very Light,Moderate,0.0,0.6666666666666666,1.0,654,0.8766756032171582,5535.0,9.293237200344816e-21,0.4815013404825737,48.15,LOW
2702,2704,2025-10-18 15:45:00,2025-10-18 15:50:00,5.0,0,2,2,6,Very Light,Moderate,0.0,0.6666666666666666,1.0,654,0.8766756032171582,5540.0,8.913975144985213e-21,0.4815013404825737,48.15,LOW
2702,2704,2025-10-18 15:40:00,2025-10-18 15:45:00,5.0,0,2,2,6,Very Light,Moderate,0.0,0.6666666666666666,1.0,654,0.8766756032171582,5545.0,8.550190980002677e-21,0.4815013404825737,48.15,LOW
2702,2704,2025-10-18 15:35:00,2025-10-18 15:40:00,5.0,0,2,2,6,Very Light,Moderate,0.0,0.6666666666666666,1.0,654,0.8766756032171582,5550.0,8.201253044288238e-21,0.4815013404825737,48.15,LOW
2702,2704,2025-10-18 15:30:00,2025-10-18 15:35:00,5.0,0,2,2,6,Very Light,Moderate,0.0,0.6666666666666666,1.0,654,0.8766756032171582,5555.0,7.86655545516552e-21,0.4815013404825737,48.15,LOW
2702,2704,2025-10-18 15:25:00,2025-10-18 15:30:00,5.0,0,2,2,6,Very Light,Moderate,0.0,0.6666666666666666,1.0,654,0.8766756032171582,5560.0,7.545517056359109e-21,0.4815013404825737,48.15,LOW
2702,2704,2025-10-18 15:20:00,2025-10-18 15:25:00,5.0,0,2,2,6,Very Light,Moderate,0.0,0.6666666666666666,1.0,654,0.8766756032171582,5565.0,7.237580408896853e-21,0.4815013404825737,48.15,LOW
2702,2704,2025-10-18 15:15:00,2025-10-18 15:20:00,5.0,0,2,2,6,Very Light,Moderate,0.0,0.6666666666666666,1.0,654,0.8766756032171582,5570.0,6.942210823193523e-21,0.4815013404825737,48.15,LOW
2702,2704,2025-10-18 15:10:00,2025-10-18 15:15:00,5.0,0,2,2,6,Very Light,Moderate,0.0,0.6666666666666666,1.0,654,0.8766756032171582,5575.0,6.658895430636148e-21,0.4815013404825737,48.15,LOW
2702,2704,2025-10-18 15:05:00,2025-10-18 15:10:00,5.0,0,2,2,6,Very Light,Moderate,0.0,0.6666666666666666,1.0,654,0.8766756032171582,5580.0,6.387142293058423e-21,0.4815013404825737,48.15,LOW
2702,2704,2025-10-18 15:00:00,2025-10-18 15:05:00,5.0,0,2,2,6,Very Light,Moderate,0.0,0.6666666666666666,1.0,654,0.8766756032171582,5585.0,6.1264795485575384e-21,0.4815013404825737,48.15,LOW
2702,2704,2025-10-18 14:55:00,2025-10-18 15:00:00,5.0,0,2,2,6,Very Light,Moderate,0.0,0.6666666666666666,1.0,654,0.8766756032171582,5590.0,5.8764545921711155e-21,0.4815013404825737,48.15,LOW
2702,2704,2025-10-18 14:50:00,2025-10-18 14:55:00,5.0,0,2,2,6,Very Light,Moderate,0.0,0.6666666666666666,1.0,654,0.8766756032171582,5595.0,5.6366332899911276e-21,0.4815013404825737,48.15,LOW
2702,2704,2025-10-18 14:45:00,2025-10-18 14:50:00,5.0,0,2,2,6,Very Light,Moderate,0.0,0.6666666666666666,1.0,654,0.8766756032171582,5600.0,5.406599225349898e-21,0.4815013404825737,48.15,LOW
2702,2704,2025-10-18 14:35:00,2025-10-18 14:40:00,5.0,0,2,2,6,Very Light,Moderate,0.0,0.6666666666666666,1.0,654,0.8766756032171582,5610.0,4.974311419422388e-21,0.4815013404825737,48.15,LOW
2702,2704,2025-10-18 14:30:00,2025-10-18 14:35:00,5.0,0,2,2,6,Very Light,Moderate,0.0,0.6666666666666666,1.0,654,0.8766756032171582,5615.0,4.771307069887558e-21,0.4815013404825737,48.15,LOW
2702,2704,2025-10-18 14:25:00,2025-10-18 14:30:00,5.0,0,2,2,6,Very Light,Moderate,0.0,0.6666666666666666,1.0,654,0.8766756032171582,5620.0,4.576587438066418e-21,0.4815013404825737,48.15,LOW
2702,2704,2025-10-18 14:20:00,2025-10-18 14:25:00,5.0,0,2,2,6,Very Light,Moderate,0.0,0.6666666666666666,1.0,654,0.8766756032171582,5625.0,4.3898144201314395e-21,0.4815013404825737,48.15,LOW
2702,2704,2025-10-18 14:15:00,2025-10-18 14:20:00,5.0,0,2,2,6,Very Light,Moderate,0.0,0.6666666666666666,1.0,654,0.8766756032171582,5630.0,4.2106637104557516e-21,0.4815013404825737,48.15,LOW
2702,2704,2025-10-18 14:10:00,2025-10-18 14:15:00,5.0,0,2,2,6,Very Light,Moderate,0.0,0.6666666666666666,1.0,654,0.8766756032171582,5635.0,4.0388242385011826e-21,0.4815013404825737,48.15,LOW
2702,2704,2025-10-18 14:05:00,2025-10-18 14:10:00,5.0,0,2,2,6,Very Light,Moderate,0.0,0.6666666666666666,1.0,654,0.8766756032171582,5640.0,3.873997628687187e-21,0.4815013404825737,48.15,LOW
2702,2704,2025-10-18 14:00:00,2025-10-18 14:05:00,5.0,0,2,2,6,Very Light,Moderate,0.0,0.6666666666666666,1.0,654,0.8766756032171582,5645.0,3.715897682302561e-21,0.4815013404825737,48.15,LOW
2702,2704,2025-10-18 13:55:00,2025-10-18 14:00:00,5.0,0,2,2,6,Very Light,Moderate,0.0,0.6666666666666666,1.0,654,0.8766756032171582,5650.0,3.564249880560881e-21,0.4815013404825737,48.15,LOW
2702,2704,2025-10-18 13:50:00,2025-10-18 13:55:00,5.0,0,2,2,6,Very Light,Moderate,0.0,0.6666666666666666,1.0,654,0.8766756032171582,5655.0,3.41879090793651e-21,0.4815013404825737,48.15,LOW
2702,2704,2025-10-18 13:45:00,2025-10-18 13:50:00,5.0,0,2,2,6,Very Light,Moderate,0.0,0.6666666666666666,1.0,654,0.8766756032171582,5660.0,3.2792681949532867e-21,0.4815013404825737,48.15,LOW
2702,2704,2025-10-18 13:40:00,2025-10-18 13:45:00,5.0,0,2,2,6,Very Light,Moderate,0.0,0.6666666666666666,1.0,654,0.8766756032171582,5665.0,3.1454394796324916e-21,0.4815013404825737,48.15,LOW
2702,2704,2025-10-18 13:35:00,2025-10-18 13:40:00,5.0,0,2,2,6,Very Light,Moderate,0.0,0.6666666666666666,1.0,654,0.8766756032171582,5670.0,3.0170723868383467e-21,0.4815013404825737,48.15,LOW
2702,2704,2025-10-18 13:30:00,2025-10-18 13:35:00,5.0,0,2,2,6,Very Light,Moderate,0.0,0.6666666666666666,1.0,654,0.8766756032171582,5675.0,2.8939440247904524e-21,0.4815013404825737,48.15,LOW
2702,2704,2025-10-18 13:25:00,2025-10-18 13:30:00,5.0,0,2,2,6,Very Light,Moderate,0.0,0.6666666666666666,1.0,654,0.8766756032171582,5680.0,2.7758405980429754e-21,0.4815013404825737,48.15,LOW
2702,2704,2025-10-18 13:20:00,2025-10-18 13:25:00,5.0,0,2,2,6,Very Light,Moderate,0.0,0.6666666666666666,1.0,654,0.8766756032171582,5685.0,2.6625570362583533e-21,0.4815013404825737,48.15,LOW
2702,2704,2025-10-18 13:15:00,2025-10-18 13:20:00,5.0,0,2,2,6,Very Light,Moderate,0.0,0.6666666666666666,1.0,654,0.8766756032171582,5690.0,2.553896638130772e-21,0.4815013404825737,48.15,LOW
2702,2704,2025-10-18 13:10:00,2025-10-18 13:15:00,5.0,0,2,2,6,Very Light,Moderate,0.0,0.6666666666666666,1.0,654,0.8766756032171582,5695.0,2.449670729841497e-21,0.4815013404825737,48.15,LOW
2702,2704,2025-10-18 13:05:00,2025-10-18 13:10:00,5.0,0,2,2,6,Very Light,Moderate,0.0,0.6666666666666666,1.0,654,0.8766756032171582,5700.0,2.349698337452817e-21,0.4815013404825737,48.15,LOW
2702,2704,2025-10-18 13:00:00,2025-10-18 13:05:00,5.0,0,2,2,6,Very Light,Moderate,0.0,0.6666666666666666,1.0,654,0.8766756032171582,5705.0,2.2538058726716176e-21,0.4815013404825737,48.15,LOW
2702,2704,2025-10-18 12:55:00,2025-10-18 13:00:00,5.0,0,2,2,6,Very Light,Moderate,0.0,0.6666666666666666,1.0,654,0.8766756032171582,5710.0,2.1618268314372662e-21,0.4815013404825737,48.15,LOW
2702,2704,2025-10-18 12:50:00,2025-10-18 12:55:00,5.0,0,2,2,6,Very Light,Moderate,0.0,0.6666666666666666,1.0,654,0.8766756032171582,5715.0,2.0736015048102845e-21,0.4815013404825737,48.15,LOW
2702,2704,2025-10-18 12:45:00,2025-10-18 12:50:00,5.0,0,2,2,6,Very Light,Moderate,0.0,0.6666666666666666,1.0,654,0.8766756032171582,5720.0,1.9889767016596736e-21,0.4815013404825737,48.15,LOW
2702,2704,2025-10-18 12:40:00,2025-10-18 12:45:00,5.0,0,2,2,6,Very Light,Moderate,0.0,0.6666666666666666,1.0,654,0.8766756032171582,5725.0,1.9078054826676575e-21,0.4815013404825737,48.15,LOW
2702,2704,2025-10-18 12:35:00,2025-10-18 12:40:00,5.0,0,2,2,6,Very Light,Moderate,0.0,0.6666666666666666,1.0,654,0.8766756032171582,5730.0,1.829946905189832e-21,0.4815013404825737,48.15,LOW
2702,2704,2025-10-18 12:30:00,2025-10-18 12:35:00,5.0,0,2,2,6,Very Light,Moderate,0.0,0.6666666666666666,1.0,654,0.8766756032171582,5735.0,1.7552657785275866e-21,0.4815013404825737,48.15,LOW
2702,2704,2025-10-18 12:25:00,2025-10-18 12:30:00,5.0,0,2,2,6,Very Light,Moderate,0.0,0.6666666666666666,1.0,654,0.8766756032171582,5740.0,1.6836324291881168e-21,0.4815013404825737,48.15,LOW
2702,2704,2025-10-18 12:20:00,2025-10-18 12:25:00,5.0,0,2,2,6,Very Light,Moderate,0.0,0.6666666666666666,1.0,654,0.8766756032171582,5745.0,1.614922475724293e-21,0.4815013404825737,48.15,LOW
2702,2704,2025-10-18 12:10:00,2025-10-18 12:15:00,5.0,0,2,2,6,Very Light,Moderate,0.0,0.6666666666666666,1.0,654,0.8766756032171582,5755.0,1.4858004038494912e-21,0.4815013404825737,48.15,LOW
2702,2704,2025-10-18 12:00:00,2025-10-18 12:05:00,5.0,0,2,2,6,Very Light,Moderate,0.0,0.6666666666666666,1.0,654,0.8766756032171582,5765.0,1.3670023628157236e-21,0.4815013404825737,48.15,LOW
2702,2704,2025-10-18 11:55:00,2025-10-18 12:00:00,5.0,0,2,2,6,Very Light,Moderate,0.0,0.6666666666666666,1.0,654,0.8766756032171582,5770.0,1.311214254256117e-21,0.4815013404825737,48.15,LOW
2702,2704,2025-10-18 09:20:00,2025-10-18 09:25:00,5.0,0,2,2,6,Very Light,Moderate,0.0,0.6666666666666666,1.0,654,0.8766756032171582,5925.0,3.603379106356603e-22,0.4815013404825737,48.15,LOW
2702,2704,2025-10-18 09:15:00,2025-10-18 09:20:00,5.0,0,2,2,6,Very Light,Moderate,0.0,0.6666666666666666,1.0,654,0.8766756032171582,5930.0,3.45632324878461e-22,0.4815013404825737,48.15,LOW
2702,2704,2025-10-18 09:10:00,2025-10-18 09:15:00,5.0,0,2,2,6,Very Light,Moderate,0.0,0.6666666666666666,1.0,654,0.8766756032171582,5935.0,3.315268820595387e-22,0.4815013404825737,48.15,LOW
2702,2704,2025-10-18 09:05:00,2025-10-18 09:10:00,5.0,0,2,2,6,Very Light,Moderate,0.0,0.6666666666666666,1.0,654,0.8766756032171582,5940.0,3.1799709001977496e-22,0.4815013404825737,48.15,LOW
2702,2704,2025-10-18 09:00:00,2025-10-18 09:05:00,5.0,0,2,2,6,Very Light,Moderate,0.0,0.6666666666666666,1.0,654,0.8766756032171582,5945.0,3.050194561383544e-22,0.4815013404825737,48.15,LOW
2702,2704,2025-10-18 08:55:00,2025-10-18 09:00:00,5.0,0,2,2,6,Very Light,Moderate,0.0,0.6666666666666666,1.0,654,0.8766756032171582,5950.0,2.9257144654107136e-22,0.4815013404825737,48.15,LOW
2702,2704,2025-10-18 08:50:00,2025-10-18 08:55:00,5.0,0,2,2,6,Very Light,Moderate,0.0,0.6666666666666666,1.0,654,0.8766756032171582,5955.0,2.8063144697336614e-22,0.4815013404825737,48.15,LOW
2702,2704,2025-10-18 08:45:00,2025-10-18 08:50:00,5.0,0,2,2,6,Very Light,Moderate,0.0,0.6666666666666666,1.0,654,0.8766756032171582,5960.0,2.6917872527013563e-22,0.4815013404825737,48.15,LOW
2702,2704,2025-10-18 08:40:00,2025-10-18 08:45:00,5.0,0,2,2,6,Very Light,Moderate,0.0,0.6666666666666666,1.0,654,0.8766756032171582,5965.0,2.5819339535719e-22,0.4815013404825737,48.15,LOW
2702,2704,2025-10-18 08:35:00,2025-10-18 08:40:00,5.0,0,2,2,6,Very Light,Moderate,0.0,0.6666666666666666,1.0,654,0.8766756032171582,5970.0,2.4765638272182875e-22,0.4815013404825737,48.15,LOW
2702,2704,2025-10-18 08:30:00,2025-10-18 08:35:00,5.0,0,2,2,6,Very Light,Moderate,0.0,0.6666666666666666,1.0,654,0.8766756032171582,5975.0,2.3754939129256445e-22,0.4815013404825737,48.15,LOW
2702,2704,2025-10-18 08:25:00,2025-10-18 08:30:00,5.0,0,2,2,6,Very Light,Moderate,0.0,0.6666666666666666,1.0,654,0.8766756032171582,5980.0,2.2785487167052004e-22,0.4815013404825737,48.15,LOW
2702,2704,2025-10-18 08:20:00,2025-10-18 08:25:00,5.0,0,2,2,6,Very Light,Moderate,0.0,0.6666666666666666,1.0,654,0.8766756032171582,5985.0,2.18555990657319e-22,0.4815013404825737,48.15,LOW
2702,2704,2025-10-18 08:15:00,2025-10-18 08:20:00,5.0,0,2,2,6,Very Light,Moderate,0.0,0.6666666666666666,1.0,654,0.8766756032171582,5990.0,2.0963660202654417e-22,0.4815013404825737,48.15,LOW
2702,2704,2025-10-18 08:10:00,2025-10-18 08:15:00,5.0,0,2,2,6,Very Light,Moderate,0.0,0.6666666666666666,1.0,654,0.8766756032171582,5995.0,2.010812184880444e-22,0.4815013404825737,48.15,LOW
2702,2704,2025-10-18 08:05:00,2025-10-18 08:10:00,5.0,0,2,2,6,Very Light,Moderate,0.0,0.6666666666666666,1.0,654,0.8766756032171582,6000.0,1.9287498479639178e-22,0.4815013404825737,48.15,LOW
2702,2704,2025-10-18 08:00:00,2025-10-18 08:05:00,5.0,0,2,2,6,Very Light,Moderate,0.0,0.6666666666666666,1.0,654,0.8766756032171582,6005.0,1.8500365195678475e-22,0.4815013404825737,48.15,LOW
2702,2704,2025-10-18 07:55:00,2025-10-18 08:00:00,5.0,0,2,2,6,Very Light,Moderate,0.0,0.6666666666666666,1.0,654,0.8766756032171582,6010.0,1.7745355248363547e-22,0.4815013404825737,48.15,LOW
2702,2704,2025-10-18 07:50:00,2025-10-18 07:55:00,5.0,0,2,2,6,Very Light,Moderate,0.0,0.6666666666666666,1.0,654,0.8766756032171582,6015.0,1.7021157666886667e-22,0.4815013404825737,48.15,LOW
2702,2704,2025-10-18 07:45:00,2025-10-18 07:50:00,5.0,0,2,2,6,Very Light,Moderate,0.0,0.6666666666666666,1.0,654,0.8766756032171582,6020.0,1.6326514981870106e-22,0.4815013404825737,48.15,LOW
2702,2704,2025-10-18 07:35:00,2025-10-18 07:40:00,5.0,0,2,2,6,Very Light,Moderate,0.0,0.6666666666666666,1.0,654,0.8766756032171582,6030.0,1.5021118919431522e-22,0.4815013404825737,48.15,LOW
2702,2704,2025-10-18 07:30:00,2025-10-18 07:35:00,5.0,0,2,2,6,Very Light,Moderate,0.0,0.6666666666666666,1.0,654,0.8766756032171582,6035.0,1.4408098901501362e-22,0.4815013404825737,48.15,LOW
2702,2704,2025-10-19 15:25:00,2025-10-19 15:30:00,5.0,0,2,2,7,Very Light,Moderate,0.0,0.6666666666666666,1.0,654,0.8766756032171582,4120.0,1.2280690546562632e-15,0.4815013404825738,48.15,LOW
2702,2704,2025-10-19 15:20:00,2025-10-19 15:25:00,5.0,0,2,2,7,Very Light,Moderate,0.0,0.6666666666666666,1.0,654,0.8766756032171582,4125.0,1.1779508898282764e-15,0.4815013404825738,48.15,LOW
2702,2704,2025-10-19 15:15:00,2025-10-19 15:20:00,5.0,0,2,2,7,Very Light,Moderate,0.0,0.6666666666666666,1.0,654,0.8766756032171582,4130.0,1.1298780745156135e-15,0.4815013404825738,48.15,LOW
2702,2704,2025-10-17 10:25:00,2025-10-17 10:30:00,5.0,0,2,2,4,Very Light,Moderate,0.0,0.6666666666666666,1.0,654,0.8766756032171582,7300.0,3.805563890240848e-27,0.4815013404825737,48.15,LOW
2702,2704,2025-10-17 14:30:00,2025-10-17 14:35:00,5.0,0,2,2,4,Very Light,Moderate,0.0,0.6666666666666666,1.0,654,0.8766756032171582,7055.0,2.931592384032536e-26,0.4815013404825737,48.15,LOW
2702,2704,2025-10-18 07:25:00,2025-10-18 07:30:00,5.0,0,2,2,6,Very Light,Moderate,0.0,0.6666666666666666,1.0,654,0.8766756032171582,6040.0,1.3820096563305795e-22,0.4815013404825737,48.15,LOW
2702,2704,2025-10-18 07:15:00,2025-10-18 07:20:00,5.0,0,2,2,6,Very Light,Moderate,0.0,0.6666666666666666,1.0,654,0.8766756032171582,6050.0,1.2715102652707461e-22,0.4815013404825737,48.15,LOW
2702,2704,2025-10-18 07:10:00,2025-10-18 07:15:00,5.0,0,2,2,6,Very Light,Moderate,0.0,0.6666666666666666,1.0,654,0.8766756032171582,6055.0,1.2196192410537375e-22,0.4815013404825737,48.15,LOW
2702,2704,2025-10-18 07:05:00,2025-10-18 07:10:00,5.0,0,2,2,6,Very Light,Moderate,0.0,0.6666666666666666,1.0,654,0.8766756032171582,6060.0,1.1698459177061964e-22,0.4815013404825737,48.15,LOW
2702,2704,2025-10-18 07:00:00,2025-10-18 07:05:00,5.0,0,2,2,6,Very Light,Moderate,0.0,0.6666666666666666,1.0,654,0.8766756032171582,6065.0,1.122103870705951e-22,0.4815013404825737,48.15,LOW
2702,2704,2025-10-18 06:55:00,2025-10-18 07:00:00,5.0,0,2,2,6,Very Light,Moderate,0.0,0.6666666666666666,1.0,654,0.8766756032171582,6070.0,1.0763102025624984e-22,0.4815013404825737,48.15,LOW
2702,2704,2025-10-18 06:50:00,2025-10-18 06:55:00,5.0,0,2,2,6,Very Light,Moderate,0.0,0.6666666666666666,1.0,654,0.8766756032171582,6075.0,1.0323853988769519e-22,0.4815013404825737,48.15,LOW
2702,2704,2025-10-18 06:45:00,2025-10-18 06:50:00,5.0,0,2,2,6,Very Light,Moderate,0.0,0.6666666666666666,1.0,654,0.8766756032171582,6080.0,9.902531902761869e-23,0.4815013404825737,48.15,LOW
2702,2704,2025-10-18 06:40:00,2025-10-18 06:45:00,5.0,0,2,2,6,Very Light,Moderate,0.0,0.6666666666666666,1.0,654,0.8766756032171582,6085.0,9.498404199816033e-23,0.4815013404825737,48.15,LOW
2702,2704,2025-10-18 06:35:00,2025-10-18 06:40:00,5.0,0,2,2,6,Very Light,Moderate,0.0,0.6666666666666666,1.0,654,0.8766756032171582,6090.0,9.110769167824721e-23,0.4815013404825737,48.15,LOW
2702,2704,2025-10-18 06:30:00,2025-10-18 06:35:00,5.0,0,2,2,6,Very Light,Moderate,0.0,0.6666666666666666,1.0,654,0.8766756032171582,6095.0,8.73895373193249e-23,0.4815013404825737,48.15,LOW
2702,2704,2025-10-18 05:50:00,2025-10-18 05:55:00,5.0,0,2,2,6,Very Light,Moderate,0.0,0.6666666666666666,1.0,654,0.8766756032171582,6135.0,6.261733970585278e-23,0.4815013404825737,48.15,LOW
2702,2704,2025-10-18 05:30:00,2025-10-18 05:35:00,5.0,0,2,2,6,Very Light,Moderate,0.0,0.6666666666666666,1.0,654,0.8766756032171582,6155.0,5.300443372227193e-23,0.4815013404825737,48.15,LOW
2702,2704,2025-10-17 07:40:00,2025-10-17 07:45:00,5.0,0,2,2,4,Very Light,Moderate,0.0,0.6666666666666666,1.0,654,0.8766756032171582,7465.0,9.621972358176346e-28,0.4815013404825737,48.15,LOW
2702,2704,2025-10-19 08:35:00,2025-10-19 08:40:00,5.0,0,2,2,7,Very Light,Moderate,0.0,0.6666666666666666,1.0,654,0.8766756032171582,4530.0,4.0307262913476244e-17,0.4815013404825737,48.15,LOW
2702,2704,2025-10-17 10:35:00,2025-10-17 10:40:00,5.0,0,2,2,4,Very Light,Moderate,0.0,0.6666666666666666,1.0,654,0.8766756032171582,7290.0,4.136282803014549e-27,0.4815013404825737,48.15,LOW
2702,2704,2025-10-17 14:20:00,2025-10-17 14:25:00,5.0,0,2,2,4,Very Light,Moderate,0.0,0.6666666666666666,1.0,654,0.8766756032171582,7065.0,2.6971951988989904e-26,0.4815013404825737,48.15,LOW
2702,2704,2025-10-17 14:15:00,2025-10-17 14:20:00,5.0,0,2,2,4,Very Light,Moderate,0.0,0.6666666666666666,1.0,654,0.8766756032171582,7070.0,2.5871211985493024e-26,0.4815013404825737,48.15,LOW
2702,2704,2025-10-17 14:10:00,2025-10-17 14:15:00,5.0,0,2,2,4,Very Light,Moderate,0.0,0.6666666666666666,1.0,654,0.8766756032171582,7075.0,2.4815393779120368e-26,0.4815013404825737,48.15,LOW
2702,2704,2025-10-17 14:05:00,2025-10-17 14:10:00,5.0,0,2,2,4,Very Light,Moderate,0.0,0.6666666666666666,1.0,654,0.8766756032171582,7080.0,2.3802664086944007e-26,0.4815013404825737,48.15,LOW
2702,2704,2025-10-19 16:45:00,2025-10-19 16:50:00,5.0,0,2,2,7,Very Light,Moderate,0.0,0.6666666666666666,1.0,654,0.8766756032171582,4040.0,2.3919519025198503e-15,0.4815013404825739,48.15,LOW
2702,2704,2025-10-19 16:40:00,2025-10-19 16:45:00,5.0,0,2,2,7,Very Light,Moderate,0.0,0.6666666666666666,1.0,654,0.8766756032171582,4045.0,2.2943350468091746e-15,0.4815013404825739,48.15,LOW
2702,2704,2025-10-19 16:35:00,2025-10-19 16:40:00,5.0,0,2,2,7,Very Light,Moderate,0.0,0.6666666666666666,1.0,654,0.8766756032171582,4050.0,2.2007019879753665e-15,0.4815013404825739,48.15,LOW
2702,2704,2025-10-19 16:30:00,2025-10-19 16:35:00,5.0,0,2,2,7,Very Light,Moderate,0.0,0.6666666666666666,1.0,654,0.8766756032171582,4055.0,2.1108901451050982e-15,0.4815013404825739,48.15,LOW
2702,2704,2025-10-19 16:25:00,2025-10-19 16:30:00,5.0,0,2,2,7,Very Light,Moderate,0.0,0.6666666666666666,1.0,654,0.8766756032171582,4060.0,2.0247435723003795e-15,0.4815013404825739,48.15,LOW
2702,2704,2025-10-19 16:20:00,2025-10-19 16:25:00,5.0,0,2,2,7,Very Light,Moderate,0.0,0.6666666666666666,1.0,654,0.8766756032171582,4065.0,1.9421126879000225e-15,0.48150134048257387,48.15,LOW
2702,2704,2025-10-19 16:15:00,2025-10-19 16:20:00,5.0,0,2,2,7,Very Light,Moderate,0.0,0.6666666666666666,1.0,654,0.8766756032171582,4070.0,1.8628540147515963e-15,0.48150134048257387,48.15,LOW
2702,2704,2025-10-19 16:10:00,2025-10-19 16:15:00,5.0,0,2,2,7,Very Light,Moderate,0.0,0.6666666666666666,1.0,654,0.8766756032171582,4075.0,1.7868299310831536e-15,0.48150134048257387,48.15,LOW
2702,2704,2025-10-19 16:05:00,2025-10-19 16:10:00,5.0,0,2,2,7,Very Light,Moderate,0.0,0.6666666666666666,1.0,654,0.8766756032171582,4080.0,1.713908431542013e-15,0.48150134048257387,48.15,LOW
2702,2704,2025-10-19 16:00:00,2025-10-19 16:05:00,5.0,0,2,2,7,Very Light,Moderate,0.0,0.6666666666666666,1.0,654,0.8766756032171582,4085.0,1.6439628979855619e-15,0.48150134048257387,48.15,LOW
2702,2704,2025-10-19 15:55:00,2025-10-19 16:00:00,5.0,0,2,2,7,Very Light,Moderate,0.0,0.6666666666666666,1.0,654,0.8766756032171582,4090.0,1.5768718796263292e-15,0.48150134048257387,48.15,LOW
2702,2704,2025-10-19 15:50:00,2025-10-19 15:55:00,5.0,0,2,2,7,Very Light,Moderate,0.0,0.6666666666666666,1.0,654,0.8766756032171582,4095.0,1.5125188821494485e-15,0.48150134048257387,48.15,LOW
2702,2704,2025-10-19 15:45:00,2025-10-19 15:50:00,5.0,0,2,2,7,Very Light,Moderate,0.0,0.6666666666666666,1.0,654,0.8766756032171582,4100.0,1.4507921654362535e-15,0.48150134048257387,48.15,LOW
2702,2704,2025-10-19 15:40:00,2025-10-19 15:45:00,5.0,0,2,2,7,Very Light,Moderate,0.0,0.6666666666666666,1.0,654,0.8766756032171582,4105.0,1.3915845495429845e-15,0.48150134048257387,48.15,LOW
2702,2704,2025-10-19 15:35:00,2025-10-19 15:40:00,5.0,0,2,2,7,Very Light,Moderate,0.0,0.6666666666666666,1.0,654,0.8766756032171582,4110.0,1.334793228597603e-15,0.4815013404825738,48.15,LOW
2702,2704,2025-10-19 15:30:00,2025-10-19 15:35:00,5.0,0,2,2,7,Very Light,Moderate,0.0,0.6666666666666666,1.0,654,0.8766756032171582,4115.0,1.2803195922914916e-15,0.4815013404825738,48.15,LOW
2702,2704,2025-10-20 07:35:00,2025-10-20 07:40:00,5.0,0,2,2,8,Very Light,Moderate,0.0,0.6666666666666666,1.0,654,0.8766756032171582,3150.0,3.97896253583724e-12,0.4815013404829716,48.15,LOW
2702,2704,2025-10-20 07:30:00,2025-10-20 07:35:00,5.0,0,2,2,8,Very Light,Moderate,0.0,0.6666666666666666,1.0,654,0.8766756032171582,3155.0,3.816578914607318e-12,0.48150134048295534,48.15,LOW
2702,2704,2025-10-20 07:25:00,2025-10-20 07:30:00,5.0,0,2,2,8,Very Light,Moderate,0.0,0.6666666666666666,1.0,654,0.8766756032171582,3160.0,3.660822257116386e-12,0.4815013404829398,48.15,LOW
2702,2704,2025-10-17 14:00:00,2025-10-17 14:05:00,5.0,0,2,2,4,Very Light,Moderate,0.0,0.6666666666666666,1.0,654,0.8766756032171582,7085.0,2.2831264443307057e-26,0.4815013404825737,48.15,LOW
2702,2704,2025-10-17 13:55:00,2025-10-17 14:00:00,5.0,0,2,2,4,Very Light,Moderate,0.0,0.6666666666666666,1.0,654,0.8766756032171582,7090.0,2.189950814649076e-26,0.4815013404825737,48.15,LOW
2702,2704,2025-10-20 09:55:00,2025-10-20 10:00:00,5.0,1,2,1,8,Light,Moderate,0.3333333333333333,0.3333333333333333,1.0,654,0.8766756032171582,3010.0,1.2777525183645739e-11,0.48150134048385146,48.15,LOW
2702,2704,2025-10-20 07:50:00,2025-10-20 07:55:00,5.0,0,2,2,8,Very Light,Moderate,0.0,0.6666666666666666,1.0,654,0.8766756032171582,3135.0,4.508755242294825e-12,0.48150134048302456,48.15,LOW
2702,2704,2025-10-20 07:45:00,2025-10-20 07:50:00,5.0,1,2,1,8,Light,Moderate,0.3333333333333333,0.3333333333333333,1.0,654,0.8766756032171582,3140.0,4.324750493094749e-12,0.4815013404830062,48.15,LOW
2702,2704,2025-10-20 07:40:00,2025-10-20 07:45:00,5.0,0,2,2,8,Very Light,Moderate,0.0,0.6666666666666666,1.0,654,0.8766756032171582,3145.0,4.14825507760404e-12,0.48150134048298854,48.15,LOW
2702,2704,2025-10-17 13:50:00,2025-10-17 13:55:00,5.0,0,2,2,4,Very Light,Moderate,0.0,0.6666666666666666,1.0,654,0.8766756032171582,7095.0,2.100577732998967e-26,0.4815013404825737,48.15,LOW
2702,2704,2025-10-17 13:40:00,2025-10-17 13:45:00,5.0,0,2,2,4,Very Light,Moderate,0.0,0.6666666666666666,1.0,654,0.8766756032171582,7105.0,1.9326248107404212e-26,0.4815013404825737,48.15,LOW
2702,2704,2025-10-17 13:35:00,2025-10-17 13:40:00,5.0,0,2,2,4,Very Light,Moderate,0.0,0.6666666666666666,1.0,654,0.8766756032171582,7110.0,1.8537533430097598e-26,0.4815013404825737,48.15,LOW
2702,2704,2025-10-17 13:20:00,2025-10-17 13:25:00,5.0,0,2,2,4,Very Light,Moderate,0.0,0.6666666666666666,1.0,654,0.8766756032171582,7125.0,1.6359315833619522e-26,0.4815013404825737,48.15,LOW
2702,2704,2025-10-17 13:10:00,2025-10-17 13:15:00,5.0,0,2,2,4,Very Light,Moderate,0.0,0.6666666666666666,1.0,654,0.8766756032171582,7135.0,1.5051297159878654e-26,0.4815013404825737,48.15,LOW
2702,2704,2025-10-19 08:50:00,2025-10-19 08:55:00,5.0,0,2,2,7,Very Light,Moderate,0.0,0.6666666666666666,1.0,654,0.8766756032171582,4515.0,4.5674112617763464e-17,0.4815013404825737,48.15,LOW
2702,2704,2025-10-19 08:45:00,2025-10-19 08:50:00,5.0,0,2,2,7,Very Light,Moderate,0.0,0.6666666666666666,1.0,654,0.8766756032171582,4520.0,4.381012728577428e-17,0.4815013404825737,48.15,LOW
2702,2704,2025-10-19 08:40:00,2025-10-19 08:45:00,5.0,0,2,2,7,Very Light,Moderate,0.0,0.6666666666666666,1.0,654,0.8766756032171582,4525.0,4.2022212207123875e-17,0.4815013404825737,48.15,LOW
2702,2704,2025-10-17 09:05:00,2025-10-17 09:10:00,5.0,0,2,2,4,Very Light,Moderate,0.0,0.6666666666666666,1.0,654,0.8766756032171582,7380.0,1.953841648821924e-27,0.4815013404825737,48.15,LOW
2702,2704,2025-10-17 05:00:00,2025-10-17 05:05:00,5.0,0,2,2,4,Very Light,Moderate,0.0,0.6666666666666666,1.0,654,0.8766756032171582,7625.0,2.5363243766439274e-28,0.4815013404825737,48.15,LOW
2702,2704,2025-10-17 04:55:00,2025-10-17 05:00:00,5.0,0,2,2,4,Very Light,Moderate,0.0,0.6666666666666666,1.0,654,0.8766756032171582,7630.0,2.4328156018857506e-28,0.4815013404825737,48.15,LOW
2702,2704,2025-10-17 04:50:00,2025-10-17 04:55:00,5.0,0,2,2,4,Very Light,Moderate,0.0,0.6666666666666666,1.0,654,0.8766756032171582,7635.0,2.33353107641944e-28,0.4815013404825737,48.15,LOW
2702,2704,2025-10-17 04:45:00,2025-10-17 04:50:00,5.0,0,2,2,4,Very Light,Moderate,0.0,0.6666666666666666,1.0,654,0.8766756032171582,7640.0,2.238298406338071e-28,0.4815013404825737,48.15,LOW
2702,2704,2025-10-17 04:40:00,2025-10-17 04:45:00,5.0,0,2,2,4,Very Light,Moderate,0.0,0.6666666666666666,1.0,654,0.8766756032171582,7645.0,2.146952233223653e-28,0.4815013404825737,48.15,LOW
2702,2704,2025-10-19 08:30:00,2025-10-19 08:35:00,5.0,0,2,2,7,Very Light,Moderate,0.0,0.6666666666666666,1.0,654,0.8766756032171582,4535.0,3.866230163153267e-17,0.4815013404825737,48.15,LOW
2702,2704,2025-10-19 08:25:00,2025-10-19 08:30:00,5.0,0,2,2,7,Very Light,Moderate,0.0,0.6666666666666666,1.0,654,0.8766756032171582,4540.0,3.70844721125394e-17,0.4815013404825737,48.15,LOW
2702,2704,2025-10-17 15:05:00,2025-10-17 15:10:00,5.0,0,2,2,4,Very Light,Moderate,0.0,0.6666666666666666,1.0,654,0.8766756032171582,7020.0,3.924395857947463e-26,0.4815013404825737,48.15,LOW
2702,2704,2025-10-17 15:00:00,2025-10-17 15:05:00,5.0,0,2,2,4,Very Light,Moderate,0.0,0.6666666666666666,1.0,654,0.8766756032171582,7025.0,3.7642391324659865e-26,0.4815013404825737,48.15,LOW
2702,2704,2025-10-17 14:55:00,2025-10-17 15:00:00,5.0,0,2,2,4,Very Light,Moderate,0.0,0.6666666666666666,1.0,654,0.8766756032171582,7030.0,3.6106184898990054e-26,0.4815013404825737,48.15,LOW
2702,2704,2025-10-17 14:50:00,2025-10-17 14:55:00,5.0,0,2,2,4,Very Light,Moderate,0.0,0.6666666666666666,1.0,654,0.8766756032171582,7035.0,3.463267189154452e-26,0.4815013404825737,48.15,LOW
2702,2704,2025-10-17 14:45:00,2025-10-17 14:50:00,5.0,0,2,2,4,Very Light,Moderate,0.0,0.6666666666666666,1.0,654,0.8766756032171582,7040.0,3.321929374988957e-26,0.4815013404825737,48.15,LOW
2702,2704,2025-10-17 14:40:00,2025-10-17 14:45:00,5.0,0,2,2,4,Very Light,Moderate,0.0,0.6666666666666666,1.0,654,0.8766756032171582,7045.0,3.186359633750542e-26,0.4815013404825737,48.15,LOW
2702,2704,2025-10-17 14:35:00,2025-10-17 14:40:00,5.0,0,2,2,4,Very Light,Moderate,0.0,0.6666666666666666,1.0,654,0.8766756032171582,7050.0,3.056322567251662e-26,0.4815013404825737,48.15,LOW
2702,2704,2025-10-17 07:30:00,2025-10-17 07:35:00,5.0,0,2,2,4,Very Light,Moderate,0.0,0.6666666666666666,1.0,654,0.8766756032171582,7475.0,8.852641925857926e-28,0.4815013404825737,48.15,LOW
2702,2704,2025-10-17 07:25:00,2025-10-17 07:30:00,5.0,0,2,2,4,Very Light,Moderate,0.0,0.6666666666666666,1.0,654,0.8766756032171582,7480.0,8.49136080284522e-28,0.4815013404825737,48.15,LOW
2702,2704,2025-10-17 07:20:00,2025-10-17 07:25:00,5.0,0,2,2,4,Very Light,Moderate,0.0,0.6666666666666666,1.0,654,0.8766756032171582,7485.0,8.144823758598941e-28,0.4815013404825737,48.15,LOW
2702,2704,2025-10-17 07:15:00,2025-10-17 07:20:00,5.0,0,2,2,4,Very Light,Moderate,0.0,0.6666666666666666,1.0,654,0.8766756032171582,7490.0,7.812429079260148e-28,0.4815013404825737,48.15,LOW
2702,2704,2025-10-17 07:10:00,2025-10-17 07:15:00,5.0,0,2,2,4,Very Light,Moderate,0.0,0.6666666666666666,1.0,654,0.8766756032171582,7495.0,7.49359960723915e-28,0.4815013404825737,48.15,LOW
2702,2704,2025-10-17 07:05:00,2025-10-17 07:10:00,5.0,0,2,2,4,Very Light,Moderate,0.0,0.6666666666666666,1.0,654,0.8766756032171582,7500.0,7.187781739060989e-28,0.4815013404825737,48.15,LOW
2702,2704,2025-10-17 07:00:00,2025-10-17 07:05:00,5.0,0,2,2,4,Very Light,Moderate,0.0,0.6666666666666666,1.0,654,0.8766756032171582,7505.0,6.894444464108903e-28,0.4815013404825737,48.15,LOW
2702,2704,2025-10-17 06:55:00,2025-10-17 07:00:00,5.0,0,2,2,4,Very Light,Moderate,0.0,0.6666666666666666,1.0,654,0.8766756032171582,7510.0,6.613078442597691e-28,0.4815013404825737,48.15,LOW
2702,2704,2025-10-17 06:50:00,2025-10-17 06:55:00,5.0,0,2,2,4,Very Light,Moderate,0.0,0.6666666666666666,1.0,654,0.8766756032171582,7515.0,6.343195121175439e-28,0.4815013404825737,48.15,LOW
2702,2704,2025-10-17 06:45:00,2025-10-17 06:50:00,5.0,0,2,2,4,Very Light,Moderate,0.0,0.6666666666666666,1.0,654,0.8766756032171582,7520.0,6.0843258846176175e-28,0.4815013404825737,48.15,LOW
2702,2704,2025-10-17 06:40:00,2025-10-17 06:45:00,5.0,0,2,2,4,Very Light,Moderate,0.0,0.6666666666666666,1.0,654,0.8766756032171582,7525.0,5.836021242141422e-28,0.4815013404825737,48.15,LOW
2702,2704,2025-10-17 06:35:00,2025-10-17 06:40:00,5.0,0,2,2,4,Very Light,Moderate,0.0,0.6666666666666666,1.0,654,0.8766756032171582,7530.0,5.597850046927042e-28,0.4815013404825737,48.15,LOW
2702,2704,2025-10-17 06:30:00,2025-10-17 06:35:00,5.0,0,2,2,4,Very Light,Moderate,0.0,0.6666666666666666,1.0,654,0.8766756032171582,7535.0,5.3693987474903265e-28,0.4815013404825737,48.15,LOW
2702,2704,2025-10-17 06:25:00,2025-10-17 06:30:00,5.0,0,2,2,4,Very Light,Moderate,0.0,0.6666666666666666,1.0,654,0.8766756032171582,7540.0,5.150270669607708e-28,0.4815013404825737,48.15,LOW
2702,2704,2025-10-17 08:55:00,2025-10-17 09:00:00,5.0,0,2,2,4,Very Light,Moderate,0.0,0.6666666666666666,1.0,654,0.8766756032171582,7390.0,1.7976210960687545e-27,0.4815013404825737,48.15,LOW
2702,2704,2025-10-17 08:50:00,2025-10-17 08:55:00,5.0,0,2,2,4,Very Light,Moderate,0.0,0.6666666666666666,1.0,654,0.8766756032171582,7395.0,1.7242592032261266e-27,0.4815013404825737,48.15,LOW
2702,2704,2025-10-17 08:40:00,2025-10-17 08:45:00,5.0,0,2,2,4,Very Light,Moderate,0.0,0.6666666666666666,1.0,654,0.8766756032171582,7405.0,1.5863950493014013e-27,0.4815013404825737,48.15,LOW
2702,2704,2025-10-17 08:35:00,2025-10-17 08:40:00,5.0,0,2,2,4,Very Light,Moderate,0.0,0.6666666666666666,1.0,654,0.8766756032171582,7410.0,1.5216534061000393e-27,0.4815013404825737,48.15,LOW
2702,2704,2025-10-17 08:30:00,2025-10-17 08:35:00,5.0,0,2,2,4,Very Light,Moderate,0.0,0.6666666666666666,1.0,654,0.8766756032171582,7415.0,1.459553904505371e-27,0.4815013404825737,48.15,LOW
2702,2704,2025-10-17 08:25:00,2025-10-17 08:30:00,5.0,0,2,2,4,Very Light,Moderate,0.0,0.6666666666666666,1.0,654,0.8766756032171582,7420.0,1.3999887172840233e-27,0.4815013404825737,48.15,LOW
2702,2704,2025-10-17 08:20:00,2025-10-17 08:25:00,5.0,0,2,2,4,Very Light,Moderate,0.0,0.6666666666666666,1.0,654,0.8766756032171582,7425.0,1.342854417690584e-27,0.4815013404825737,48.15,LOW
2702,2704,2025-10-17 08:15:00,2025-10-17 08:20:00,5.0,0,2,2,4,Very Light,Moderate,0.0,0.6666666666666666,1.0,654,0.8766756032171582,7430.0,1.2880517998812424e-27,0.4815013404825737,48.15,LOW
2702,2704,2025-10-17 08:10:00,2025-10-17 08:15:00,5.0,0,2,2,4,Very Light,Moderate,0.0,0.6666666666666666,1.0,654,0.8766756032171582,7435.0,1.2354857066565314e-27,0.4815013404825737,48.15,LOW
2702,2704,2025-10-17 08:05:00,2025-10-17 08:10:00,5.0,0,2,2,4,Very Light,Moderate,0.0,0.6666666666666666,1.0,654,0.8766756032171582,7440.0,1.185064864233981e-27,0.4815013404825737,48.15,LOW
2702,2704,2025-10-17 08:00:00,2025-10-17 08:05:00,5.0,0,2,2,4,Very Light,Moderate,0.0,0.6666666666666666,1.0,654,0.8766756032171582,7445.0,1.1367017237637095e-27,0.4815013404825737,48.15,LOW
2702,2704,2025-10-17 07:55:00,2025-10-17 08:00:00,5.0,0,2,2,4,Very Light,Moderate,0.0,0.6666666666666666,1.0,654,0.8766756032171582,7450.0,1.090312309311929e-27,0.4815013404825737,48.15,LOW
2702,2704,2025-10-17 07:50:00,2025-10-17 07:55:00,5.0,0,2,2,4,Very Light,Moderate,0.0,0.6666666666666666,1.0,654,0.8766756032171582,7455.0,1.0458160720483223e-27,0.4815013404825737,48.15,LOW
2702,2704,2025-10-17 07:45:00,2025-10-17 07:50:00,5.0,0,2,2,4,Very Light,Moderate,0.0,0.6666666666666666,1.0,654,0.8766756032171582,7460.0,1.003135750384044e-27,0.4815013404825737,48.15,LOW
2702,2704,2025-10-17 09:00:00,2025-10-17 09:05:00,5.0,0,2,2,4,Very Light,Moderate,0.0,0.6666666666666666,1.0,654,0.8766756032171582,7385.0,1.8741043104107293e-27,0.4815013404825737,48.15,LOW
2702,2704,2025-10-17 07:35:00,2025-10-17 07:40:00,5.0,0,2,2,4,Very Light,Moderate,0.0,0.6666666666666666,1.0,654,0.8766756032171582,7470.0,9.229294442558325e-28,0.4815013404825737,48.15,LOW
2702,2704,2025-10-17 10:15:00,2025-10-17 10:20:00,5.0,0,2,2,4,Very Light,Moderate,0.0,0.6666666666666666,1.0,654,0.8766756032171582,7310.0,3.5012878017311475e-27,0.4815013404825737,48.15,LOW
2702,2704,2025-10-17 10:10:00,2025-10-17 10:15:00,5.0,0,2,2,4,Very Light,Moderate,0.0,0.6666666666666666,1.0,654,0.8766756032171582,7315.0,3.3583983457253316e-27,0.4815013404825737,48.15,LOW
2702,2704,2025-10-17 10:05:00,2025-10-17 10:10:00,5.0,0,2,2,4,Very Light,Moderate,0.0,0.6666666666666666,1.0,654,0.8766756032171582,7320.0,3.221340285992516e-27,0.4815013404825737,48.15,LOW
2702,2704,2025-10-17 10:00:00,2025-10-17 10:05:00,5.0,0,2,2,4,Very Light,Moderate,0.0,0.6666666666666666,1.0,654,0.8766756032171582,7325.0,3.0898756400849647e-27,0.4815013404825737,48.15,LOW
2702,2704,2025-10-17 09:55:00,2025-10-17 10:00:00,5.0,0,2,2,4,Very Light,Moderate,0.0,0.6666666666666666,1.0,654,0.8766756032171582,7330.0,2.9637761377478342e-27,0.4815013404825737,48.15,LOW
2702,2704,2025-10-17 09:50:00,2025-10-17 09:55:00,5.0,0,2,2,4,Very Light,Moderate,0.0,0.6666666666666666,1.0,654,0.8766756032171582,7335.0,2.8428228245593702e-27,0.4815013404825737,48.15,LOW
2702,2704,2025-10-17 09:45:00,2025-10-17 09:50:00,5.0,0,2,2,4,Very Light,Moderate,0.0,0.6666666666666666,1.0,654,0.8766756032171582,7340.0,2.7268056817465756e-27,0.4815013404825737,48.15,LOW
2702,2704,2025-10-17 09:40:00,2025-10-17 09:45:00,5.0,0,2,2,4,Very Light,Moderate,0.0,0.6666666666666666,1.0,654,0.8766756032171582,7345.0,2.615523261516599e-27,0.4815013404825737,48.15,LOW
2702,2704,2025-10-17 09:35:00,2025-10-17 09:40:00,5.0,0,2,2,4,Very Light,Moderate,0.0,0.6666666666666666,1.0,654,0.8766756032171582,7350.0,2.508782337270435e-27,0.4815013404825737,48.15,LOW
2702,2704,2025-10-17 09:30:00,2025-10-17 09:35:00,5.0,0,2,2,4,Very Light,Moderate,0.0,0.6666666666666666,1.0,654,0.8766756032171582,7355.0,2.406397568091429e-27,0.4815013404825737,48.15,LOW
2702,2704,2025-10-17 09:25:00,2025-10-17 09:30:00,5.0,0,2,2,4,Very Light,Moderate,0.0,0.6666666666666666,1.0,654,0.8766756032171582,7360.0,2.3081911769263572e-27,0.4815013404825737,48.15,LOW
2702,2704,2025-10-17 09:20:00,2025-10-17 09:25:00,5.0,0,2,2,4,Very Light,Moderate,0.0,0.6666666666666666,1.0,654,0.8766756032171582,7365.0,2.2139926419001003e-27,0.4815013404825737,48.15,LOW
2702,2704,2025-10-17 09:15:00,2025-10-17 09:20:00,5.0,0,2,2,4,Very Light,Moderate,0.0,0.6666666666666666,1.0,654,0.8766756032171582,7370.0,2.123638400227789e-27,0.4815013404825737,48.15,LOW
2702,2704,2025-10-17 12:45:00,2025-10-17 12:50:00,5.0,0,2,2,4,Very Light,Moderate,0.0,0.6666666666666666,1.0,654,0.8766756032171582,7160.0,1.2220695220819363e-26,0.4815013404825737,48.15,LOW
2702,2704,2025-10-17 14:25:00,2025-10-17 14:30:00,5.0,0,2,2,4,Very Light,Moderate,0.0,0.6666666666666666,1.0,654,0.8766756032171582,7060.0,2.811952507305439e-26,0.4815013404825737,48.15,LOW
2702,2704,2025-10-17 12:35:00,2025-10-17 12:40:00,5.0,0,2,2,4,Very Light,Moderate,0.0,0.6666666666666666,1.0,654,0.8766756032171582,7170.0,1.1243582380802092e-26,0.4815013404825737,48.15,LOW
2702,2704,2025-10-17 12:20:00,2025-10-17 12:25:00,5.0,0,2,2,4,Very Light,Moderate,0.0,0.6666666666666666,1.0,654,0.8766756032171582,7185.0,9.922426625012578e-27,0.4815013404825737,48.15,LOW
2702,2704,2025-10-17 12:00:00,2025-10-17 12:05:00,5.0,0,2,2,4,Very Light,Moderate,0.0,0.6666666666666666,1.0,654,0.8766756032171582,7205.0,8.39915280464122e-27,0.4815013404825737,48.15,LOW
2702,2704,2025-10-17 11:55:00,2025-10-17 12:00:00,5.0,0,2,2,4,Very Light,Moderate,0.0,0.6666666666666666,1.0,654,0.8766756032171582,7210.0,8.05637881886047e-27,0.4815013404825737,48.15,LOW
2702,2704,2025-10-17 11:50:00,2025-10-17 11:55:00,5.0,0,2,2,4,Very Light,Moderate,0.0,0.6666666666666666,1.0,654,0.8766756032171582,7215.0,7.727593625528352e-27,0.4815013404825737,48.15,LOW
2702,2704,2025-10-17 11:20:00,2025-10-17 11:25:00,5.0,0,2,2,4,Very Light,Moderate,0.0,0.6666666666666666,1.0,654,0.8766756032171582,7245.0,6.0182559668190775e-27,0.4815013404825737,48.15,LOW
2702,2704,2025-10-17 11:15:00,2025-10-17 11:20:00,5.0,0,2,2,4,Very Light,Moderate,0.0,0.6666666666666666,1.0,654,0.8766756032171582,7250.0,5.772647673557036e-27,0.4815013404825737,48.15,LOW
2702,2704,2025-10-17 11:05:00,2025-10-17 11:10:00,5.0,0,2,2,4,Very Light,Moderate,0.0,0.6666666666666666,1.0,654,0.8766756032171582,7260.0,5.311092249679095e-27,0.4815013404825737,48.15,LOW
2702,2704,2025-10-17 11:00:00,2025-10-17 11:05:00,5.0,0,2,2,4,Very Light,Moderate,0.0,0.6666666666666666,1.0,654,0.8766756032171582,7265.0,5.094343691626255e-27,0.4815013404825737,48.15,LOW
2702,2704,2025-10-17 10:55:00,2025-10-17 11:00:00,5.0,0,2,2,4,Very Light,Moderate,0.0,0.6666666666666666,1.0,654,0.8766756032171582,7270.0,4.886440759898327e-27,0.4815013404825737,48.15,LOW
2702,2704,2025-10-17 10:45:00,2025-10-17 10:50:00,5.0,0,2,2,4,Very Light,Moderate,0.0,0.6666666666666666,1.0,654,0.8766756032171582,7280.0,4.495742528561543e-27,0.4815013404825737,48.15,LOW
2702,2704,2025-10-17 10:40:00,2025-10-17 10:45:00,5.0,0,2,2,4,Very Light,Moderate,0.0,0.6666666666666666,1.0,654,0.8766756032171582,7285.0,4.3122688352733904e-27,0.4815013404825737,48.15,LOW
2702,2704,2025-10-17 13:05:00,2025-10-17 13:10:00,5.0,0,2,2,4,Very Light,Moderate,0.0,0.6666666666666666,1.0,654,0.8766756032171582,7140.0,1.4437045551572354e-26,0.4815013404825737,48.15,LOW
2702,2704,2025-10-17 13:00:00,2025-10-17 13:05:00,5.0,0,2,2,4,Very Light,Moderate,0.0,0.6666666666666666,1.0,654,0.8766756032171582,7145.0,1.384786188487262e-26,0.4815013404825737,48.15,LOW
2702,2704,2025-10-17 10:30:00,2025-10-17 10:35:00,5.0,0,2,2,4,Very Light,Moderate,0.0,0.6666666666666666,1.0,654,0.8766756032171582,7295.0,3.967478856273399e-27,0.4815013404825737,48.15,LOW
2701,2704,2025-10-17 18:20:00,2025-10-17 19:10:00,50.0,0,3,3,5,Very Light,Severe,0.0,1.0,0.18181818181818177,746,1.0,6825.0,1.9929726634431052e-25,0.4772727272727273,47.73,LOW
2701,2704,2025-10-19 16:10:00,2025-10-19 17:00:00,50.0,2,3,1,7,Moderate,Severe,0.6666666666666666,0.3333333333333333,0.18181818181818177,746,1.0,4075.0,1.7868299310831536e-15,0.47727272727272746,47.73,LOW
2701,2704,2025-10-17 15:35:00,2025-10-17 16:25:00,50.0,0,3,3,4,Very Light,Severe,0.0,1.0,0.18181818181818177,746,1.0,6990.0,5.0390240267486375e-26,0.4772727272727273,47.73,LOW
2701,2704,2025-10-20 15:10:00,2025-10-20 16:00:00,50.0,2,3,1,8,Moderate,Severe,0.6666666666666666,0.3333333333333333,0.18181818181818177,746,1.0,2695.0,1.7638829431197818e-10,0.4772727272903661,47.73,LOW
2701,2704,2025-10-16 20:00:00,2025-10-16 20:50:00,50.0,0,3,3,3,Very Light,Severe,0.0,1.0,0.18181818181818177,746,1.0,8165.0,2.8176018719996764e-30,0.4772727272727273,47.73,LOW
2702,2704,2025-10-20 15:15:00,2025-10-20 16:00:00,45.0,2,3,1,8,Moderate,Severe,0.6666666666666666,0.3333333333333333,0.2727272727272727,654,0.8766756032171582,2690.0,1.8389307034669378e-10,0.4724104314100539,47.24,LOW
2702,2704,2025-10-16 20:05:00,2025-10-16 20:50:00,45.0,0,3,3,3,Very Light,Severe,0.0,1.0,0.2727272727272727,654,0.8766756032171582,8160.0,2.9374821117108028e-30,0.4724104313916646,47.24,LOW
2702,2704,2025-10-17 15:40:00,2025-10-17 16:25:00,45.0,0,3,3,4,Very Light,Severe,0.0,1.0,0.2727272727272727,654,0.8766756032171582,6985.0,5.253418904264788e-26,0.4724104313916646,47.24,LOW
2702,2704,2025-10-17 18:25:00,2025-10-17 19:10:00,45.0,0,3,3,5,Very Light,Severe,0.0,1.0,0.2727272727272727,654,0.8766756032171582,6820.0,2.077767482400859e-25,0.4724104313916646,47.24,LOW
2701,2704,2025-10-22 11:25:00,2025-10-22 11:30:00,5.0,0,1,1,11,Very Light,Light,0.0,0.3333333333333333,1.0,746,1.0,40.0,0.7165313105737893,0.47165313105737894,47.17,LOW
2701,2704,2025-10-22 11:20:00,2025-10-22 11:25:00,5.0,0,1,1,11,Very Light,Light,0.0,0.3333333333333333,1.0,746,1.0,45.0,0.6872892787909722,0.46872892787909726,46.87,LOW
2706,2704,2025-10-17 18:35:00,2025-10-17 19:10:00,35.0,0,3,3,5,Very Light,Severe,0.0,1.0,0.4545454545454546,496,0.6648793565683646,6810.0,2.2583338905850276e-25,0.46791372166707285,46.79,LOW
2706,2704,2025-10-18 16:25:00,2025-10-18 17:00:00,35.0,2,3,1,6,Moderate,Severe,0.6666666666666666,0.3333333333333333,0.4545454545454546,496,0.6648793565683646,5500.0,1.244045446924988e-20,0.46791372166707285,46.79,LOW
2706,2704,2025-10-17 15:50:00,2025-10-17 16:25:00,35.0,0,3,3,4,Very Light,Severe,0.0,1.0,0.4545454545454546,496,0.6648793565683646,6975.0,5.709962280876788e-26,0.46791372166707285,46.79,LOW
2702,2704,2025-10-17 06:20:00,2025-10-17 06:30:00,10.0,0,2,2,4,Very Light,Moderate,0.0,0.6666666666666666,0.9090909090909091,654,0.8766756032171582,7545.0,4.940085327546147e-28,0.46786497684621003,46.79,LOW
2702,2704,2025-10-17 10:50:00,2025-10-17 11:00:00,10.0,0,2,2,4,Very Light,Moderate,0.0,0.6666666666666666,0.9090909090909091,654,0.8766756032171582,7275.0,4.687022459682852e-27,0.46786497684621003,46.79,LOW
2702,2704,2025-10-17 09:10:00,2025-10-17 09:20:00,10.0,0,2,2,4,Very Light,Moderate,0.0,0.6666666666666666,0.9090909090909091,654,0.8766756032171582,7375.0,2.0369715642106022e-27,0.46786497684621003,46.79,LOW
2706,2704,2025-10-20 15:25:00,2025-10-20 16:00:00,35.0,2,3,1,8,Moderate,Severe,0.6666666666666666,0.3333333333333333,0.4545454545454546,496,0.6648793565683646,2680.0,1.9987412283871416e-10,0.46791372168706025,46.79,LOW
2706,2704,2025-10-19 16:25:00,2025-10-19 17:00:00,35.0,2,3,1,7,Moderate,Severe,0.6666666666666666,0.3333333333333333,0.4545454545454546,496,0.6648793565683646,4060.0,2.0247435723003795e-15,0.46791372166707307,46.79,LOW
2702,2704,2025-10-18 07:20:00,2025-10-18 07:30:00,10.0,0,2,2,6,Very Light,Moderate,0.0,0.6666666666666666,0.9090909090909091,654,0.8766756032171582,6045.0,1.3256090919753184e-22,0.46786497684621003,46.79,LOW
2701,2704,2025-10-22 11:15:00,2025-10-22 11:20:00,5.0,0,1,1,11,Very Light,Light,0.0,0.3333333333333333,1.0,746,1.0,50.0,0.6592406302004438,0.4659240630200444,46.59,LOW
2701,2704,2025-10-17 15:30:00,2025-10-17 16:25:00,55.0,0,3,3,4,Very Light,Severe,0.0,1.0,0.09090909090909094,746,1.0,6995.0,4.8333787205769405e-26,0.4636363636363636,46.36,LOW
2701,2704,2025-10-16 19:55:00,2025-10-16 20:50:00,55.0,0,3,3,3,Very Light,Severe,0.0,1.0,0.09090909090909094,746,1.0,8170.0,2.702614009953087e-30,0.4636363636363636,46.36,LOW
2701,2704,2025-10-19 16:05:00,2025-10-19 17:00:00,55.0,2,3,1,7,Moderate,Severe,0.6666666666666666,0.3333333333333333,0.09090909090909094,746,1.0,4080.0,1.713908431542013e-15,0.4636363636363638,46.36,LOW
2701,2704,2025-10-17 18:15:00,2025-10-17 19:10:00,55.0,0,3,3,5,Very Light,Severe,0.0,1.0,0.09090909090909094,746,1.0,6830.0,1.9116383670813498e-25,0.4636363636363636,46.36,LOW
2701,2704,2025-10-20 15:05:00,2025-10-20 16:00:00,55.0,2,3,1,8,Moderate,Severe,0.6666666666666666,0.3333333333333333,0.09090909090909094,746,1.0,2700.0,1.6918979226151304e-10,0.4636363636532826,46.36,LOW
2701,2704,2025-10-22 11:10:00,2025-10-22 11:15:00,5.0,0,1,1,11,Very Light,Light,0.0,0.3333333333333333,1.0,746,1.0,55.0,0.6323366621862497,0.463233666218625,46.32,LOW
2702,2704,2025-10-17 18:20:00,2025-10-17 19:10:00,50.0,0,3,3,5,Very Light,Severe,0.0,1.0,0.18181818181818177,654,0.8766756032171582,6825.0,1.9929726634431052e-25,0.458774067755301,45.88,LOW
2702,2704,2025-10-17 15:35:00,2025-10-17 16:25:00,50.0,0,3,3,4,Very Light,Severe,0.0,1.0,0.18181818181818177,654,0.8766756032171582,6990.0,5.0390240267486375e-26,0.458774067755301,45.88,LOW
2702,2704,2025-10-20 15:10:00,2025-10-20 16:00:00,50.0,2,3,1,8,Moderate,Severe,0.6666666666666666,0.3333333333333333,0.18181818181818177,654,0.8766756032171582,2695.0,1.7638829431197818e-10,0.45877406777293983,45.88,LOW
2701,2704,2025-10-22 11:00:00,2025-10-22 11:05:00,5.0,0,1,1,11,Very Light,Light,0.0,0.3333333333333333,1.0,746,1.0,65.0,0.5817778142098083,0.45817778142098087,45.82,LOW
2706,2704,2025-10-19 16:20:00,2025-10-19 17:00:00,40.0,2,3,1,7,Moderate,Severe,0.6666666666666666,0.3333333333333333,0.36363636363636365,496,0.6648793565683646,4065.0,1.9421126879000225e-15,0.4542773580307094,45.43,LOW
2706,2704,2025-10-17 18:30:00,2025-10-17 19:10:00,40.0,0,3,3,5,Very Light,Severe,0.0,1.0,0.36363636363636365,496,0.6648793565683646,6815.0,2.1661700584814256e-25,0.45427735803070923,45.43,LOW
2706,2704,2025-10-17 15:45:00,2025-10-17 16:25:00,40.0,0,3,3,4,Very Light,Severe,0.0,1.0,0.36363636363636365,496,0.6648793565683646,6980.0,5.476935620307876e-26,0.45427735803070923,45.43,LOW
2706,2704,2025-10-20 15:20:00,2025-10-20 16:00:00,40.0,2,3,1,8,Moderate,Severe,0.6666666666666666,0.3333333333333333,0.36363636363636365,496,0.6648793565683646,2685.0,1.917171513758312e-10,0.45427735804988095,45.43,LOW
2702,2704,2025-10-22 11:25:00,2025-10-22 11:30:00,5.0,0,1,1,11,Very Light,Light,0.0,0.3333333333333333,1.0,654,0.8766756032171582,40.0,0.7165313105737893,0.45315447153995264,45.32,LOW
2701,2704,2025-10-22 10:45:00,2025-10-22 10:50:00,5.0,0,1,1,11,Very Light,Light,0.0,0.3333333333333333,1.0,746,1.0,80.0,0.513417119032592,0.4513417119032592,45.13,LOW
2702,2704,2025-10-22 11:20:00,2025-10-22 11:25:00,5.0,0,1,1,11,Very Light,Light,0.0,0.3333333333333333,1.0,654,0.8766756032171582,45.0,0.6872892787909722,0.45023026836167096,45.02,LOW
2701,2704,2025-10-19 16:00:00,2025-10-19 17:00:00,60.0,2,3,1,7,Moderate,Severe,0.6666666666666666,0.3333333333333333,0.0,746,1.0,4085.0,1.6439628979855619e-15,0.4500000000000001,45.0,LOW
2701,2704,2025-10-17 18:10:00,2025-10-17 19:10:00,60.0,0,3,3,5,Very Light,Severe,0.0,1.0,0.0,746,1.0,6835.0,1.8336233675097506e-25,0.44999999999999996,45.0,LOW
2701,2704,2025-10-16 19:50:00,2025-10-16 20:50:00,60.0,0,3,3,3,Very Light,Severe,0.0,1.0,0.0,746,1.0,8175.0,2.5923188649824402e-30,0.44999999999999996,45.0,LOW
2701,2704,2025-10-20 15:00:00,2025-10-20 16:00:00,60.0,2,3,1,8,Moderate,Severe,0.6666666666666666,0.3333333333333333,0.0,746,1.0,2705.0,1.6228506498772837e-10,0.4500000000162285,45.0,LOW
2701,2704,2025-10-17 15:25:00,2025-10-17 16:25:00,60.0,0,3,3,4,Very Light,Severe,0.0,1.0,0.0,746,1.0,7000.0,4.636125910993035e-26,0.44999999999999996,45.0,LOW
2706,2704,2025-10-17 09:25:00,2025-10-17 09:30:00,5.0,0,2,2,4,Very Light,Moderate,0.0,0.6666666666666666,1.0,496,0.6648793565683646,7360.0,2.3081911769263572e-27,0.44973190348525466,44.97,LOW
2706,2704,2025-10-17 09:00:00,2025-10-17 09:05:00,5.0,0,2,2,4,Very Light,Moderate,0.0,0.6666666666666666,1.0,496,0.6648793565683646,7385.0,1.8741043104107293e-27,0.44973190348525466,44.97,LOW
2706,2704,2025-10-17 10:20:00,2025-10-17 10:25:00,5.0,0,2,2,4,Very Light,Moderate,0.0,0.6666666666666666,1.0,496,0.6648793565683646,7305.0,3.650256761874267e-27,0.44973190348525466,44.97,LOW
2706,2704,2025-10-17 10:15:00,2025-10-17 10:20:00,5.0,0,2,2,4,Very Light,Moderate,0.0,0.6666666666666666,1.0,496,0.6648793565683646,7310.0,3.5012878017311475e-27,0.44973190348525466,44.97,LOW
2706,2704,2025-10-17 10:10:00,2025-10-17 10:15:00,5.0,0,2,2,4,Very Light,Moderate,0.0,0.6666666666666666,1.0,496,0.6648793565683646,7315.0,3.3583983457253316e-27,0.44973190348525466,44.97,LOW
2706,2704,2025-10-17 10:05:00,2025-10-17 10:10:00,5.0,0,2,2,4,Very Light,Moderate,0.0,0.6666666666666666,1.0,496,0.6648793565683646,7320.0,3.221340285992516e-27,0.44973190348525466,44.97,LOW
2706,2704,2025-10-17 09:40:00,2025-10-17 09:45:00,5.0,0,2,2,4,Very Light,Moderate,0.0,0.6666666666666666,1.0,496,0.6648793565683646,7345.0,2.615523261516599e-27,0.44973190348525466,44.97,LOW
2706,2704,2025-10-17 09:35:00,2025-10-17 09:40:00,5.0,0,2,2,4,Very Light,Moderate,0.0,0.6666666666666666,1.0,496,0.6648793565683646,7350.0,2.508782337270435e-27,0.44973190348525466,44.97,LOW
2706,2704,2025-10-17 09:45:00,2025-10-17 09:50:00,5.0,0,2,2,4,Very Light,Moderate,0.0,0.6666666666666666,1.0,496,0.6648793565683646,7340.0,2.7268056817465756e-27,0.44973190348525466,44.97,LOW
2706,2704,2025-10-17 09:50:00,2025-10-17 09:55:00,5.0,0,2,2,4,Very Light,Moderate,0.0,0.6666666666666666,1.0,496,0.6648793565683646,7335.0,2.8428228245593702e-27,0.44973190348525466,44.97,LOW
2706,2704,2025-10-17 09:55:00,2025-10-17 10:00:00,5.0,0,2,2,4,Very Light,Moderate,0.0,0.6666666666666666,1.0,496,0.6648793565683646,7330.0,2.9637761377478342e-27,0.44973190348525466,44.97,LOW
2706,2704,2025-10-17 10:00:00,2025-10-17 10:05:00,5.0,0,2,2,4,Very Light,Moderate,0.0,0.6666666666666666,1.0,496,0.6648793565683646,7325.0,3.0898756400849647e-27,0.44973190348525466,44.97,LOW
2706,2704,2025-10-20 15:00:00,2025-10-20 15:05:00,5.0,0,2,2,8,Very Light,Moderate,0.0,0.6666666666666666,1.0,496,0.6648793565683646,2705.0,1.6228506498772837e-10,0.4497319035014832,44.97,LOW
2706,2704,2025-10-20 13:20:00,2025-10-20 13:25:00,5.0,0,2,2,8,Very Light,Moderate,0.0,0.6666666666666666,1.0,496,0.6648793565683646,2805.0,7.05287985111216e-11,0.4497319034923075,44.97,LOW
2706,2704,2025-10-20 10:15:00,2025-10-20 10:20:00,5.0,1,2,1,8,Light,Moderate,0.3333333333333333,0.3333333333333333,1.0,496,0.6648793565683646,2990.0,1.5094862426352884e-11,0.4497319034867641,44.97,LOW
2706,2704,2025-10-20 10:10:00,2025-10-20 10:15:00,5.0,1,2,1,8,Light,Moderate,0.3333333333333333,0.3333333333333333,1.0,496,0.6648793565683646,2995.0,1.4478832895870585e-11,0.44973190348670256,44.97,LOW
2706,2704,2025-10-20 14:00:00,2025-10-20 14:05:00,5.0,0,2,2,8,Very Light,Moderate,0.0,0.6666666666666666,1.0,496,0.6648793565683646,2765.0,9.843086752851447e-11,0.44973190349509773,44.97,LOW
2706,2704,2025-10-20 07:50:00,2025-10-20 07:55:00,5.0,1,2,1,8,Light,Moderate,0.3333333333333333,0.3333333333333333,1.0,496,0.6648793565683646,3135.0,4.508755242294825e-12,0.4497319034857055,44.97,LOW
2706,2704,2025-10-20 07:00:00,2025-10-20 07:05:00,5.0,0,2,2,8,Very Light,Moderate,0.0,0.6666666666666666,1.0,496,0.6648793565683646,3185.0,2.9723546473499914e-12,0.4497319034855519,44.97,LOW
2706,2704,2025-10-20 06:50:00,2025-10-20 06:55:00,5.0,0,2,2,8,Very Light,Moderate,0.0,0.6666666666666666,1.0,496,0.6648793565683646,3195.0,2.7346982915918745e-12,0.4497319034855281,44.97,LOW
2706,2704,2025-10-20 06:55:00,2025-10-20 07:00:00,5.0,0,2,2,8,Very Light,Moderate,0.0,0.6666666666666666,1.0,496,0.6648793565683646,3190.0,2.851051240527469e-12,0.44973190348553976,44.97,LOW
2706,2704,2025-10-20 06:45:00,2025-10-20 06:50:00,5.0,0,2,2,8,Very Light,Moderate,0.0,0.6666666666666666,1.0,496,0.6648793565683646,3200.0,2.6230937696692948e-12,0.44973190348551695,44.97,LOW
2706,2704,2025-10-17 09:20:00,2025-10-17 09:25:00,5.0,0,2,2,4,Very Light,Moderate,0.0,0.6666666666666666,1.0,496,0.6648793565683646,7365.0,2.2139926419001003e-27,0.44973190348525466,44.97,LOW
2706,2704,2025-10-17 09:15:00,2025-10-17 09:20:00,5.0,0,2,2,4,Very Light,Moderate,0.0,0.6666666666666666,1.0,496,0.6648793565683646,7370.0,2.123638400227789e-27,0.44973190348525466,44.97,LOW
2706,2704,2025-10-17 09:30:00,2025-10-17 09:35:00,5.0,0,2,2,4,Very Light,Moderate,0.0,0.6666666666666666,1.0,496,0.6648793565683646,7355.0,2.406397568091429e-27,0.44973190348525466,44.97,LOW
2706,2704,2025-10-20 15:05:00,2025-10-20 15:10:00,5.0,0,2,2,8,Very Light,Moderate,0.0,0.6666666666666666,1.0,496,0.6648793565683646,2700.0,1.6918979226151304e-10,0.4497319035021736,44.97,LOW
2706,2704,2025-10-17 07:35:00,2025-10-17 07:40:00,5.0,0,2,2,4,Very Light,Moderate,0.0,0.6666666666666666,1.0,496,0.6648793565683646,7470.0,9.229294442558325e-28,0.44973190348525466,44.97,LOW
2706,2704,2025-10-17 07:45:00,2025-10-17 07:50:00,5.0,0,2,2,4,Very Light,Moderate,0.0,0.6666666666666666,1.0,496,0.6648793565683646,7460.0,1.003135750384044e-27,0.44973190348525466,44.97,LOW
2706,2704,2025-10-17 07:40:00,2025-10-17 07:45:00,5.0,0,2,2,4,Very Light,Moderate,0.0,0.6666666666666666,1.0,496,0.6648793565683646,7465.0,9.621972358176346e-28,0.44973190348525466,44.97,LOW
2706,2704,2025-10-17 07:50:00,2025-10-17 07:55:00,5.0,0,2,2,4,Very Light,Moderate,0.0,0.6666666666666666,1.0,496,0.6648793565683646,7455.0,1.0458160720483223e-27,0.44973190348525466,44.97,LOW
2706,2704,2025-10-17 07:55:00,2025-10-17 08:00:00,5.0,0,2,2,4,Very Light,Moderate,0.0,0.6666666666666666,1.0,496,0.6648793565683646,7450.0,1.090312309311929e-27,0.44973190348525466,44.97,LOW
2706,2704,2025-10-22 12:05:00,2025-10-22 12:10:00,5.0,0,1,1,11,Very Light,Light,0.0,0.3333333333333333,1.0,496,0.6648793565683646,0.0,1.0,0.4497319034852547,44.97,LOW
2706,2704,2025-10-18 12:25:00,2025-10-18 12:30:00,5.0,0,2,2,6,Very Light,Moderate,0.0,0.6666666666666666,1.0,496,0.6648793565683646,5740.0,1.6836324291881168e-21,0.44973190348525466,44.97,LOW
2706,2704,2025-10-18 11:35:00,2025-10-18 11:40:00,5.0,0,2,2,6,Very Light,Moderate,0.0,0.6666666666666666,1.0,496,0.6648793565683646,5790.0,1.1099189036438807e-21,0.44973190348525466,44.97,LOW
2706,2704,2025-10-18 11:30:00,2025-10-18 11:35:00,5.0,0,2,2,6,Very Light,Moderate,0.0,0.6666666666666666,1.0,496,0.6648793565683646,5795.0,1.0646225106213463e-21,0.44973190348525466,44.97,LOW
2706,2704,2025-10-18 12:20:00,2025-10-18 12:25:00,5.0,0,2,2,6,Very Light,Moderate,0.0,0.6666666666666666,1.0,496,0.6648793565683646,5745.0,1.614922475724293e-21,0.44973190348525466,44.97,LOW
2706,2704,2025-10-18 12:15:00,2025-10-18 12:20:00,5.0,0,2,2,6,Very Light,Moderate,0.0,0.6666666666666666,1.0,496,0.6648793565683646,5750.0,1.5490166127633337e-21,0.44973190348525466,44.97,LOW
2706,2704,2025-10-18 11:55:00,2025-10-18 12:00:00,5.0,0,2,2,6,Very Light,Moderate,0.0,0.6666666666666666,1.0,496,0.6648793565683646,5770.0,1.311214254256117e-21,0.44973190348525466,44.97,LOW
2706,2704,2025-10-18 11:50:00,2025-10-18 11:55:00,5.0,0,2,2,6,Very Light,Moderate,0.0,0.6666666666666666,1.0,496,0.6648793565683646,5775.0,1.2577028886936914e-21,0.44973190348525466,44.97,LOW
2706,2704,2025-10-18 12:10:00,2025-10-18 12:15:00,5.0,0,2,2,6,Very Light,Moderate,0.0,0.6666666666666666,1.0,496,0.6648793565683646,5755.0,1.4858004038494912e-21,0.44973190348525466,44.97,LOW
2706,2704,2025-10-18 12:05:00,2025-10-18 12:10:00,5.0,0,2,2,6,Very Light,Moderate,0.0,0.6666666666666666,1.0,496,0.6648793565683646,5760.0,1.4251640827409352e-21,0.44973190348525466,44.97,LOW
2706,2704,2025-10-17 08:45:00,2025-10-17 08:50:00,5.0,0,2,2,4,Very Light,Moderate,0.0,0.6666666666666666,1.0,496,0.6648793565683646,7400.0,1.6538912490579074e-27,0.44973190348525466,44.97,LOW
2706,2704,2025-10-17 08:50:00,2025-10-17 08:55:00,5.0,0,2,2,4,Very Light,Moderate,0.0,0.6666666666666666,1.0,496,0.6648793565683646,7395.0,1.7242592032261266e-27,0.44973190348525466,44.97,LOW
2706,2704,2025-10-17 08:40:00,2025-10-17 08:45:00,5.0,0,2,2,4,Very Light,Moderate,0.0,0.6666666666666666,1.0,496,0.6648793565683646,7405.0,1.5863950493014013e-27,0.44973190348525466,44.97,LOW
2706,2704,2025-10-17 08:35:00,2025-10-17 08:40:00,5.0,0,2,2,4,Very Light,Moderate,0.0,0.6666666666666666,1.0,496,0.6648793565683646,7410.0,1.5216534061000393e-27,0.44973190348525466,44.97,LOW
2706,2704,2025-10-17 08:15:00,2025-10-17 08:20:00,5.0,0,2,2,4,Very Light,Moderate,0.0,0.6666666666666666,1.0,496,0.6648793565683646,7430.0,1.2880517998812424e-27,0.44973190348525466,44.97,LOW
2706,2704,2025-10-17 08:10:00,2025-10-17 08:15:00,5.0,0,2,2,4,Very Light,Moderate,0.0,0.6666666666666666,1.0,496,0.6648793565683646,7435.0,1.2354857066565314e-27,0.44973190348525466,44.97,LOW
2706,2704,2025-10-17 08:25:00,2025-10-17 08:30:00,5.0,0,2,2,4,Very Light,Moderate,0.0,0.6666666666666666,1.0,496,0.6648793565683646,7420.0,1.3999887172840233e-27,0.44973190348525466,44.97,LOW
2706,2704,2025-10-17 08:20:00,2025-10-17 08:25:00,5.0,0,2,2,4,Very Light,Moderate,0.0,0.6666666666666666,1.0,496,0.6648793565683646,7425.0,1.342854417690584e-27,0.44973190348525466,44.97,LOW
2706,2704,2025-10-17 08:00:00,2025-10-17 08:05:00,5.0,0,2,2,4,Very Light,Moderate,0.0,0.6666666666666666,1.0,496,0.6648793565683646,7445.0,1.1367017237637095e-27,0.44973190348525466,44.97,LOW
2706,2704,2025-10-17 08:05:00,2025-10-17 08:10:00,5.0,0,2,2,4,Very Light,Moderate,0.0,0.6666666666666666,1.0,496,0.6648793565683646,7440.0,1.185064864233981e-27,0.44973190348525466,44.97,LOW
2706,2704,2025-10-18 11:25:00,2025-10-18 11:30:00,5.0,0,2,2,6,Very Light,Moderate,0.0,0.6666666666666666,1.0,496,0.6648793565683646,5800.0,1.021174687989052e-21,0.44973190348525466,44.97,LOW
2706,2704,2025-10-18 11:20:00,2025-10-18 11:25:00,5.0,0,2,2,6,Very Light,Moderate,0.0,0.6666666666666666,1.0,496,0.6648793565683646,5805.0,9.794999945858148e-22,0.44973190348525466,44.97,LOW
2706,2704,2025-10-18 11:15:00,2025-10-18 11:20:00,5.0,0,2,2,6,Very Light,Moderate,0.0,0.6666666666666666,1.0,496,0.6648793565683646,5810.0,9.395260680451737e-22,0.44973190348525466,44.97,LOW
2706,2704,2025-10-17 08:55:00,2025-10-17 09:00:00,5.0,0,2,2,4,Very Light,Moderate,0.0,0.6666666666666666,1.0,496,0.6648793565683646,7390.0,1.7976210960687545e-27,0.44973190348525466,44.97,LOW
2706,2704,2025-10-18 11:45:00,2025-10-18 11:50:00,5.0,0,2,2,6,Very Light,Moderate,0.0,0.6666666666666666,1.0,496,0.6648793565683646,5780.0,1.2063753510106995e-21,0.44973190348525466,44.97,LOW
2706,2704,2025-10-18 11:40:00,2025-10-18 11:45:00,5.0,0,2,2,6,Very Light,Moderate,0.0,0.6666666666666666,1.0,496,0.6648793565683646,5785.0,1.1571425180057933e-21,0.44973190348525466,44.97,LOW
2706,2704,2025-10-19 16:00:00,2025-10-19 16:05:00,5.0,0,2,2,7,Very Light,Moderate,0.0,0.6666666666666666,1.0,496,0.6648793565683646,4085.0,1.6439628979855619e-15,0.4497319034852548,44.97,LOW
2706,2704,2025-10-18 16:05:00,2025-10-18 16:10:00,5.0,0,2,2,6,Very Light,Moderate,0.0,0.6666666666666666,1.0,496,0.6648793565683646,5520.0,1.0530617357553812e-20,0.44973190348525466,44.97,LOW
2706,2704,2025-10-18 16:10:00,2025-10-18 16:15:00,5.0,0,2,2,6,Very Light,Moderate,0.0,0.6666666666666666,1.0,496,0.6648793565683646,5515.0,1.0978662535857706e-20,0.44973190348525466,44.97,LOW
2706,2704,2025-10-18 16:20:00,2025-10-18 16:25:00,5.0,0,2,2,6,Very Light,Moderate,0.0,0.6666666666666666,1.0,496,0.6648793565683646,5505.0,1.1932752768550773e-20,0.44973190348525466,44.97,LOW
2706,2704,2025-10-18 16:35:00,2025-10-18 16:40:00,5.0,0,2,2,6,Very Light,Moderate,0.0,0.6666666666666666,1.0,496,0.6648793565683646,5490.0,1.3521580340512197e-20,0.44973190348525466,44.97,LOW
2706,2704,2025-10-18 16:30:00,2025-10-18 16:35:00,5.0,0,2,2,6,Very Light,Moderate,0.0,0.6666666666666666,1.0,496,0.6648793565683646,5495.0,1.2969757306073521e-20,0.44973190348525466,44.97,LOW
2706,2704,2025-10-20 07:05:00,2025-10-20 07:10:00,5.0,0,2,2,8,Very Light,Moderate,0.0,0.6666666666666666,1.0,496,0.6648793565683646,3180.0,3.0988191387218256e-12,0.4497319034855645,44.97,LOW
2706,2704,2025-10-17 11:15:00,2025-10-17 11:20:00,5.0,0,2,2,4,Very Light,Moderate,0.0,0.6666666666666666,1.0,496,0.6648793565683646,7250.0,5.772647673557036e-27,0.44973190348525466,44.97,LOW
2706,2704,2025-10-20 07:25:00,2025-10-20 07:30:00,5.0,0,2,2,8,Very Light,Moderate,0.0,0.6666666666666666,1.0,496,0.6648793565683646,3160.0,3.660822257116386e-12,0.44973190348562075,44.97,LOW
2706,2704,2025-10-20 07:30:00,2025-10-20 07:35:00,5.0,0,2,2,8,Very Light,Moderate,0.0,0.6666666666666666,1.0,496,0.6648793565683646,3155.0,3.816578914607318e-12,0.4497319034856363,44.97,LOW
2706,2704,2025-10-20 07:10:00,2025-10-20 07:15:00,5.0,0,2,2,8,Very Light,Moderate,0.0,0.6666666666666666,1.0,496,0.6648793565683646,3175.0,3.2306643028179575e-12,0.44973190348557773,44.97,LOW
2706,2704,2025-10-20 07:20:00,2025-10-20 07:25:00,5.0,0,2,2,8,Very Light,Moderate,0.0,0.6666666666666666,1.0,496,0.6648793565683646,3165.0,3.5114221133765118e-12,0.4497319034856058,44.97,LOW
2706,2704,2025-10-20 07:35:00,2025-10-20 07:40:00,5.0,0,2,2,8,Very Light,Moderate,0.0,0.6666666666666666,1.0,496,0.6648793565683646,3150.0,3.97896253583724e-12,0.44973190348565256,44.97,LOW
2706,2704,2025-10-18 16:40:00,2025-10-18 16:45:00,5.0,0,2,2,6,Very Light,Moderate,0.0,0.6666666666666666,1.0,496,0.6648793565683646,5485.0,1.4096881737278786e-20,0.44973190348525466,44.97,LOW
2706,2704,2025-10-20 07:45:00,2025-10-20 07:50:00,5.0,0,2,2,8,Very Light,Moderate,0.0,0.6666666666666666,1.0,496,0.6648793565683646,3140.0,4.324750493094749e-12,0.44973190348568715,44.97,LOW
2706,2704,2025-10-20 07:40:00,2025-10-20 07:45:00,5.0,0,2,2,8,Very Light,Moderate,0.0,0.6666666666666666,1.0,496,0.6648793565683646,3145.0,4.14825507760404e-12,0.4497319034856695,44.97,LOW
2706,2704,2025-10-19 13:20:00,2025-10-19 13:25:00,5.0,0,2,2,7,Very Light,Moderate,0.0,0.6666666666666666,1.0,496,0.6648793565683646,4245.0,4.3334391507742955e-16,0.4497319034852547,44.97,LOW
2706,2704,2025-10-17 10:25:00,2025-10-17 10:30:00,5.0,0,2,2,4,Very Light,Moderate,0.0,0.6666666666666666,1.0,496,0.6648793565683646,7300.0,3.805563890240848e-27,0.44973190348525466,44.97,LOW
2706,2704,2025-10-17 10:30:00,2025-10-17 10:35:00,5.0,0,2,2,4,Very Light,Moderate,0.0,0.6666666666666666,1.0,496,0.6648793565683646,7295.0,3.967478856273399e-27,0.44973190348525466,44.97,LOW
2706,2704,2025-10-18 16:45:00,2025-10-18 16:50:00,5.0,0,2,2,6,Very Light,Moderate,0.0,0.6666666666666666,1.0,496,0.6648793565683646,5480.0,1.469666042802938e-20,0.44973190348525466,44.97,LOW
2706,2704,2025-10-18 16:50:00,2025-10-18 16:55:00,5.0,0,2,2,6,Very Light,Moderate,0.0,0.6666666666666666,1.0,496,0.6648793565683646,5475.0,1.5321957845870205e-20,0.44973190348525466,44.97,LOW
2706,2704,2025-10-19 11:00:00,2025-10-19 11:05:00,5.0,0,2,2,7,Very Light,Moderate,0.0,0.6666666666666666,1.0,496,0.6648793565683646,4385.0,1.3494469221888552e-16,0.44973190348525466,44.97,LOW
2706,2704,2025-10-19 11:05:00,2025-10-19 11:10:00,5.0,0,2,2,7,Very Light,Moderate,0.0,0.6666666666666666,1.0,496,0.6648793565683646,4380.0,1.4068617124461467e-16,0.44973190348525466,44.97,LOW
2706,2704,2025-10-19 13:10:00,2025-10-19 13:15:00,5.0,0,2,2,7,Very Light,Moderate,0.0,0.6666666666666666,1.0,496,0.6648793565683646,4255.0,3.986956486805919e-16,0.4497319034852547,44.97,LOW
2706,2704,2025-10-17 10:40:00,2025-10-17 10:45:00,5.0,0,2,2,4,Very Light,Moderate,0.0,0.6666666666666666,1.0,496,0.6648793565683646,7285.0,4.3122688352733904e-27,0.44973190348525466,44.97,LOW
2706,2704,2025-10-17 10:45:00,2025-10-17 10:50:00,5.0,0,2,2,4,Very Light,Moderate,0.0,0.6666666666666666,1.0,496,0.6648793565683646,7280.0,4.495742528561543e-27,0.44973190348525466,44.97,LOW
2706,2704,2025-10-17 10:55:00,2025-10-17 11:00:00,5.0,0,2,2,4,Very Light,Moderate,0.0,0.6666666666666666,1.0,496,0.6648793565683646,7270.0,4.886440759898327e-27,0.44973190348525466,44.97,LOW
2706,2704,2025-10-17 10:35:00,2025-10-17 10:40:00,5.0,0,2,2,4,Very Light,Moderate,0.0,0.6666666666666666,1.0,496,0.6648793565683646,7290.0,4.136282803014549e-27,0.44973190348525466,44.97,LOW
2706,2704,2025-10-17 11:00:00,2025-10-17 11:05:00,5.0,0,2,2,4,Very Light,Moderate,0.0,0.6666666666666666,1.0,496,0.6648793565683646,7265.0,5.094343691626255e-27,0.44973190348525466,44.97,LOW
2706,2704,2025-10-20 06:40:00,2025-10-20 06:45:00,5.0,0,2,2,8,Very Light,Moderate,0.0,0.6666666666666666,1.0,496,0.6648793565683646,3205.0,2.5160438888754597e-12,0.4497319034855063,44.97,LOW
2706,2704,2025-10-20 06:35:00,2025-10-20 06:40:00,5.0,0,2,2,8,Very Light,Moderate,0.0,0.6666666666666666,1.0,496,0.6648793565683646,3210.0,2.413362771833214e-12,0.449731903485496,44.97,LOW
2706,2704,2025-10-17 11:05:00,2025-10-17 11:10:00,5.0,0,2,2,4,Very Light,Moderate,0.0,0.6666666666666666,1.0,496,0.6648793565683646,7260.0,5.311092249679095e-27,0.44973190348525466,44.97,LOW
2706,2704,2025-10-17 09:05:00,2025-10-17 09:10:00,5.0,0,2,2,4,Very Light,Moderate,0.0,0.6666666666666666,1.0,496,0.6648793565683646,7380.0,1.953841648821924e-27,0.44973190348525466,44.97,LOW
2706,2704,2025-10-18 15:20:00,2025-10-18 15:25:00,5.0,0,2,2,6,Very Light,Moderate,0.0,0.6666666666666666,1.0,496,0.6648793565683646,5565.0,7.237580408896853e-21,0.44973190348525466,44.97,LOW
2706,2704,2025-10-18 15:35:00,2025-10-18 15:40:00,5.0,0,2,2,6,Very Light,Moderate,0.0,0.6666666666666666,1.0,496,0.6648793565683646,5550.0,8.201253044288238e-21,0.44973190348525466,44.97,LOW
2706,2704,2025-10-18 15:45:00,2025-10-18 15:50:00,5.0,0,2,2,6,Very Light,Moderate,0.0,0.6666666666666666,1.0,496,0.6648793565683646,5540.0,8.913975144985213e-21,0.44973190348525466,44.97,LOW
2706,2704,2025-10-18 12:50:00,2025-10-18 12:55:00,5.0,0,2,2,6,Very Light,Moderate,0.0,0.6666666666666666,1.0,496,0.6648793565683646,5715.0,2.0736015048102845e-21,0.44973190348525466,44.97,LOW
2706,2704,2025-10-18 12:55:00,2025-10-18 13:00:00,5.0,0,2,2,6,Very Light,Moderate,0.0,0.6666666666666666,1.0,496,0.6648793565683646,5710.0,2.1618268314372662e-21,0.44973190348525466,44.97,LOW
2706,2704,2025-10-18 13:05:00,2025-10-18 13:10:00,5.0,0,2,2,6,Very Light,Moderate,0.0,0.6666666666666666,1.0,496,0.6648793565683646,5700.0,2.349698337452817e-21,0.44973190348525466,44.97,LOW
2706,2704,2025-10-18 13:15:00,2025-10-18 13:20:00,5.0,0,2,2,6,Very Light,Moderate,0.0,0.6666666666666666,1.0,496,0.6648793565683646,5690.0,2.553896638130772e-21,0.44973190348525466,44.97,LOW
2706,2704,2025-10-18 13:25:00,2025-10-18 13:30:00,5.0,0,2,2,6,Very Light,Moderate,0.0,0.6666666666666666,1.0,496,0.6648793565683646,5680.0,2.7758405980429754e-21,0.44973190348525466,44.97,LOW
2706,2704,2025-10-18 15:30:00,2025-10-18 15:35:00,5.0,0,2,2,6,Very Light,Moderate,0.0,0.6666666666666666,1.0,496,0.6648793565683646,5555.0,7.86655545516552e-21,0.44973190348525466,44.97,LOW
2706,2704,2025-10-19 15:00:00,2025-10-19 15:05:00,5.0,0,2,2,7,Very Light,Moderate,0.0,0.6666666666666666,1.0,496,0.6648793565683646,4145.0,9.971139010582755e-16,0.44973190348525477,44.97,LOW
2706,2704,2025-10-19 14:50:00,2025-10-19 14:55:00,5.0,0,2,2,7,Very Light,Moderate,0.0,0.6666666666666666,1.0,496,0.6648793565683646,4155.0,9.173890754179198e-16,0.44973190348525477,44.97,LOW
2706,2704,2025-10-18 14:40:00,2025-10-18 14:45:00,5.0,0,2,2,6,Very Light,Moderate,0.0,0.6666666666666666,1.0,496,0.6648793565683646,5605.0,5.185952975770031e-21,0.44973190348525466,44.97,LOW
2706,2704,2025-10-17 12:50:00,2025-10-17 12:55:00,5.0,0,2,2,4,Very Light,Moderate,0.0,0.6666666666666666,1.0,496,0.6648793565683646,7155.0,1.2740647981735315e-26,0.44973190348525466,44.97,LOW
2706,2704,2025-10-19 14:35:00,2025-10-19 14:40:00,5.0,0,2,2,7,Very Light,Moderate,0.0,0.6666666666666666,1.0,496,0.6648793565683646,4170.0,8.095930175212601e-16,0.4497319034852547,44.97,LOW
2706,2704,2025-10-19 14:05:00,2025-10-19 14:10:00,5.0,0,2,2,7,Very Light,Moderate,0.0,0.6666666666666666,1.0,496,0.6648793565683646,4200.0,6.305116760146989e-16,0.4497319034852547,44.97,LOW
2706,2704,2025-10-17 11:40:00,2025-10-17 11:45:00,5.0,0,2,2,4,Very Light,Moderate,0.0,0.6666666666666666,1.0,496,0.6648793565683646,7225.0,7.109729353692505e-27,0.44973190348525466,44.97,LOW
2706,2704,2025-10-17 11:35:00,2025-10-17 11:40:00,5.0,0,2,2,4,Very Light,Moderate,0.0,0.6666666666666666,1.0,496,0.6648793565683646,7230.0,6.819577438961235e-27,0.44973190348525466,44.97,LOW
2706,2704,2025-10-17 11:30:00,2025-10-17 11:35:00,5.0,0,2,2,4,Very Light,Moderate,0.0,0.6666666666666666,1.0,496,0.6648793565683646,7235.0,6.541266781390969e-27,0.44973190348525466,44.97,LOW
2706,2704,2025-10-17 11:20:00,2025-10-17 11:25:00,5.0,0,2,2,4,Very Light,Moderate,0.0,0.6666666666666666,1.0,496,0.6648793565683646,7245.0,6.0182559668190775e-27,0.44973190348525466,44.97,LOW
2706,2704,2025-10-18 13:40:00,2025-10-18 13:45:00,5.0,0,2,2,6,Very Light,Moderate,0.0,0.6666666666666666,1.0,496,0.6648793565683646,5665.0,3.1454394796324916e-21,0.44973190348525466,44.97,LOW
2706,2704,2025-10-18 13:35:00,2025-10-18 13:40:00,5.0,0,2,2,6,Very Light,Moderate,0.0,0.6666666666666666,1.0,496,0.6648793565683646,5670.0,3.0170723868383467e-21,0.44973190348525466,44.97,LOW
2706,2704,2025-10-17 12:45:00,2025-10-17 12:50:00,5.0,0,2,2,4,Very Light,Moderate,0.0,0.6666666666666666,1.0,496,0.6648793565683646,7160.0,1.2220695220819363e-26,0.44973190348525466,44.97,LOW
2706,2704,2025-10-17 12:30:00,2025-10-17 12:35:00,5.0,0,2,2,4,Very Light,Moderate,0.0,0.6666666666666666,1.0,496,0.6648793565683646,7175.0,1.0784725679803457e-26,0.44973190348525466,44.97,LOW
2706,2704,2025-10-17 12:25:00,2025-10-17 12:30:00,5.0,0,2,2,4,Very Light,Moderate,0.0,0.6666666666666666,1.0,496,0.6648793565683646,7180.0,1.034459516988161e-26,0.44973190348525466,44.97,LOW
2706,2704,2025-10-17 12:20:00,2025-10-17 12:25:00,5.0,0,2,2,4,Very Light,Moderate,0.0,0.6666666666666666,1.0,496,0.6648793565683646,7185.0,9.922426625012578e-27,0.44973190348525466,44.97,LOW
2706,2704,2025-10-17 12:10:00,2025-10-17 12:15:00,5.0,0,2,2,4,Very Light,Moderate,0.0,0.6666666666666666,1.0,496,0.6648793565683646,7195.0,9.129073195912086e-27,0.44973190348525466,44.97,LOW
2706,2704,2025-10-17 12:05:00,2025-10-17 12:10:00,5.0,0,2,2,4,Very Light,Moderate,0.0,0.6666666666666666,1.0,496,0.6648793565683646,7200.0,8.75651076269652e-27,0.44973190348525466,44.97,LOW
2706,2704,2025-10-17 12:00:00,2025-10-17 12:05:00,5.0,0,2,2,4,Very Light,Moderate,0.0,0.6666666666666666,1.0,496,0.6648793565683646,7205.0,8.39915280464122e-27,0.44973190348525466,44.97,LOW
2706,2704,2025-10-17 11:55:00,2025-10-17 12:00:00,5.0,0,2,2,4,Very Light,Moderate,0.0,0.6666666666666666,1.0,496,0.6648793565683646,7210.0,8.05637881886047e-27,0.44973190348525466,44.97,LOW
2706,2704,2025-10-17 11:50:00,2025-10-17 11:55:00,5.0,0,2,2,4,Very Light,Moderate,0.0,0.6666666666666666,1.0,496,0.6648793565683646,7215.0,7.727593625528352e-27,0.44973190348525466,44.97,LOW
2706,2704,2025-10-17 11:45:00,2025-10-17 11:50:00,5.0,0,2,2,4,Very Light,Moderate,0.0,0.6666666666666666,1.0,496,0.6648793565683646,7220.0,7.412226334430595e-27,0.44973190348525466,44.97,LOW
2706,2704,2025-10-18 09:40:00,2025-10-18 09:45:00,5.0,0,2,2,6,Very Light,Moderate,0.0,0.6666666666666666,1.0,496,0.6648793565683646,5905.0,4.256889428796869e-22,0.44973190348525466,44.97,LOW
2706,2704,2025-10-18 09:45:00,2025-10-18 09:50:00,5.0,0,2,2,6,Very Light,Moderate,0.0,0.6666666666666666,1.0,496,0.6648793565683646,5900.0,4.438006899728187e-22,0.44973190348525466,44.97,LOW
2706,2704,2025-10-18 09:50:00,2025-10-18 09:55:00,5.0,0,2,2,6,Very Light,Moderate,0.0,0.6666666666666666,1.0,496,0.6648793565683646,5895.0,4.626830358523438e-22,0.44973190348525466,44.97,LOW
2706,2704,2025-10-18 10:00:00,2025-10-18 10:05:00,5.0,0,2,2,6,Very Light,Moderate,0.0,0.6666666666666666,1.0,496,0.6648793565683646,5885.0,5.028920653126897e-22,0.44973190348525466,44.97,LOW
2706,2704,2025-10-18 10:05:00,2025-10-18 10:10:00,5.0,0,2,2,6,Very Light,Moderate,0.0,0.6666666666666666,1.0,496,0.6648793565683646,5880.0,5.242885663363464e-22,0.44973190348525466,44.97,LOW
2706,2704,2025-10-18 11:10:00,2025-10-18 11:15:00,5.0,0,2,2,6,Very Light,Moderate,0.0,0.6666666666666666,1.0,496,0.6648793565683646,5815.0,9.01183499148129e-22,0.44973190348525466,44.97,LOW
2706,2704,2025-10-18 11:05:00,2025-10-18 11:10:00,5.0,0,2,2,6,Very Light,Moderate,0.0,0.6666666666666666,1.0,496,0.6648793565683646,5820.0,8.644057113036095e-22,0.44973190348525466,44.97,LOW
2706,2704,2025-10-18 10:20:00,2025-10-18 10:25:00,5.0,0,2,2,6,Very Light,Moderate,0.0,0.6666666666666666,1.0,496,0.6648793565683646,5865.0,5.940967779046551e-22,0.44973190348525466,44.97,LOW
2706,2704,2025-10-18 13:45:00,2025-10-18 13:50:00,5.0,0,2,2,6,Very Light,Moderate,0.0,0.6666666666666666,1.0,496,0.6648793565683646,5660.0,3.2792681949532867e-21,0.44973190348525466,44.97,LOW
2706,2704,2025-10-18 12:45:00,2025-10-18 12:50:00,5.0,0,2,2,6,Very Light,Moderate,0.0,0.6666666666666666,1.0,496,0.6648793565683646,5720.0,1.9889767016596736e-21,0.44973190348525466,44.97,LOW
2706,2704,2025-10-18 12:40:00,2025-10-18 12:45:00,5.0,0,2,2,6,Very Light,Moderate,0.0,0.6666666666666666,1.0,496,0.6648793565683646,5725.0,1.9078054826676575e-21,0.44973190348525466,44.97,LOW
2706,2704,2025-10-18 14:15:00,2025-10-18 14:20:00,5.0,0,2,2,6,Very Light,Moderate,0.0,0.6666666666666666,1.0,496,0.6648793565683646,5630.0,4.2106637104557516e-21,0.44973190348525466,44.97,LOW
2706,2704,2025-10-18 14:10:00,2025-10-18 14:15:00,5.0,0,2,2,6,Very Light,Moderate,0.0,0.6666666666666666,1.0,496,0.6648793565683646,5635.0,4.0388242385011826e-21,0.44973190348525466,44.97,LOW
2706,2704,2025-10-18 14:05:00,2025-10-18 14:10:00,5.0,0,2,2,6,Very Light,Moderate,0.0,0.6666666666666666,1.0,496,0.6648793565683646,5640.0,3.873997628687187e-21,0.44973190348525466,44.97,LOW
2706,2704,2025-10-18 14:00:00,2025-10-18 14:05:00,5.0,0,2,2,6,Very Light,Moderate,0.0,0.6666666666666666,1.0,496,0.6648793565683646,5645.0,3.715897682302561e-21,0.44973190348525466,44.97,LOW
2706,2704,2025-10-18 13:55:00,2025-10-18 14:00:00,5.0,0,2,2,6,Very Light,Moderate,0.0,0.6666666666666666,1.0,496,0.6648793565683646,5650.0,3.564249880560881e-21,0.44973190348525466,44.97,LOW
2706,2704,2025-10-18 14:55:00,2025-10-18 15:00:00,5.0,0,2,2,6,Very Light,Moderate,0.0,0.6666666666666666,1.0,496,0.6648793565683646,5590.0,5.8764545921711155e-21,0.44973190348525466,44.97,LOW
2706,2704,2025-10-18 15:10:00,2025-10-18 15:15:00,5.0,0,2,2,6,Very Light,Moderate,0.0,0.6666666666666666,1.0,496,0.6648793565683646,5575.0,6.658895430636148e-21,0.44973190348525466,44.97,LOW
2706,2704,2025-10-18 14:50:00,2025-10-18 14:55:00,5.0,0,2,2,6,Very Light,Moderate,0.0,0.6666666666666666,1.0,496,0.6648793565683646,5595.0,5.6366332899911276e-21,0.44973190348525466,44.97,LOW
2706,2704,2025-10-18 15:15:00,2025-10-18 15:20:00,5.0,0,2,2,6,Very Light,Moderate,0.0,0.6666666666666666,1.0,496,0.6648793565683646,5570.0,6.942210823193523e-21,0.44973190348525466,44.97,LOW
2706,2704,2025-10-18 14:35:00,2025-10-18 14:40:00,5.0,0,2,2,6,Very Light,Moderate,0.0,0.6666666666666666,1.0,496,0.6648793565683646,5610.0,4.974311419422388e-21,0.44973190348525466,44.97,LOW
2706,2704,2025-10-18 14:25:00,2025-10-18 14:30:00,5.0,0,2,2,6,Very Light,Moderate,0.0,0.6666666666666666,1.0,496,0.6648793565683646,5620.0,4.576587438066418e-21,0.44973190348525466,44.97,LOW
2706,2704,2025-10-18 13:30:00,2025-10-18 13:35:00,5.0,0,2,2,6,Very Light,Moderate,0.0,0.6666666666666666,1.0,496,0.6648793565683646,5675.0,2.8939440247904524e-21,0.44973190348525466,44.97,LOW
2706,2704,2025-10-18 09:35:00,2025-10-18 09:40:00,5.0,0,2,2,6,Very Light,Moderate,0.0,0.6666666666666666,1.0,496,0.6648793565683646,5910.0,4.083163460181308e-22,0.44973190348525466,44.97,LOW
2706,2704,2025-10-17 13:15:00,2025-10-17 13:20:00,5.0,0,2,2,4,Very Light,Moderate,0.0,0.6666666666666666,1.0,496,0.6648793565683646,7130.0,1.5691683273126475e-26,0.44973190348525466,44.97,LOW
2706,2704,2025-10-17 13:10:00,2025-10-17 13:15:00,5.0,0,2,2,4,Very Light,Moderate,0.0,0.6666666666666666,1.0,496,0.6648793565683646,7135.0,1.5051297159878654e-26,0.44973190348525466,44.97,LOW
2706,2704,2025-10-17 13:00:00,2025-10-17 13:05:00,5.0,0,2,2,4,Very Light,Moderate,0.0,0.6666666666666666,1.0,496,0.6648793565683646,7145.0,1.384786188487262e-26,0.44973190348525466,44.97,LOW
2706,2704,2025-10-18 09:00:00,2025-10-18 09:05:00,5.0,0,2,2,6,Very Light,Moderate,0.0,0.6666666666666666,1.0,496,0.6648793565683646,5945.0,3.050194561383544e-22,0.44973190348525466,44.97,LOW
2706,2704,2025-10-17 13:35:00,2025-10-17 13:40:00,5.0,0,2,2,4,Very Light,Moderate,0.0,0.6666666666666666,1.0,496,0.6648793565683646,7110.0,1.8537533430097598e-26,0.44973190348525466,44.97,LOW
2706,2704,2025-10-18 09:25:00,2025-10-18 09:30:00,5.0,0,2,2,6,Very Light,Moderate,0.0,0.6666666666666666,1.0,496,0.6648793565683646,5920.0,3.756691735558344e-22,0.44973190348525466,44.97,LOW
2706,2704,2025-10-18 09:20:00,2025-10-18 09:25:00,5.0,0,2,2,6,Very Light,Moderate,0.0,0.6666666666666666,1.0,496,0.6648793565683646,5925.0,3.603379106356603e-22,0.44973190348525466,44.97,LOW
2706,2704,2025-10-18 09:15:00,2025-10-18 09:20:00,5.0,0,2,2,6,Very Light,Moderate,0.0,0.6666666666666666,1.0,496,0.6648793565683646,5930.0,3.45632324878461e-22,0.44973190348525466,44.97,LOW
2706,2704,2025-10-17 14:20:00,2025-10-17 14:25:00,5.0,0,2,2,4,Very Light,Moderate,0.0,0.6666666666666666,1.0,496,0.6648793565683646,7065.0,2.6971951988989904e-26,0.44973190348525466,44.97,LOW
2706,2704,2025-10-17 14:25:00,2025-10-17 14:30:00,5.0,0,2,2,4,Very Light,Moderate,0.0,0.6666666666666666,1.0,496,0.6648793565683646,7060.0,2.811952507305439e-26,0.44973190348525466,44.97,LOW
2706,2704,2025-10-17 14:30:00,2025-10-17 14:35:00,5.0,0,2,2,4,Very Light,Moderate,0.0,0.6666666666666666,1.0,496,0.6648793565683646,7055.0,2.931592384032536e-26,0.44973190348525466,44.97,LOW
2706,2704,2025-10-17 14:35:00,2025-10-17 14:40:00,5.0,0,2,2,4,Very Light,Moderate,0.0,0.6666666666666666,1.0,496,0.6648793565683646,7050.0,3.056322567251662e-26,0.44973190348525466,44.97,LOW
2706,2704,2025-10-17 14:40:00,2025-10-17 14:45:00,5.0,0,2,2,4,Very Light,Moderate,0.0,0.6666666666666666,1.0,496,0.6648793565683646,7045.0,3.186359633750542e-26,0.44973190348525466,44.97,LOW
2706,2704,2025-10-17 14:45:00,2025-10-17 14:50:00,5.0,0,2,2,4,Very Light,Moderate,0.0,0.6666666666666666,1.0,496,0.6648793565683646,7040.0,3.321929374988957e-26,0.44973190348525466,44.97,LOW
2706,2704,2025-10-17 14:50:00,2025-10-17 14:55:00,5.0,0,2,2,4,Very Light,Moderate,0.0,0.6666666666666666,1.0,496,0.6648793565683646,7035.0,3.463267189154452e-26,0.44973190348525466,44.97,LOW
2706,2704,2025-10-17 14:55:00,2025-10-17 15:00:00,5.0,0,2,2,4,Very Light,Moderate,0.0,0.6666666666666666,1.0,496,0.6648793565683646,7030.0,3.6106184898990054e-26,0.44973190348525466,44.97,LOW
2706,2704,2025-10-18 08:30:00,2025-10-18 08:35:00,5.0,0,2,2,6,Very Light,Moderate,0.0,0.6666666666666666,1.0,496,0.6648793565683646,5975.0,2.3754939129256445e-22,0.44973190348525466,44.97,LOW
2706,2704,2025-10-18 08:25:00,2025-10-18 08:30:00,5.0,0,2,2,6,Very Light,Moderate,0.0,0.6666666666666666,1.0,496,0.6648793565683646,5980.0,2.2785487167052004e-22,0.44973190348525466,44.97,LOW
2706,2704,2025-10-18 08:05:00,2025-10-18 08:10:00,5.0,0,2,2,6,Very Light,Moderate,0.0,0.6666666666666666,1.0,496,0.6648793565683646,6000.0,1.9287498479639178e-22,0.44973190348525466,44.97,LOW
2706,2704,2025-10-18 08:00:00,2025-10-18 08:05:00,5.0,0,2,2,6,Very Light,Moderate,0.0,0.6666666666666666,1.0,496,0.6648793565683646,6005.0,1.8500365195678475e-22,0.44973190348525466,44.97,LOW
2706,2704,2025-10-18 08:55:00,2025-10-18 09:00:00,5.0,0,2,2,6,Very Light,Moderate,0.0,0.6666666666666666,1.0,496,0.6648793565683646,5950.0,2.9257144654107136e-22,0.44973190348525466,44.97,LOW
2706,2704,2025-10-18 08:50:00,2025-10-18 08:55:00,5.0,0,2,2,6,Very Light,Moderate,0.0,0.6666666666666666,1.0,496,0.6648793565683646,5955.0,2.8063144697336614e-22,0.44973190348525466,44.97,LOW
2706,2704,2025-10-18 08:45:00,2025-10-18 08:50:00,5.0,0,2,2,6,Very Light,Moderate,0.0,0.6666666666666666,1.0,496,0.6648793565683646,5960.0,2.6917872527013563e-22,0.44973190348525466,44.97,LOW
2706,2704,2025-10-18 08:35:00,2025-10-18 08:40:00,5.0,0,2,2,6,Very Light,Moderate,0.0,0.6666666666666666,1.0,496,0.6648793565683646,5970.0,2.4765638272182875e-22,0.44973190348525466,44.97,LOW
2706,2704,2025-10-17 13:20:00,2025-10-17 13:25:00,5.0,0,2,2,4,Very Light,Moderate,0.0,0.6666666666666666,1.0,496,0.6648793565683646,7125.0,1.6359315833619522e-26,0.44973190348525466,44.97,LOW
2706,2704,2025-10-17 13:25:00,2025-10-17 13:30:00,5.0,0,2,2,4,Very Light,Moderate,0.0,0.6666666666666666,1.0,496,0.6648793565683646,7120.0,1.7055354093365615e-26,0.44973190348525466,44.97,LOW
2706,2704,2025-10-17 13:30:00,2025-10-17 13:35:00,5.0,0,2,2,4,Very Light,Moderate,0.0,0.6666666666666666,1.0,496,0.6648793565683646,7115.0,1.7781006626957858e-26,0.44973190348525466,44.97,LOW
2706,2704,2025-10-17 15:00:00,2025-10-17 15:05:00,5.0,0,2,2,4,Very Light,Moderate,0.0,0.6666666666666666,1.0,496,0.6648793565683646,7025.0,3.7642391324659865e-26,0.44973190348525466,44.97,LOW
2706,2704,2025-10-17 15:05:00,2025-10-17 15:10:00,5.0,0,2,2,4,Very Light,Moderate,0.0,0.6666666666666666,1.0,496,0.6648793565683646,7020.0,3.924395857947463e-26,0.44973190348525466,44.97,LOW
2706,2704,2025-10-17 13:50:00,2025-10-17 13:55:00,5.0,0,2,2,4,Very Light,Moderate,0.0,0.6666666666666666,1.0,496,0.6648793565683646,7095.0,2.100577732998967e-26,0.44973190348525466,44.97,LOW
2706,2704,2025-10-17 13:45:00,2025-10-17 13:50:00,5.0,0,2,2,4,Very Light,Moderate,0.0,0.6666666666666666,1.0,496,0.6648793565683646,7100.0,2.0148520153308284e-26,0.44973190348525466,44.97,LOW
2706,2704,2025-10-17 13:40:00,2025-10-17 13:45:00,5.0,0,2,2,4,Very Light,Moderate,0.0,0.6666666666666666,1.0,496,0.6648793565683646,7105.0,1.9326248107404212e-26,0.44973190348525466,44.97,LOW
2706,2704,2025-10-17 14:10:00,2025-10-17 14:15:00,5.0,0,2,2,4,Very Light,Moderate,0.0,0.6666666666666666,1.0,496,0.6648793565683646,7075.0,2.4815393779120368e-26,0.44973190348525466,44.97,LOW
2706,2704,2025-10-17 14:15:00,2025-10-17 14:20:00,5.0,0,2,2,4,Very Light,Moderate,0.0,0.6666666666666666,1.0,496,0.6648793565683646,7070.0,2.5871211985493024e-26,0.44973190348525466,44.97,LOW
2706,2704,2025-10-17 14:05:00,2025-10-17 14:10:00,5.0,0,2,2,4,Very Light,Moderate,0.0,0.6666666666666666,1.0,496,0.6648793565683646,7080.0,2.3802664086944007e-26,0.44973190348525466,44.97,LOW
2706,2704,2025-10-17 14:00:00,2025-10-17 14:05:00,5.0,0,2,2,4,Very Light,Moderate,0.0,0.6666666666666666,1.0,496,0.6648793565683646,7085.0,2.2831264443307057e-26,0.44973190348525466,44.97,LOW
2706,2704,2025-10-17 13:55:00,2025-10-17 14:00:00,5.0,0,2,2,4,Very Light,Moderate,0.0,0.6666666666666666,1.0,496,0.6648793565683646,7090.0,2.189950814649076e-26,0.44973190348525466,44.97,LOW
2706,2704,2025-10-17 07:30:00,2025-10-17 07:35:00,5.0,0,2,2,4,Very Light,Moderate,0.0,0.6666666666666666,1.0,496,0.6648793565683646,7475.0,8.852641925857926e-28,0.44973190348525466,44.97,LOW
2706,2704,2025-10-17 07:25:00,2025-10-17 07:30:00,5.0,0,2,2,4,Very Light,Moderate,0.0,0.6666666666666666,1.0,496,0.6648793565683646,7480.0,8.49136080284522e-28,0.44973190348525466,44.97,LOW
2706,2704,2025-10-17 07:15:00,2025-10-17 07:20:00,5.0,0,2,2,4,Very Light,Moderate,0.0,0.6666666666666666,1.0,496,0.6648793565683646,7490.0,7.812429079260148e-28,0.44973190348525466,44.97,LOW
2701,2704,2025-10-22 10:40:00,2025-10-22 10:45:00,5.0,0,1,1,11,Very Light,Light,0.0,0.3333333333333333,1.0,746,1.0,85.0,0.49246428767540973,0.449246428767541,44.92,LOW
2702,2704,2025-10-22 11:15:00,2025-10-22 11:20:00,5.0,0,1,1,11,Very Light,Light,0.0,0.3333333333333333,1.0,654,0.8766756032171582,50.0,0.6592406302004438,0.4474254035026181,44.74,LOW
2701,2704,2025-10-22 10:35:00,2025-10-22 10:40:00,5.0,0,1,1,11,Very Light,Light,0.0,0.3333333333333333,1.0,746,1.0,90.0,0.4723665527410147,0.4472366552741015,44.72,LOW
2706,2704,2025-10-22 12:00:00,2025-10-22 12:05:00,5.0,0,1,1,11,Very Light,Light,0.0,0.3333333333333333,1.0,496,0.6648793565683646,5.0,0.9591894571091382,0.4456508491961685,44.57,LOW
2701,2704,2025-10-22 10:30:00,2025-10-22 10:35:00,5.0,0,1,1,11,Very Light,Light,0.0,0.3333333333333333,1.0,746,1.0,95.0,0.453089017280169,0.4453089017280169,44.53,LOW
2702,2704,2025-10-20 15:05:00,2025-10-20 16:00:00,55.0,2,3,1,8,Moderate,Severe,0.6666666666666666,0.3333333333333333,0.09090909090909094,654,0.8766756032171582,2700.0,1.6918979226151304e-10,0.4451377041358563,44.51,LOW
2702,2704,2025-10-17 15:30:00,2025-10-17 16:25:00,55.0,0,3,3,4,Very Light,Severe,0.0,1.0,0.09090909090909094,654,0.8766756032171582,6995.0,4.8333787205769405e-26,0.4451377041189373,44.51,LOW
2702,2704,2025-10-17 18:15:00,2025-10-17 19:10:00,55.0,0,3,3,5,Very Light,Severe,0.0,1.0,0.09090909090909094,654,0.8766756032171582,6830.0,1.9116383670813498e-25,0.4451377041189373,44.51,LOW
2702,2704,2025-10-16 19:55:00,2025-10-16 20:50:00,55.0,0,3,3,3,Very Light,Severe,0.0,1.0,0.09090909090909094,654,0.8766756032171582,8170.0,2.702614009953087e-30,0.4451377041189373,44.51,LOW
2702,2704,2025-10-22 11:10:00,2025-10-22 11:15:00,5.0,0,1,1,11,Very Light,Light,0.0,0.3333333333333333,1.0,654,0.8766756032171582,55.0,0.6323366621862497,0.4447350067011987,44.47,LOW
2701,2704,2025-10-22 10:25:00,2025-10-22 10:30:00,5.0,0,1,1,11,Very Light,Light,0.0,0.3333333333333333,1.0,746,1.0,100.0,0.4345982085070782,0.44345982085070784,44.35,LOW
2706,2704,2025-10-22 11:55:00,2025-10-22 12:00:00,5.0,0,1,1,11,Very Light,Light,0.0,0.3333333333333333,1.0,496,0.6648793565683646,10.0,0.9200444146293233,0.44173634494818703,44.17,LOW
2701,2704,2025-10-22 10:20:00,2025-10-22 10:25:00,5.0,0,1,1,11,Very Light,Light,0.0,0.3333333333333333,1.0,746,1.0,105.0,0.4168620196785084,0.44168620196785086,44.17,LOW
2706,2704,2025-10-17 15:40:00,2025-10-17 16:25:00,45.0,0,3,3,4,Very Light,Severe,0.0,1.0,0.2727272727272727,496,0.6648793565683646,6985.0,5.253418904264788e-26,0.44064099439434556,44.06,LOW
2702,2704,2025-10-17 05:50:00,2025-10-17 06:10:00,20.0,0,2,2,4,Very Light,Moderate,0.0,0.6666666666666666,0.7272727272727273,654,0.8766756032171582,7575.0,3.847342321532497e-28,0.4405922495734828,44.06,LOW
2706,2704,2025-10-18 16:15:00,2025-10-18 17:00:00,45.0,2,3,1,6,Moderate,Severe,0.6666666666666666,0.3333333333333333,0.2727272727272727,496,0.6648793565683646,5510.0,1.1445770649883808e-20,0.44064099439434556,44.06,LOW
2706,2704,2025-10-17 18:25:00,2025-10-17 19:10:00,45.0,0,3,3,5,Very Light,Severe,0.0,1.0,0.2727272727272727,496,0.6648793565683646,6820.0,2.077767482400859e-25,0.44064099439434556,44.06,LOW
2702,2704,2025-10-17 06:10:00,2025-10-17 06:30:00,20.0,0,2,2,4,Very Light,Moderate,0.0,0.6666666666666666,0.7272727272727273,654,0.8766756032171582,7555.0,4.545097913401092e-28,0.4405922495734828,44.06,LOW
2706,2704,2025-10-20 15:15:00,2025-10-20 16:00:00,45.0,2,3,1,8,Moderate,Severe,0.6666666666666666,0.3333333333333333,0.2727272727272727,496,0.6648793565683646,2690.0,1.8389307034669378e-10,0.44064099441273485,44.06,LOW
2706,2704,2025-10-19 16:15:00,2025-10-19 17:00:00,45.0,2,3,1,7,Moderate,Severe,0.6666666666666666,0.3333333333333333,0.2727272727272727,496,0.6648793565683646,4070.0,1.8628540147515963e-15,0.44064099439434573,44.06,LOW
2701,2704,2025-10-22 10:15:00,2025-10-22 10:20:00,5.0,0,1,1,11,Very Light,Light,0.0,0.3333333333333333,1.0,746,1.0,110.0,0.39984965434484737,0.43998496543448473,44.0,LOW
2701,2704,2025-10-22 10:50:00,2025-10-22 11:00:00,10.0,0,1,1,11,Very Light,Light,0.0,0.3333333333333333,0.9090909090909091,746,1.0,75.0,0.5352614285189903,0.4398897792155354,43.99,LOW
2701,2704,2025-10-22 10:10:00,2025-10-22 10:15:00,5.0,0,1,1,11,Very Light,Light,0.0,0.3333333333333333,1.0,746,1.0,115.0,0.3835315728763107,0.4383531572876311,43.84,LOW
2706,2704,2025-10-22 11:50:00,2025-10-22 11:55:00,5.0,0,1,1,11,Very Light,Light,0.0,0.3333333333333333,1.0,496,0.6648793565683646,15.0,0.8824969025845955,0.43798159374371426,43.8,LOW
2701,2704,2025-10-22 10:05:00,2025-10-22 10:10:00,5.0,0,1,1,11,Very Light,Light,0.0,0.3333333333333333,1.0,746,1.0,120.0,0.36787944117144233,0.4367879441171443,43.68,LOW
2706,2704,2025-10-17 10:50:00,2025-10-17 11:00:00,10.0,0,2,2,4,Very Light,Moderate,0.0,0.6666666666666666,0.9090909090909091,496,0.6648793565683646,7275.0,4.687022459682852e-27,0.436095539848891,43.61,LOW
2706,2704,2025-10-17 09:10:00,2025-10-17 09:20:00,10.0,0,2,2,4,Very Light,Moderate,0.0,0.6666666666666666,0.9090909090909091,496,0.6648793565683646,7375.0,2.0369715642106022e-27,0.436095539848891,43.61,LOW
2701,2704,2025-10-22 10:00:00,2025-10-22 10:05:00,5.0,0,1,1,11,Very Light,Light,0.0,0.3333333333333333,1.0,746,1.0,125.0,0.3528660814588489,0.43528660814588493,43.53,LOW
2706,2704,2025-10-22 11:45:00,2025-10-22 11:50:00,5.0,0,1,1,11,Very Light,Light,0.0,0.3333333333333333,1.0,496,0.6648793565683646,20.0,0.8464817248906141,0.4343800759743161,43.44,LOW
2701,2704,2025-10-22 09:55:00,2025-10-22 10:00:00,5.0,0,1,1,11,Very Light,Light,0.0,0.3333333333333333,1.0,746,1.0,130.0,0.3384654251067422,0.4338465425106742,43.38,LOW
2701,2704,2025-10-22 09:50:00,2025-10-22 09:55:00,5.0,0,1,1,11,Very Light,Light,0.0,0.3333333333333333,1.0,746,1.0,135.0,0.32465246735834974,0.432465246735835,43.25,LOW
2702,2704,2025-10-17 18:10:00,2025-10-17 19:10:00,60.0,0,3,3,5,Very Light,Severe,0.0,1.0,0.0,654,0.8766756032171582,6835.0,1.8336233675097506e-25,0.4315013404825737,43.15,LOW
2702,2704,2025-10-20 15:00:00,2025-10-20 16:00:00,60.0,2,3,1,8,Moderate,Severe,0.6666666666666666,0.3333333333333333,0.0,654,0.8766756032171582,2705.0,1.6228506498772837e-10,0.43150134049880223,43.15,LOW
2702,2704,2025-10-16 19:50:00,2025-10-16 20:50:00,60.0,0,3,3,3,Very Light,Severe,0.0,1.0,0.0,654,0.8766756032171582,8175.0,2.5923188649824402e-30,0.4315013404825737,43.15,LOW
2702,2704,2025-10-17 15:25:00,2025-10-17 16:25:00,60.0,0,3,3,4,Very Light,Severe,0.0,1.0,0.0,654,0.8766756032171582,7000.0,4.636125910993035e-26,0.4315013404825737,43.15,LOW
2701,2704,2025-10-22 09:45:00,2025-10-22 09:50:00,5.0,0,1,1,11,Very Light,Light,0.0,0.3333333333333333,1.0,746,1.0,140.0,0.3114032239145977,0.4311403223914598,43.11,LOW
2706,2704,2025-10-22 11:40:00,2025-10-22 11:45:00,5.0,0,1,1,11,Very Light,Light,0.0,0.3333333333333333,1.0,496,0.6648793565683646,25.0,0.8119363461506349,0.4309255381003182,43.09,LOW
2702,2704,2025-10-22 10:40:00,2025-10-22 10:45:00,5.0,0,1,1,11,Very Light,Light,0.0,0.3333333333333333,1.0,654,0.8766756032171582,85.0,0.49246428767540973,0.4307477692501147,43.07,LOW
2701,2704,2025-10-22 09:40:00,2025-10-22 09:45:00,5.0,0,1,1,11,Very Light,Light,0.0,0.3333333333333333,1.0,746,1.0,145.0,0.29869468928867837,0.42986946892886785,42.99,LOW
2702,2704,2025-10-22 10:35:00,2025-10-22 10:40:00,5.0,0,1,1,11,Very Light,Light,0.0,0.3333333333333333,1.0,654,0.8766756032171582,90.0,0.4723665527410147,0.4287379957566752,42.87,LOW
2701,2704,2025-10-22 09:35:00,2025-10-22 09:40:00,5.0,0,1,1,11,Very Light,Light,0.0,0.3333333333333333,1.0,746,1.0,150.0,0.2865047968601901,0.42865047968601905,42.87,LOW
2706,2704,2025-10-22 11:35:00,2025-10-22 11:40:00,5.0,0,1,1,11,Very Light,Light,0.0,0.3333333333333333,1.0,496,0.6648793565683646,30.0,0.7788007830714049,0.4276119817923952,42.76,LOW
2701,2704,2025-10-22 09:30:00,2025-10-22 09:35:00,5.0,0,1,1,11,Very Light,Light,0.0,0.3333333333333333,1.0,746,1.0,155.0,0.27481238055948964,0.427481238055949,42.75,LOW
2706,2704,2025-10-17 18:20:00,2025-10-17 19:10:00,50.0,0,3,3,5,Very Light,Severe,0.0,1.0,0.18181818181818177,496,0.6648793565683646,6825.0,1.9929726634431052e-25,0.42700463075798195,42.7,LOW
2706,2704,2025-10-19 16:10:00,2025-10-19 17:00:00,50.0,2,3,1,7,Moderate,Severe,0.6666666666666666,0.3333333333333333,0.18181818181818177,496,0.6648793565683646,4075.0,1.7868299310831536e-15,0.4270046307579821,42.7,LOW
2706,2704,2025-10-20 15:10:00,2025-10-20 16:00:00,50.0,2,3,1,8,Moderate,Severe,0.6666666666666666,0.3333333333333333,0.18181818181818177,496,0.6648793565683646,2695.0,1.7638829431197818e-10,0.4270046307756208,42.7,LOW
2706,2704,2025-10-17 15:35:00,2025-10-17 16:25:00,50.0,0,3,3,4,Very Light,Severe,0.0,1.0,0.18181818181818177,496,0.6648793565683646,6990.0,5.0390240267486375e-26,0.42700463075798195,42.7,LOW
2702,2704,2025-10-22 10:30:00,2025-10-22 10:35:00,5.0,0,1,1,11,Very Light,Light,0.0,0.3333333333333333,1.0,654,0.8766756032171582,95.0,0.453089017280169,0.4268102422105906,42.68,LOW
2701,2704,2025-10-22 09:25:00,2025-10-22 09:30:00,5.0,0,1,1,11,Very Light,Light,0.0,0.3333333333333333,1.0,746,1.0,160.0,0.26359713811572677,0.42635971381157267,42.64,LOW
2701,2704,2025-10-22 09:20:00,2025-10-22 09:25:00,5.0,0,1,1,11,Very Light,Light,0.0,0.3333333333333333,1.0,746,1.0,165.0,0.25283959580474646,0.42528395958047466,42.53,LOW
2702,2704,2025-10-22 10:25:00,2025-10-22 10:30:00,5.0,0,1,1,11,Very Light,Light,0.0,0.3333333333333333,1.0,654,0.8766756032171582,100.0,0.4345982085070782,0.42496116133328155,42.5,LOW
2701,2704,2025-10-22 09:15:00,2025-10-22 09:20:00,5.0,0,1,1,11,Very Light,Light,0.0,0.3333333333333333,1.0,746,1.0,170.0,0.2425210746356487,0.4242521074635649,42.43,LOW
2701,2704,2025-10-22 09:10:00,2025-10-22 09:15:00,5.0,0,1,1,11,Very Light,Light,0.0,0.3333333333333333,1.0,746,1.0,175.0,0.2326236579172927,0.42326236579172927,42.33,LOW
2702,2704,2025-10-22 10:20:00,2025-10-22 10:25:00,5.0,0,1,1,11,Very Light,Light,0.0,0.3333333333333333,1.0,654,0.8766756032171582,105.0,0.4168620196785084,0.42318754245042456,42.32,LOW
2701,2704,2025-10-22 09:05:00,2025-10-22 09:10:00,5.0,0,1,1,11,Very Light,Light,0.0,0.3333333333333333,1.0,746,1.0,180.0,0.22313016014842982,0.422313016014843,42.23,LOW
2702,2704,2025-10-22 10:15:00,2025-10-22 10:20:00,5.0,0,1,1,11,Very Light,Light,0.0,0.3333333333333333,1.0,654,0.8766756032171582,110.0,0.39984965434484737,0.4214863059170585,42.15,LOW
2702,2704,2025-10-22 10:50:00,2025-10-22 11:00:00,10.0,0,1,1,11,Very Light,Light,0.0,0.3333333333333333,0.9090909090909091,654,0.8766756032171582,75.0,0.5352614285189903,0.4213911196981091,42.14,LOW
2701,2704,2025-10-22 09:00:00,2025-10-22 09:05:00,5.0,0,1,1,11,Very Light,Light,0.0,0.3333333333333333,1.0,746,1.0,185.0,0.21402409717744744,0.4214024097177448,42.14,LOW
2701,2704,2025-10-22 08:55:00,2025-10-22 09:00:00,5.0,0,1,1,11,Very Light,Light,0.0,0.3333333333333333,1.0,746,1.0,190.0,0.20528965757990927,0.4205289657579909,42.05,LOW
2702,2704,2025-10-22 10:10:00,2025-10-22 10:15:00,5.0,0,1,1,11,Very Light,Light,0.0,0.3333333333333333,1.0,654,0.8766756032171582,115.0,0.3835315728763107,0.4198544977702048,41.99,LOW
2701,2704,2025-10-22 08:50:00,2025-10-22 08:55:00,5.0,0,1,1,11,Very Light,Light,0.0,0.3333333333333333,1.0,746,1.0,195.0,0.19691167520419406,0.4196911675204194,41.97,LOW
2701,2704,2025-10-22 08:45:00,2025-10-22 08:50:00,5.0,0,1,1,11,Very Light,Light,0.0,0.3333333333333333,1.0,746,1.0,200.0,0.18887560283756183,0.4188875602837562,41.89,LOW
2702,2704,2025-10-22 10:05:00,2025-10-22 10:10:00,5.0,0,1,1,11,Very Light,Light,0.0,0.3333333333333333,1.0,654,0.8766756032171582,120.0,0.36787944117144233,0.418289284599718,41.83,LOW
2701,2704,2025-10-22 08:40:00,2025-10-22 08:45:00,5.0,0,1,1,11,Very Light,Light,0.0,0.3333333333333333,1.0,746,1.0,205.0,0.18116748694692214,0.41811674869469223,41.81,LOW
2701,2704,2025-10-22 08:35:00,2025-10-22 08:40:00,5.0,0,1,1,11,Very Light,Light,0.0,0.3333333333333333,1.0,746,1.0,210.0,0.17377394345044514,0.41737739434504456,41.74,LOW
2702,2704,2025-10-22 10:00:00,2025-10-22 10:05:00,5.0,0,1,1,11,Very Light,Light,0.0,0.3333333333333333,1.0,654,0.8766756032171582,125.0,0.3528660814588489,0.41678794862845864,41.68,LOW
2701,2704,2025-10-22 08:30:00,2025-10-22 08:35:00,5.0,0,1,1,11,Very Light,Light,0.0,0.3333333333333333,1.0,746,1.0,215.0,0.16668213447794653,0.4166682134477947,41.67,LOW
2701,2704,2025-10-22 08:25:00,2025-10-22 08:30:00,5.0,0,1,1,11,Very Light,Light,0.0,0.3333333333333333,1.0,746,1.0,220.0,0.1598797460796939,0.41598797460796944,41.6,LOW
2702,2704,2025-10-22 09:55:00,2025-10-22 10:00:00,5.0,0,1,1,11,Very Light,Light,0.0,0.3333333333333333,1.0,654,0.8766756032171582,130.0,0.3384654251067422,0.41534788299324793,41.53,LOW
2701,2704,2025-10-22 08:20:00,2025-10-22 08:25:00,5.0,0,1,1,11,Very Light,Light,0.0,0.3333333333333333,1.0,746,1.0,225.0,0.15335496684492847,0.4153354966844929,41.53,LOW
2701,2704,2025-10-22 08:15:00,2025-10-22 08:20:00,5.0,0,1,1,11,Very Light,Light,0.0,0.3333333333333333,1.0,746,1.0,230.0,0.1470964673929768,0.4147096467392977,41.47,LOW
2701,2704,2025-10-22 08:10:00,2025-10-22 08:15:00,5.0,0,1,1,11,Very Light,Light,0.0,0.3333333333333333,1.0,746,1.0,235.0,0.1410933807013415,0.41410933807013417,41.41,LOW
2702,2704,2025-10-22 09:50:00,2025-10-22 09:55:00,5.0,0,1,1,11,Very Light,Light,0.0,0.3333333333333333,1.0,654,0.8766756032171582,135.0,0.32465246735834974,0.4139665872184087,41.4,LOW
2701,2704,2025-10-22 08:05:00,2025-10-22 08:10:00,5.0,0,1,1,11,Very Light,Light,0.0,0.3333333333333333,1.0,746,1.0,240.0,0.1353352832366127,0.4135335283236613,41.35,LOW
2706,2704,2025-10-17 15:30:00,2025-10-17 16:25:00,55.0,0,3,3,4,Very Light,Severe,0.0,1.0,0.09090909090909094,496,0.6648793565683646,6995.0,4.8333787205769405e-26,0.4133682671216183,41.34,LOW
2706,2704,2025-10-17 18:15:00,2025-10-17 19:10:00,55.0,0,3,3,5,Very Light,Severe,0.0,1.0,0.09090909090909094,496,0.6648793565683646,6830.0,1.9116383670813498e-25,0.4133682671216183,41.34,LOW
2706,2704,2025-10-19 16:05:00,2025-10-19 17:00:00,55.0,2,3,1,7,Moderate,Severe,0.6666666666666666,0.3333333333333333,0.09090909090909094,496,0.6648793565683646,4080.0,1.713908431542013e-15,0.41336826712161845,41.34,LOW
2702,2704,2025-10-17 05:40:00,2025-10-17 06:10:00,30.0,0,2,2,4,Very Light,Moderate,0.0,0.6666666666666666,0.5454545454545454,654,0.8766756032171582,7585.0,3.5397258140929793e-28,0.4133195223007555,41.33,LOW
2701,2704,2025-10-22 08:00:00,2025-10-22 08:05:00,5.0,0,1,1,11,Very Light,Light,0.0,0.3333333333333333,1.0,746,1.0,245.0,0.129812176855438,0.4129812176855438,41.3,LOW
2702,2704,2025-10-22 09:45:00,2025-10-22 09:50:00,5.0,0,1,1,11,Very Light,Light,0.0,0.3333333333333333,1.0,654,0.8766756032171582,140.0,0.3114032239145977,0.4126416628740335,41.26,LOW
2701,2704,2025-10-22 07:50:00,2025-10-22 07:55:00,5.0,0,1,1,11,Very Light,Light,0.0,0.3333333333333333,1.0,746,1.0,255.0,0.11943296826671962,0.41194329682667197,41.19,LOW
2701,2704,2025-10-22 07:45:00,2025-10-22 07:50:00,5.0,0,1,1,11,Very Light,Light,0.0,0.3333333333333333,1.0,746,1.0,260.0,0.11455884399268773,0.4114558843992688,41.15,LOW
2702,2704,2025-10-22 09:40:00,2025-10-22 09:45:00,5.0,0,1,1,11,Very Light,Light,0.0,0.3333333333333333,1.0,654,0.8766756032171582,145.0,0.29869468928867837,0.41137080941144155,41.14,LOW
2706,2704,2025-10-22 11:05:00,2025-10-22 11:10:00,5.0,0,1,1,11,Very Light,Light,0.0,0.3333333333333333,1.0,496,0.6648793565683646,60.0,0.6065306597126334,0.41038496945651803,41.04,LOW
2702,2704,2025-10-22 09:35:00,2025-10-22 09:40:00,5.0,0,1,1,11,Very Light,Light,0.0,0.3333333333333333,1.0,654,0.8766756032171582,150.0,0.2865047968601901,0.41015182016859275,41.02,LOW
2702,2704,2025-10-22 09:30:00,2025-10-22 09:35:00,5.0,0,1,1,11,Very Light,Light,0.0,0.3333333333333333,1.0,654,0.8766756032171582,155.0,0.27481238055948964,0.4089825785385227,40.9,LOW
2706,2704,2025-10-22 11:00:00,2025-10-22 11:05:00,5.0,0,1,1,11,Very Light,Light,0.0,0.3333333333333333,1.0,496,0.6648793565683646,65.0,0.5817778142098083,0.4079096849062355,40.79,LOW
2702,2704,2025-10-22 09:25:00,2025-10-22 09:30:00,5.0,0,1,1,11,Very Light,Light,0.0,0.3333333333333333,1.0,654,0.8766756032171582,160.0,0.26359713811572677,0.40786105429414643,40.79,LOW
2702,2704,2025-10-22 09:20:00,2025-10-22 09:25:00,5.0,0,1,1,11,Very Light,Light,0.0,0.3333333333333333,1.0,654,0.8766756032171582,165.0,0.25283959580474646,0.40678530006304836,40.68,LOW
2702,2704,2025-10-22 09:15:00,2025-10-22 09:20:00,5.0,0,1,1,11,Very Light,Light,0.0,0.3333333333333333,1.0,654,0.8766756032171582,170.0,0.2425210746356487,0.4057534479461386,40.58,LOW
2702,2704,2025-10-22 09:10:00,2025-10-22 09:15:00,5.0,0,1,1,11,Very Light,Light,0.0,0.3333333333333333,1.0,654,0.8766756032171582,175.0,0.2326236579172927,0.404763706274303,40.48,LOW
2702,2704,2025-10-22 09:05:00,2025-10-22 09:10:00,5.0,0,1,1,11,Very Light,Light,0.0,0.3333333333333333,1.0,654,0.8766756032171582,180.0,0.22313016014842982,0.4038143564974167,40.38,LOW
2702,2704,2025-10-22 09:00:00,2025-10-22 09:05:00,5.0,0,1,1,11,Very Light,Light,0.0,0.3333333333333333,1.0,654,0.8766756032171582,185.0,0.21402409717744744,0.4029037502003185,40.29,LOW
2702,2704,2025-10-22 08:55:00,2025-10-22 09:00:00,5.0,0,1,1,11,Very Light,Light,0.0,0.3333333333333333,1.0,654,0.8766756032171582,190.0,0.20528965757990927,0.4020303062405647,40.2,LOW
2702,2704,2025-10-22 08:50:00,2025-10-22 08:55:00,5.0,0,1,1,11,Very Light,Light,0.0,0.3333333333333333,1.0,654,0.8766756032171582,195.0,0.19691167520419406,0.4011925080029931,40.12,LOW
2706,2704,2025-10-22 10:45:00,2025-10-22 10:50:00,5.0,0,1,1,11,Very Light,Light,0.0,0.3333333333333333,1.0,496,0.6648793565683646,80.0,0.513417119032592,0.4010736153885139,40.11,LOW
2702,2704,2025-10-22 08:45:00,2025-10-22 08:50:00,5.0,0,1,1,11,Very Light,Light,0.0,0.3333333333333333,1.0,654,0.8766756032171582,200.0,0.18887560283756183,0.40038890076632994,40.04,LOW
2701,2704,2025-10-21 05:35:00,2025-10-21 05:40:00,5.0,0,1,1,9,Very Light,Light,0.0,0.3333333333333333,1.0,746,1.0,1830.0,2.382369667501818e-07,0.4000000238236967,40.0,LOW
2701,2704,2025-10-21 07:30:00,2025-10-21 07:35:00,5.0,0,1,1,9,Very Light,Light,0.0,0.3333333333333333,1.0,746,1.0,1715.0,6.211665051810835e-07,0.40000006211665057,40.0,LOW
2701,2704,2025-10-21 07:35:00,2025-10-21 07:40:00,5.0,0,1,1,9,Very Light,Light,0.0,0.3333333333333333,1.0,746,1.0,1710.0,6.475952175842209e-07,0.40000006475952177,40.0,LOW
2701,2704,2025-10-16 16:20:00,2025-10-16 16:25:00,5.0,0,1,1,3,Very Light,Light,0.0,0.3333333333333333,1.0,746,1.0,8385.0,4.5047747184898065e-31,0.4,40.0,LOW
2701,2704,2025-10-21 06:00:00,2025-10-21 06:05:00,5.0,0,1,1,9,Very Light,Light,0.0,0.3333333333333333,1.0,746,1.0,1805.0,2.9341828073057206e-07,0.4000000293418281,40.0,LOW
2701,2704,2025-10-21 05:50:00,2025-10-21 05:55:00,5.0,0,1,1,9,Very Light,Light,0.0,0.3333333333333333,1.0,746,1.0,1815.0,2.699578503363014e-07,0.4000000269957851,40.0,LOW
2701,2704,2025-10-21 05:55:00,2025-10-21 06:00:00,5.0,0,1,1,9,Very Light,Light,0.0,0.3333333333333333,1.0,746,1.0,1810.0,2.8144372139985377e-07,0.4000000281443722,40.0,LOW
2701,2704,2025-10-15 07:50:00,2025-10-15 07:55:00,5.0,0,1,1,1,Very Light,Light,0.0,0.3333333333333333,1.0,746,1.0,10335.0,3.948096380551899e-38,0.4,40.0,LOW
2701,2704,2025-10-15 06:25:00,2025-10-15 06:30:00,5.0,0,1,1,1,Very Light,Light,0.0,0.3333333333333333,1.0,746,1.0,10420.0,1.9442964717223637e-38,0.4,40.0,LOW
2701,2704,2025-10-15 06:35:00,2025-10-15 06:40:00,5.0,0,1,1,1,Very Light,Light,0.0,0.3333333333333333,1.0,746,1.0,10410.0,2.1132637085848645e-38,0.4,40.0,LOW
2701,2704,2025-10-15 06:30:00,2025-10-15 06:35:00,5.0,0,1,1,1,Very Light,Light,0.0,0.3333333333333333,1.0,746,1.0,10415.0,2.0270202693659507e-38,0.4,40.0,LOW
2701,2704,2025-10-16 05:55:00,2025-10-16 06:00:00,5.0,0,1,1,3,Very Light,Light,0.0,0.3333333333333333,1.0,746,1.0,9010.0,2.4644649755311936e-33,0.4,40.0,LOW
2701,2704,2025-10-16 05:50:00,2025-10-16 05:55:00,5.0,0,1,1,3,Very Light,Light,0.0,0.3333333333333333,1.0,746,1.0,9015.0,2.36388882194424e-33,0.4,40.0,LOW
2701,2704,2025-10-16 05:45:00,2025-10-16 05:50:00,5.0,0,1,1,3,Very Light,Light,0.0,0.3333333333333333,1.0,746,1.0,9020.0,2.267417235787045e-33,0.4,40.0,LOW
2701,2704,2025-10-15 07:35:00,2025-10-15 07:40:00,5.0,0,1,1,1,Very Light,Light,0.0,0.3333333333333333,1.0,746,1.0,10350.0,3.484182826942503e-38,0.4,40.0,LOW
2701,2704,2025-10-15 07:30:00,2025-10-15 07:35:00,5.0,0,1,1,1,Very Light,Light,0.0,0.3333333333333333,1.0,746,1.0,10355.0,3.341991434243946e-38,0.4,40.0,LOW
2701,2704,2025-10-15 07:25:00,2025-10-15 07:30:00,5.0,0,1,1,1,Very Light,Light,0.0,0.3333333333333333,1.0,746,1.0,10360.0,3.205602949475871e-38,0.4,40.0,LOW
2701,2704,2025-10-15 07:20:00,2025-10-15 07:25:00,5.0,0,1,1,1,Very Light,Light,0.0,0.3333333333333333,1.0,746,1.0,10365.0,3.074780552815198e-38,0.4,40.0,LOW
2701,2704,2025-10-15 07:15:00,2025-10-15 07:20:00,5.0,0,1,1,1,Very Light,Light,0.0,0.3333333333333333,1.0,746,1.0,10370.0,2.949297089184532e-38,0.4,40.0,LOW
2701,2704,2025-10-15 07:10:00,2025-10-15 07:15:00,5.0,0,1,1,1,Very Light,Light,0.0,0.3333333333333333,1.0,746,1.0,10375.0,2.8289346738285e-38,0.4,40.0,LOW
2701,2704,2025-10-15 07:45:00,2025-10-15 07:50:00,5.0,0,1,1,1,Very Light,Light,0.0,0.3333333333333333,1.0,746,1.0,10340.0,3.786972423876112e-38,0.4,40.0,LOW
2701,2704,2025-10-15 07:40:00,2025-10-15 07:45:00,5.0,0,1,1,1,Very Light,Light,0.0,0.3333333333333333,1.0,746,1.0,10345.0,3.632424023345039e-38,0.4,40.0,LOW
2701,2704,2025-10-16 06:15:00,2025-10-16 06:20:00,5.0,0,1,1,3,Very Light,Light,0.0,0.3333333333333333,1.0,746,1.0,8990.0,2.9114213609864275e-33,0.4,40.0,LOW
2701,2704,2025-10-16 06:10:00,2025-10-16 06:15:00,5.0,0,1,1,3,Very Light,Light,0.0,0.3333333333333333,1.0,746,1.0,8995.0,2.792604674660546e-33,0.4,40.0,LOW
2701,2704,2025-10-16 06:05:00,2025-10-16 06:10:00,5.0,0,1,1,3,Very Light,Light,0.0,0.3333333333333333,1.0,746,1.0,9000.0,2.6786369618080778e-33,0.4,40.0,LOW
2701,2704,2025-10-16 06:00:00,2025-10-16 06:05:00,5.0,0,1,1,3,Very Light,Light,0.0,0.3333333333333333,1.0,746,1.0,9005.0,2.5693203331891495e-33,0.4,40.0,LOW
2701,2704,2025-10-15 06:10:00,2025-10-15 06:15:00,5.0,0,1,1,1,Very Light,Light,0.0,0.3333333333333333,1.0,746,1.0,10435.0,1.7158356140011434e-38,0.4,40.0,LOW
2701,2704,2025-10-16 11:35:00,2025-10-16 11:40:00,5.0,0,1,1,3,Very Light,Light,0.0,0.3333333333333333,1.0,746,1.0,8670.0,4.1900931944943974e-32,0.4,40.0,LOW
2701,2704,2025-10-16 15:00:00,2025-10-16 15:05:00,5.0,0,1,1,3,Very Light,Light,0.0,0.3333333333333333,1.0,746,1.0,8465.0,2.3128284578578812e-31,0.4,40.0,LOW
2701,2704,2025-10-16 15:05:00,2025-10-16 15:10:00,5.0,0,1,1,3,Very Light,Light,0.0,0.3333333333333333,1.0,746,1.0,8460.0,2.411232150975086e-31,0.4,40.0,LOW
2701,2704,2025-10-16 15:10:00,2025-10-16 15:15:00,5.0,0,1,1,3,Very Light,Light,0.0,0.3333333333333333,1.0,746,1.0,8455.0,2.513822616693694e-31,0.4,40.0,LOW
2701,2704,2025-10-20 07:15:00,2025-10-20 07:20:00,5.0,0,1,1,8,Very Light,Light,0.0,0.3333333333333333,1.0,746,1.0,3170.0,3.368119070610635e-12,0.4000000000003368,40.0,LOW
2701,2704,2025-10-16 15:15:00,2025-10-16 15:20:00,5.0,0,1,1,3,Very Light,Light,0.0,0.3333333333333333,1.0,746,1.0,8450.0,2.6207779892305916e-31,0.4,40.0,LOW
2701,2704,2025-10-21 10:05:00,2025-10-21 10:10:00,5.0,0,1,1,9,Very Light,Light,0.0,0.3333333333333333,1.0,746,1.0,1560.0,2.2603294069810542e-06,0.4000002260329407,40.0,LOW
2701,2704,2025-10-16 11:30:00,2025-10-16 11:35:00,5.0,0,1,1,3,Very Light,Light,0.0,0.3333333333333333,1.0,746,1.0,8675.0,4.019093216463757e-32,0.4,40.0,LOW
2701,2704,2025-10-16 16:15:00,2025-10-16 16:20:00,5.0,0,1,1,3,Very Light,Light,0.0,0.3333333333333333,1.0,746,1.0,8390.0,4.320932416627188e-31,0.4,40.0,LOW
2701,2704,2025-10-16 11:25:00,2025-10-16 11:30:00,5.0,0,1,1,3,Very Light,Light,0.0,0.3333333333333333,1.0,746,1.0,8680.0,3.855071840370927e-32,0.4,40.0,LOW
2701,2704,2025-10-16 11:20:00,2025-10-16 11:25:00,5.0,0,1,1,3,Very Light,Light,0.0,0.3333333333333333,1.0,746,1.0,8685.0,3.6977442656820983e-32,0.4,40.0,LOW
2701,2704,2025-10-16 11:15:00,2025-10-16 11:20:00,5.0,0,1,1,3,Very Light,Light,0.0,0.3333333333333333,1.0,746,1.0,8690.0,3.546837314728024e-32,0.4,40.0,LOW
2701,2704,2025-10-16 11:10:00,2025-10-16 11:15:00,5.0,0,1,1,3,Very Light,Light,0.0,0.3333333333333333,1.0,746,1.0,8695.0,3.402088958368439e-32,0.4,40.0,LOW
2701,2704,2025-10-16 11:05:00,2025-10-16 11:10:00,5.0,0,1,1,3,Very Light,Light,0.0,0.3333333333333333,1.0,746,1.0,8700.0,3.263247861014401e-32,0.4,40.0,LOW
2701,2704,2025-10-16 13:05:00,2025-10-16 13:10:00,5.0,0,1,1,3,Very Light,Light,0.0,0.3333333333333333,1.0,746,1.0,8580.0,8.870427362353295e-32,0.4,40.0,LOW
2701,2704,2025-10-16 13:00:00,2025-10-16 13:05:00,5.0,0,1,1,3,Very Light,Light,0.0,0.3333333333333333,1.0,746,1.0,8585.0,8.508420406021661e-32,0.4,40.0,LOW
2701,2704,2025-10-16 15:30:00,2025-10-16 15:35:00,5.0,0,1,1,3,Very Light,Light,0.0,0.3333333333333333,1.0,746,1.0,8435.0,2.9697305243282323e-31,0.4,40.0,LOW
2701,2704,2025-10-16 15:25:00,2025-10-16 15:30:00,5.0,0,1,1,3,Very Light,Light,0.0,0.3333333333333333,1.0,746,1.0,8440.0,2.8485342093908605e-31,0.4,40.0,LOW
2701,2704,2025-10-16 15:20:00,2025-10-16 15:25:00,5.0,0,1,1,3,Very Light,Light,0.0,0.3333333333333333,1.0,746,1.0,8445.0,2.732283981862415e-31,0.4,40.0,LOW
2701,2704,2025-10-16 14:55:00,2025-10-16 15:00:00,5.0,0,1,1,3,Very Light,Light,0.0,0.3333333333333333,1.0,746,1.0,8470.0,2.2184406728792874e-31,0.4,40.0,LOW
2701,2704,2025-10-16 14:50:00,2025-10-16 14:55:00,5.0,0,1,1,3,Very Light,Light,0.0,0.3333333333333333,1.0,746,1.0,8475.0,2.1279049046479047e-31,0.4,40.0,LOW
2701,2704,2025-10-16 14:45:00,2025-10-16 14:50:00,5.0,0,1,1,3,Very Light,Light,0.0,0.3333333333333333,1.0,746,1.0,8480.0,2.0410639502690864e-31,0.4,40.0,LOW
2701,2704,2025-10-16 14:40:00,2025-10-16 14:45:00,5.0,0,1,1,3,Very Light,Light,0.0,0.3333333333333333,1.0,746,1.0,8485.0,1.9577670223836566e-31,0.4,40.0,LOW
2701,2704,2025-10-16 14:35:00,2025-10-16 14:40:00,5.0,0,1,1,3,Very Light,Light,0.0,0.3333333333333333,1.0,746,1.0,8490.0,1.8778694873463448e-31,0.4,40.0,LOW
2701,2704,2025-10-16 14:30:00,2025-10-16 14:35:00,5.0,0,1,1,3,Very Light,Light,0.0,0.3333333333333333,1.0,746,1.0,8495.0,1.8012326140895477e-31,0.4,40.0,LOW
2701,2704,2025-10-16 16:10:00,2025-10-16 16:15:00,5.0,0,1,1,3,Very Light,Light,0.0,0.3333333333333333,1.0,746,1.0,8395.0,4.144592818909948e-31,0.4,40.0,LOW
2701,2704,2025-10-16 16:05:00,2025-10-16 16:10:00,5.0,0,1,1,3,Very Light,Light,0.0,0.3333333333333333,1.0,746,1.0,8400.0,3.975449735908647e-31,0.4,40.0,LOW
2701,2704,2025-10-16 16:00:00,2025-10-16 16:05:00,5.0,0,1,1,3,Very Light,Light,0.0,0.3333333333333333,1.0,746,1.0,8405.0,3.8132094739508634e-31,0.4,40.0,LOW
2701,2704,2025-10-16 15:55:00,2025-10-16 16:00:00,5.0,0,1,1,3,Very Light,Light,0.0,0.3333333333333333,1.0,746,1.0,8410.0,3.657590325162386e-31,0.4,40.0,LOW
2701,2704,2025-10-16 15:50:00,2025-10-16 15:55:00,5.0,0,1,1,3,Very Light,Light,0.0,0.3333333333333333,1.0,746,1.0,8415.0,3.5083220783201285e-31,0.4,40.0,LOW
2701,2704,2025-10-16 15:45:00,2025-10-16 15:50:00,5.0,0,1,1,3,Very Light,Light,0.0,0.3333333333333333,1.0,746,1.0,8420.0,3.3651455496678715e-31,0.4,40.0,LOW
2701,2704,2025-10-16 15:40:00,2025-10-16 15:45:00,5.0,0,1,1,3,Very Light,Light,0.0,0.3333333333333333,1.0,746,1.0,8425.0,3.227812132879189e-31,0.4,40.0,LOW
2701,2704,2025-10-16 13:10:00,2025-10-16 13:15:00,5.0,0,1,1,3,Very Light,Light,0.0,0.3333333333333333,1.0,746,1.0,8575.0,9.247836594334089e-32,0.4,40.0,LOW
2701,2704,2025-10-16 13:15:00,2025-10-16 13:20:00,5.0,0,1,1,3,Very Light,Light,0.0,0.3333333333333333,1.0,746,1.0,8570.0,9.641303421125663e-32,0.4,40.0,LOW
2701,2704,2025-10-16 13:20:00,2025-10-16 13:25:00,5.0,0,1,1,3,Very Light,Light,0.0,0.3333333333333333,1.0,746,1.0,8565.0,1.0051511043692284e-31,0.4,40.0,LOW
2701,2704,2025-10-16 14:00:00,2025-10-16 14:05:00,5.0,0,1,1,3,Very Light,Light,0.0,0.3333333333333333,1.0,746,1.0,8525.0,1.4028013703466932e-31,0.4,40.0,LOW
2701,2704,2025-10-16 14:15:00,2025-10-16 14:20:00,5.0,0,1,1,3,Very Light,Light,0.0,0.3333333333333333,1.0,746,1.0,8510.0,1.5895822027683797e-31,0.4,40.0,LOW
2701,2704,2025-10-16 14:20:00,2025-10-16 14:25:00,5.0,0,1,1,3,Very Light,Light,0.0,0.3333333333333333,1.0,746,1.0,8505.0,1.6572140060412714e-31,0.4,40.0,LOW
2701,2704,2025-10-16 14:25:00,2025-10-16 14:30:00,5.0,0,1,1,3,Very Light,Light,0.0,0.3333333333333333,1.0,746,1.0,8500.0,1.7277233332358432e-31,0.4,40.0,LOW
2701,2704,2025-10-21 05:45:00,2025-10-21 05:50:00,5.0,0,1,1,9,Very Light,Light,0.0,0.3333333333333333,1.0,746,1.0,1820.0,2.589407239064271e-07,0.4000000258940724,40.0,LOW
2701,2704,2025-10-21 07:15:00,2025-10-21 07:20:00,5.0,0,1,1,9,Very Light,Light,0.0,0.3333333333333333,1.0,746,1.0,1730.0,5.481775168116042e-07,0.4000000548177517,40.0,LOW
2701,2704,2025-10-16 16:50:00,2025-10-16 16:55:00,5.0,0,1,1,3,Very Light,Light,0.0,0.3333333333333333,1.0,746,1.0,8355.0,5.784245234993277e-31,0.4,40.0,LOW
2701,2704,2025-10-16 16:45:00,2025-10-16 16:50:00,5.0,0,1,1,3,Very Light,Light,0.0,0.3333333333333333,1.0,746,1.0,8360.0,5.548187046739294e-31,0.4,40.0,LOW
2701,2704,2025-10-16 16:40:00,2025-10-16 16:45:00,5.0,0,1,1,3,Very Light,Light,0.0,0.3333333333333333,1.0,746,1.0,8365.0,5.321762521301867e-31,0.4,40.0,LOW
2701,2704,2025-10-16 16:35:00,2025-10-16 16:40:00,5.0,0,1,1,3,Very Light,Light,0.0,0.3333333333333333,1.0,746,1.0,8370.0,5.104578503671272e-31,0.4,40.0,LOW
2701,2704,2025-10-16 16:30:00,2025-10-16 16:35:00,5.0,0,1,1,3,Very Light,Light,0.0,0.3333333333333333,1.0,746,1.0,8375.0,4.896257883707402e-31,0.4,40.0,LOW
2701,2704,2025-10-21 06:45:00,2025-10-21 06:50:00,5.0,0,1,1,9,Very Light,Light,0.0,0.3333333333333333,1.0,746,1.0,1760.0,4.2692107935501555e-07,0.400000042692108,40.0,LOW
2701,2704,2025-10-21 07:20:00,2025-10-21 07:25:00,5.0,0,1,1,9,Very Light,Light,0.0,0.3333333333333333,1.0,746,1.0,1725.0,5.715007736466721e-07,0.40000005715007736,40.0,LOW
2701,2704,2025-10-21 06:40:00,2025-10-21 06:45:00,5.0,0,1,1,9,Very Light,Light,0.0,0.3333333333333333,1.0,746,1.0,1765.0,4.094981983349842e-07,0.40000004094981984,40.0,LOW
2701,2704,2025-10-21 06:35:00,2025-10-21 06:40:00,5.0,0,1,1,9,Very Light,Light,0.0,0.3333333333333333,1.0,746,1.0,1770.0,3.927863545481039e-07,0.4000000392786355,40.0,LOW
2701,2704,2025-10-21 06:15:00,2025-10-21 06:20:00,5.0,0,1,1,9,Very Light,Light,0.0,0.3333333333333333,1.0,746,1.0,1790.0,3.3248647091137546e-07,0.40000003324864714,40.0,LOW
2701,2704,2025-10-21 06:30:00,2025-10-21 06:35:00,5.0,0,1,1,9,Very Light,Light,0.0,0.3333333333333333,1.0,746,1.0,1775.0,3.7675653017887346e-07,0.40000003767565306,40.0,LOW
2701,2704,2025-10-21 11:00:00,2025-10-21 11:05:00,5.0,0,1,1,9,Very Light,Light,0.0,0.3333333333333333,1.0,746,1.0,1505.0,3.5745664329601904e-06,0.4000003574566433,40.0,LOW
2701,2704,2025-10-21 10:45:00,2025-10-21 10:50:00,5.0,0,1,1,9,Very Light,Light,0.0,0.3333333333333333,1.0,746,1.0,1520.0,3.1545438051702337e-06,0.40000031545438053,40.0,LOW
2701,2704,2025-10-21 10:15:00,2025-10-21 10:20:00,5.0,0,1,1,9,Very Light,Light,0.0,0.3333333333333333,1.0,746,1.0,1550.0,2.4567611856996272e-06,0.4000002456761186,40.0,LOW
2701,2704,2025-10-21 06:10:00,2025-10-21 06:15:00,5.0,0,1,1,9,Very Light,Light,0.0,0.3333333333333333,1.0,746,1.0,1795.0,3.189175175296151e-07,0.40000003189175176,40.0,LOW
2701,2704,2025-10-21 10:10:00,2025-10-21 10:15:00,5.0,0,1,1,9,Very Light,Light,0.0,0.3333333333333333,1.0,746,1.0,1555.0,2.356499427958025e-06,0.4000002356499428,40.0,LOW
2701,2704,2025-10-15 07:05:00,2025-10-15 07:10:00,5.0,0,1,1,1,Very Light,Light,0.0,0.3333333333333333,1.0,746,1.0,10380.0,2.7134843139867624e-38,0.4,40.0,LOW
2701,2704,2025-10-15 07:00:00,2025-10-15 07:05:00,5.0,0,1,1,1,Very Light,Light,0.0,0.3333333333333333,1.0,746,1.0,10385.0,2.602745546007113e-38,0.4,40.0,LOW
2701,2704,2025-10-15 06:55:00,2025-10-15 07:00:00,5.0,0,1,1,1,Very Light,Light,0.0,0.3333333333333333,1.0,746,1.0,10390.0,2.496526087267814e-38,0.4,40.0,LOW
2701,2704,2025-10-15 06:50:00,2025-10-15 06:55:00,5.0,0,1,1,1,Very Light,Light,0.0,0.3333333333333333,1.0,746,1.0,10395.0,2.3946415023052036e-38,0.4,40.0,LOW
2701,2704,2025-10-15 06:45:00,2025-10-15 06:50:00,5.0,0,1,1,1,Very Light,Light,0.0,0.3333333333333333,1.0,746,1.0,10400.0,2.2969148825671285e-38,0.4,40.0,LOW
2701,2704,2025-10-16 16:25:00,2025-10-16 16:30:00,5.0,0,1,1,3,Very Light,Light,0.0,0.3333333333333333,1.0,746,1.0,8380.0,4.696438941339684e-31,0.4,40.0,LOW
2701,2704,2025-10-15 07:55:00,2025-10-15 08:00:00,5.0,0,1,1,1,Very Light,Light,0.0,0.3333333333333333,1.0,746,1.0,10330.0,4.1160756629362087e-38,0.4,40.0,LOW
2701,2704,2025-10-16 10:20:00,2025-10-16 10:25:00,5.0,0,1,1,3,Very Light,Light,0.0,0.3333333333333333,1.0,746,1.0,8745.0,2.2427952689127702e-32,0.4,40.0,LOW
2701,2704,2025-10-16 10:25:00,2025-10-16 10:30:00,5.0,0,1,1,3,Very Light,Light,0.0,0.3333333333333333,1.0,746,1.0,8740.0,2.3382192665797744e-32,0.4,40.0,LOW
2701,2704,2025-10-16 10:30:00,2025-10-16 10:35:00,5.0,0,1,1,3,Very Light,Light,0.0,0.3333333333333333,1.0,746,1.0,8735.0,2.437703260028332e-32,0.4,40.0,LOW
2701,2704,2025-10-16 10:35:00,2025-10-16 10:40:00,5.0,0,1,1,3,Very Light,Light,0.0,0.3333333333333333,1.0,746,1.0,8730.0,2.5414199895141027e-32,0.4,40.0,LOW
2701,2704,2025-10-16 10:40:00,2025-10-16 10:45:00,5.0,0,1,1,3,Very Light,Light,0.0,0.3333333333333333,1.0,746,1.0,8725.0,2.64954954485592e-32,0.4,40.0,LOW
2701,2704,2025-10-16 10:45:00,2025-10-16 10:50:00,5.0,0,1,1,3,Very Light,Light,0.0,0.3333333333333333,1.0,746,1.0,8720.0,2.762279678137064e-32,0.4,40.0,LOW
2701,2704,2025-10-16 10:50:00,2025-10-16 10:55:00,5.0,0,1,1,3,Very Light,Light,0.0,0.3333333333333333,1.0,746,1.0,8715.0,2.879806129711015e-32,0.4,40.0,LOW
2701,2704,2025-10-16 10:55:00,2025-10-16 11:00:00,5.0,0,1,1,3,Very Light,Light,0.0,0.3333333333333333,1.0,746,1.0,8710.0,3.0023329680774e-32,0.4,40.0,LOW
2701,2704,2025-10-16 11:00:00,2025-10-16 11:05:00,5.0,0,1,1,3,Very Light,Light,0.0,0.3333333333333333,1.0,746,1.0,8705.0,3.130072944218945e-32,0.4,40.0,LOW
2701,2704,2025-10-21 07:00:00,2025-10-21 07:05:00,5.0,0,1,1,9,Very Light,Light,0.0,0.3333333333333333,1.0,746,1.0,1745.0,4.837649606527556e-07,0.4000000483764961,40.0,LOW
2701,2704,2025-10-21 06:55:00,2025-10-21 07:00:00,5.0,0,1,1,9,Very Light,Light,0.0,0.3333333333333333,1.0,746,1.0,1750.0,4.6402224997693974e-07,0.40000004640222503,40.0,LOW
2701,2704,2025-10-21 06:50:00,2025-10-21 06:55:00,5.0,0,1,1,9,Very Light,Light,0.0,0.3333333333333333,1.0,746,1.0,1755.0,4.450852500419419e-07,0.400000044508525,40.0,LOW
2701,2704,2025-10-21 07:05:00,2025-10-21 07:10:00,5.0,0,1,1,9,Very Light,Light,0.0,0.3333333333333333,1.0,746,1.0,1740.0,5.04347662567888e-07,0.4000000504347663,40.0,LOW
2701,2704,2025-10-21 14:45:00,2025-10-21 14:50:00,5.0,0,1,1,9,Very Light,Light,0.0,0.3333333333333333,1.0,746,1.0,1280.0,2.3309101142937016e-05,0.40000233091011433,40.0,LOW
2701,2704,2025-10-21 14:40:00,2025-10-21 14:45:00,5.0,0,1,1,9,Very Light,Light,0.0,0.3333333333333333,1.0,746,1.0,1285.0,2.235784407099572e-05,0.40000223578440713,40.0,LOW
2701,2704,2025-10-21 07:10:00,2025-10-21 07:15:00,5.0,0,1,1,9,Very Light,Light,0.0,0.3333333333333333,1.0,746,1.0,1735.0,5.258060947499575e-07,0.4000000525806095,40.0,LOW
2701,2704,2025-10-21 07:50:00,2025-10-21 07:55:00,5.0,0,1,1,9,Very Light,Light,0.0,0.3333333333333333,1.0,746,1.0,1695.0,7.338215190190347e-07,0.40000007338215193,40.0,LOW
2701,2704,2025-10-21 07:55:00,2025-10-21 08:00:00,5.0,0,1,1,9,Very Light,Light,0.0,0.3333333333333333,1.0,746,1.0,1690.0,7.650433536151126e-07,0.4000000765043354,40.0,LOW
2701,2704,2025-10-21 09:10:00,2025-10-21 09:15:00,5.0,0,1,1,9,Very Light,Light,0.0,0.3333333333333333,1.0,746,1.0,1615.0,1.4292891526518243e-06,0.4000001429289153,40.0,LOW
2701,2704,2025-10-21 14:50:00,2025-10-21 14:55:00,5.0,0,1,1,9,Very Light,Light,0.0,0.3333333333333333,1.0,746,1.0,1275.0,2.430083125932946e-05,0.40000243008312597,40.0,LOW
2701,2704,2025-10-21 14:55:00,2025-10-21 15:00:00,5.0,0,1,1,9,Very Light,Light,0.0,0.3333333333333333,1.0,746,1.0,1270.0,2.5334756422958116e-05,0.4000025334756423,40.0,LOW
2701,2704,2025-10-21 15:00:00,2025-10-21 15:05:00,5.0,0,1,1,9,Very Light,Light,0.0,0.3333333333333333,1.0,746,1.0,1265.0,2.6412671902497274e-05,0.40000264126719026,40.0,LOW
2701,2704,2025-10-21 07:40:00,2025-10-21 07:45:00,5.0,0,1,1,9,Very Light,Light,0.0,0.3333333333333333,1.0,746,1.0,1705.0,6.751483899082682e-07,0.400000067514839,40.0,LOW
2701,2704,2025-10-21 07:45:00,2025-10-21 07:50:00,5.0,0,1,1,9,Very Light,Light,0.0,0.3333333333333333,1.0,746,1.0,1700.0,7.038738644428715e-07,0.40000007038738644,40.0,LOW
2701,2704,2025-10-21 09:15:00,2025-10-21 09:20:00,5.0,0,1,1,9,Very Light,Light,0.0,0.3333333333333333,1.0,746,1.0,1610.0,1.4901009827187863e-06,0.4000001490100983,40.0,LOW
2701,2704,2025-10-21 16:20:00,2025-10-21 16:25:00,5.0,0,1,1,9,Very Light,Light,0.0,0.3333333333333333,1.0,746,1.0,1185.0,5.144486017970228e-05,0.400005144486018,40.0,LOW
2701,2704,2025-10-21 13:00:00,2025-10-21 13:05:00,5.0,0,1,1,9,Very Light,Light,0.0,0.3333333333333333,1.0,746,1.0,1385.0,9.716678979335353e-06,0.40000097166789794,40.0,LOW
2701,2704,2025-10-21 12:50:00,2025-10-21 12:55:00,5.0,0,1,1,9,Very Light,Light,0.0,0.3333333333333333,1.0,746,1.0,1395.0,8.93977622368364e-06,0.4000008939776224,40.0,LOW
2701,2704,2025-10-21 16:15:00,2025-10-21 16:20:00,5.0,0,1,1,9,Very Light,Light,0.0,0.3333333333333333,1.0,746,1.0,1190.0,4.9345367506824176e-05,0.4000049345367507,40.0,LOW
2701,2704,2025-10-21 09:55:00,2025-10-21 10:00:00,5.0,0,1,1,9,Very Light,Light,0.0,0.3333333333333333,1.0,746,1.0,1570.0,2.079603446115328e-06,0.40000020796034463,40.0,LOW
2701,2704,2025-10-21 16:10:00,2025-10-21 16:15:00,5.0,0,1,1,9,Very Light,Light,0.0,0.3333333333333333,1.0,746,1.0,1195.0,4.7331556269721534e-05,0.400004733155627,40.0,LOW
2701,2704,2025-10-21 16:05:00,2025-10-21 16:10:00,5.0,0,1,1,9,Very Light,Light,0.0,0.3333333333333333,1.0,746,1.0,1200.0,4.5399929762484854e-05,0.40000453999297625,40.0,LOW
2701,2704,2025-10-21 15:10:00,2025-10-21 15:15:00,5.0,0,1,1,9,Very Light,Light,0.0,0.3333333333333333,1.0,746,1.0,1255.0,2.8708040049499833e-05,0.400002870804005,40.0,LOW
2701,2704,2025-10-21 15:15:00,2025-10-21 15:20:00,5.0,0,1,1,9,Very Light,Light,0.0,0.3333333333333333,1.0,746,1.0,1250.0,2.9929478307676412e-05,0.4000029929478308,40.0,LOW
2701,2704,2025-10-21 15:20:00,2025-10-21 15:25:00,5.0,0,1,1,9,Very Light,Light,0.0,0.3333333333333333,1.0,746,1.0,1245.0,3.1202884983619004e-05,0.4000031202884984,40.0,LOW
2701,2704,2025-10-21 15:25:00,2025-10-21 15:30:00,5.0,0,1,1,9,Very Light,Light,0.0,0.3333333333333333,1.0,746,1.0,1240.0,3.2530471172671234e-05,0.4000032530471173,40.0,LOW
2701,2704,2025-10-21 15:30:00,2025-10-21 15:35:00,5.0,0,1,1,9,Very Light,Light,0.0,0.3333333333333333,1.0,746,1.0,1235.0,3.3914542045440665e-05,0.40000339145420455,40.0,LOW
2701,2704,2025-10-21 15:35:00,2025-10-21 15:40:00,5.0,0,1,1,9,Very Light,Light,0.0,0.3333333333333333,1.0,746,1.0,1230.0,3.535750085040998e-05,0.40000353575008507,40.0,LOW
2701,2704,2025-10-21 09:45:00,2025-10-21 09:50:00,5.0,0,1,1,9,Very Light,Light,0.0,0.3333333333333333,1.0,746,1.0,1580.0,1.9133275352423027e-06,0.40000019133275355,40.0,LOW
2701,2704,2025-10-21 09:30:00,2025-10-21 09:35:00,5.0,0,1,1,9,Very Light,Light,0.0,0.3333333333333333,1.0,746,1.0,1595.0,1.6885056234811505e-06,0.4000001688505624,40.0,LOW
2701,2704,2025-10-21 10:00:00,2025-10-21 10:05:00,5.0,0,1,1,9,Very Light,Light,0.0,0.3333333333333333,1.0,746,1.0,1565.0,2.168084136769979e-06,0.4000002168084137,40.0,LOW
2701,2704,2025-10-21 16:00:00,2025-10-21 16:05:00,5.0,0,1,1,9,Very Light,Light,0.0,0.3333333333333333,1.0,746,1.0,1205.0,4.354713398167087e-05,0.4000043547133982,40.0,LOW
2701,2704,2025-10-21 09:50:00,2025-10-21 09:55:00,5.0,0,1,1,9,Very Light,Light,0.0,0.3333333333333333,1.0,746,1.0,1575.0,1.994733700481656e-06,0.40000019947337007,40.0,LOW
2701,2704,2025-10-21 14:30:00,2025-10-21 14:35:00,5.0,0,1,1,9,Very Light,Light,0.0,0.3333333333333333,1.0,746,1.0,1295.0,2.057020956067297e-05,0.4000020570209561,40.0,LOW
2701,2704,2025-10-21 13:15:00,2025-10-21 13:20:00,5.0,0,1,1,9,Very Light,Light,0.0,0.3333333333333333,1.0,746,1.0,1370.0,1.1010439754380804e-05,0.40000110104397546,40.0,LOW
2701,2704,2025-10-21 16:55:00,2025-10-21 17:00:00,5.0,0,1,1,9,Very Light,Light,0.0,0.3333333333333333,1.0,746,1.0,1150.0,6.886700801296313e-05,0.4000068867008013,40.0,LOW
2701,2704,2025-10-21 16:45:00,2025-10-21 16:50:00,5.0,0,1,1,9,Very Light,Light,0.0,0.3333333333333333,1.0,746,1.0,1160.0,6.336070607455965e-05,0.4000063360706075,40.0,LOW
2701,2704,2025-10-21 16:50:00,2025-10-21 16:55:00,5.0,0,1,1,9,Very Light,Light,0.0,0.3333333333333333,1.0,746,1.0,1155.0,6.605650802868481e-05,0.40000660565080287,40.0,LOW
2701,2704,2025-10-21 13:05:00,2025-10-21 13:10:00,5.0,0,1,1,9,Very Light,Light,0.0,0.3333333333333333,1.0,746,1.0,1380.0,1.013009359863071e-05,0.40000101300935986,40.0,LOW
2701,2704,2025-10-21 13:10:00,2025-10-21 13:15:00,5.0,0,1,1,9,Very Light,Light,0.0,0.3333333333333333,1.0,746,1.0,1375.0,1.0561097730537384e-05,0.4000010561097731,40.0,LOW
2701,2704,2025-10-21 16:25:00,2025-10-21 16:30:00,5.0,0,1,1,9,Very Light,Light,0.0,0.3333333333333333,1.0,746,1.0,1180.0,5.36336797682804e-05,0.4000053633679769,40.0,LOW
2701,2704,2025-10-21 16:40:00,2025-10-21 16:45:00,5.0,0,1,1,9,Very Light,Light,0.0,0.3333333333333333,1.0,746,1.0,1165.0,6.077492126170848e-05,0.4000060774921262,40.0,LOW
2701,2704,2025-10-21 16:35:00,2025-10-21 16:40:00,5.0,0,1,1,9,Very Light,Light,0.0,0.3333333333333333,1.0,746,1.0,1170.0,5.829466373086881e-05,0.4000058294663731,40.0,LOW
2701,2704,2025-10-21 14:35:00,2025-10-21 14:40:00,5.0,0,1,1,9,Very Light,Light,0.0,0.3333333333333333,1.0,746,1.0,1290.0,2.1445408316589164e-05,0.40000214454083166,40.0,LOW
2701,2704,2025-10-21 15:55:00,2025-10-21 16:00:00,5.0,0,1,1,9,Very Light,Light,0.0,0.3333333333333333,1.0,746,1.0,1210.0,4.176995180253774e-05,0.40000417699518026,40.0,LOW
2701,2704,2025-10-21 15:40:00,2025-10-21 15:45:00,5.0,0,1,1,9,Very Light,Light,0.0,0.3333333333333333,1.0,746,1.0,1225.0,3.686185308684739e-05,0.4000036861853087,40.0,LOW
2701,2704,2025-10-21 16:30:00,2025-10-21 16:35:00,5.0,0,1,1,9,Very Light,Light,0.0,0.3333333333333333,1.0,746,1.0,1175.0,5.591562685637185e-05,0.40000559156268567,40.0,LOW
2701,2704,2025-10-16 09:30:00,2025-10-16 09:35:00,5.0,0,1,1,3,Very Light,Light,0.0,0.3333333333333333,1.0,746,1.0,8795.0,1.4785417664886213e-32,0.4,40.0,LOW
2701,2704,2025-10-16 09:25:00,2025-10-16 09:30:00,5.0,0,1,1,3,Very Light,Light,0.0,0.3333333333333333,1.0,746,1.0,8800.0,1.4182016743114204e-32,0.4,40.0,LOW
2701,2704,2025-10-16 09:20:00,2025-10-16 09:25:00,5.0,0,1,1,3,Very Light,Light,0.0,0.3333333333333333,1.0,746,1.0,8805.0,1.3603240940540357e-32,0.4,40.0,LOW
2701,2704,2025-10-21 11:10:00,2025-10-21 11:15:00,5.0,0,1,1,9,Very Light,Light,0.0,0.3333333333333333,1.0,746,1.0,1495.0,3.88521073126708e-06,0.40000038852107317,40.0,LOW
2701,2704,2025-10-21 11:05:00,2025-10-21 11:10:00,5.0,0,1,1,9,Very Light,Light,0.0,0.3333333333333333,1.0,746,1.0,1500.0,3.726653172078671e-06,0.40000037266531724,40.0,LOW
2701,2704,2025-10-21 11:45:00,2025-10-21 11:50:00,5.0,0,1,1,9,Very Light,Light,0.0,0.3333333333333333,1.0,746,1.0,1460.0,5.200963470939485e-06,0.4000005200963471,40.0,LOW
2701,2704,2025-10-21 11:40:00,2025-10-21 11:45:00,5.0,0,1,1,9,Very Light,Light,0.0,0.3333333333333333,1.0,746,1.0,1465.0,4.988709328134898e-06,0.4000004988709328,40.0,LOW
2701,2704,2025-10-16 09:00:00,2025-10-16 09:05:00,5.0,0,1,1,3,Very Light,Light,0.0,0.3333333333333333,1.0,746,1.0,8825.0,1.1514894855451166e-32,0.4,40.0,LOW
2701,2704,2025-10-16 09:05:00,2025-10-16 09:10:00,5.0,0,1,1,3,Very Light,Light,0.0,0.3333333333333333,1.0,746,1.0,8820.0,1.2004817995138824e-32,0.4,40.0,LOW
2701,2704,2025-10-16 09:10:00,2025-10-16 09:15:00,5.0,0,1,1,3,Very Light,Light,0.0,0.3333333333333333,1.0,746,1.0,8815.0,1.2515585848201157e-32,0.4,40.0,LOW
2701,2704,2025-10-16 09:15:00,2025-10-16 09:20:00,5.0,0,1,1,3,Very Light,Light,0.0,0.3333333333333333,1.0,746,1.0,8810.0,1.3048085292681647e-32,0.4,40.0,LOW
2701,2704,2025-10-16 09:55:00,2025-10-16 10:00:00,5.0,0,1,1,3,Very Light,Light,0.0,0.3333333333333333,1.0,746,1.0,8770.0,1.8210069958049742e-32,0.4,40.0,LOW
2701,2704,2025-10-16 10:15:00,2025-10-16 10:20:00,5.0,0,1,1,3,Very Light,Light,0.0,0.3333333333333333,1.0,746,1.0,8750.0,2.1512655763953736e-32,0.4,40.0,LOW
2701,2704,2025-10-16 10:05:00,2025-10-16 10:10:00,5.0,0,1,1,3,Very Light,Light,0.0,0.3333333333333333,1.0,746,1.0,8760.0,1.9792598779469045e-32,0.4,40.0,LOW
2701,2704,2025-10-16 10:10:00,2025-10-16 10:15:00,5.0,0,1,1,3,Very Light,Light,0.0,0.3333333333333333,1.0,746,1.0,8755.0,2.0634712603202752e-32,0.4,40.0,LOW
2701,2704,2025-10-16 09:40:00,2025-10-16 09:45:00,5.0,0,1,1,3,Very Light,Light,0.0,0.3333333333333333,1.0,746,1.0,8785.0,1.607033033382769e-32,0.4,40.0,LOW
2701,2704,2025-10-16 09:35:00,2025-10-16 09:40:00,5.0,0,1,1,3,Very Light,Light,0.0,0.3333333333333333,1.0,746,1.0,8790.0,1.5414491428468625e-32,0.4,40.0,LOW
2701,2704,2025-10-16 08:15:00,2025-10-16 08:20:00,5.0,0,1,1,3,Very Light,Light,0.0,0.3333333333333333,1.0,746,1.0,8870.0,7.914063780556908e-33,0.4,40.0,LOW
2701,2704,2025-10-16 08:10:00,2025-10-16 08:15:00,5.0,0,1,1,3,Very Light,Light,0.0,0.3333333333333333,1.0,746,1.0,8875.0,7.591086541199547e-33,0.4,40.0,LOW
2701,2704,2025-10-16 08:05:00,2025-10-16 08:10:00,5.0,0,1,1,3,Very Light,Light,0.0,0.3333333333333333,1.0,746,1.0,8880.0,7.281290178321643e-33,0.4,40.0,LOW
2701,2704,2025-10-16 09:50:00,2025-10-16 09:55:00,5.0,0,1,1,3,Very Light,Light,0.0,0.3333333333333333,1.0,746,1.0,8775.0,1.7466907116981076e-32,0.4,40.0,LOW
2701,2704,2025-10-16 09:45:00,2025-10-16 09:50:00,5.0,0,1,1,3,Very Light,Light,0.0,0.3333333333333333,1.0,746,1.0,8780.0,1.675407315491274e-32,0.4,40.0,LOW
2701,2704,2025-10-16 10:00:00,2025-10-16 10:05:00,5.0,0,1,1,3,Very Light,Light,0.0,0.3333333333333333,1.0,746,1.0,8765.0,1.8984852078057815e-32,0.4,40.0,LOW
2701,2704,2025-10-16 07:45:00,2025-10-16 07:50:00,5.0,0,1,1,3,Very Light,Light,0.0,0.3333333333333333,1.0,746,1.0,8900.0,6.163479069574763e-33,0.4,40.0,LOW
2701,2704,2025-10-16 07:40:00,2025-10-16 07:45:00,5.0,0,1,1,3,Very Light,Light,0.0,0.3333333333333333,1.0,746,1.0,8905.0,5.911944142649009e-33,0.4,40.0,LOW
2701,2704,2025-10-16 06:25:00,2025-10-16 06:30:00,5.0,0,1,1,3,Very Light,Light,0.0,0.3333333333333333,1.0,746,1.0,8980.0,3.1644356671187854e-33,0.4,40.0,LOW
2701,2704,2025-10-16 06:20:00,2025-10-16 06:25:00,5.0,0,1,1,3,Very Light,Light,0.0,0.3333333333333333,1.0,746,1.0,8985.0,3.035293329600447e-33,0.4,40.0,LOW
2701,2704,2025-10-16 08:55:00,2025-10-16 09:00:00,5.0,0,1,1,3,Very Light,Light,0.0,0.3333333333333333,1.0,746,1.0,8830.0,1.1044965745069117e-32,0.4,40.0,LOW
2701,2704,2025-10-16 08:45:00,2025-10-16 08:50:00,5.0,0,1,1,3,Very Light,Light,0.0,0.3333333333333333,1.0,746,1.0,8840.0,1.0161859043522947e-32,0.4,40.0,LOW
2701,2704,2025-10-16 08:40:00,2025-10-16 08:45:00,5.0,0,1,1,3,Very Light,Light,0.0,0.3333333333333333,1.0,746,1.0,8845.0,9.747148059176454e-33,0.4,40.0,LOW
2701,2704,2025-10-16 08:35:00,2025-10-16 08:40:00,5.0,0,1,1,3,Very Light,Light,0.0,0.3333333333333333,1.0,746,1.0,8850.0,9.349361655243808e-33,0.4,40.0,LOW
2701,2704,2025-10-16 08:30:00,2025-10-16 08:35:00,5.0,0,1,1,3,Very Light,Light,0.0,0.3333333333333333,1.0,746,1.0,8855.0,8.967809130410259e-33,0.4,40.0,LOW
2701,2704,2025-10-16 08:25:00,2025-10-16 08:30:00,5.0,0,1,1,3,Very Light,Light,0.0,0.3333333333333333,1.0,746,1.0,8860.0,8.601827971256671e-33,0.4,40.0,LOW
2701,2704,2025-10-16 08:20:00,2025-10-16 08:25:00,5.0,0,1,1,3,Very Light,Light,0.0,0.3333333333333333,1.0,746,1.0,8865.0,8.250782701895846e-33,0.4,40.0,LOW
2701,2704,2025-10-16 05:35:00,2025-10-16 05:40:00,5.0,0,1,1,3,Very Light,Light,0.0,0.3333333333333333,1.0,746,1.0,9030.0,2.08612456342014e-33,0.4,40.0,LOW
2701,2704,2025-10-16 05:30:00,2025-10-16 05:35:00,5.0,0,1,1,3,Very Light,Light,0.0,0.3333333333333333,1.0,746,1.0,9035.0,2.0009886874489926e-33,0.4,40.0,LOW
2701,2704,2025-10-16 08:00:00,2025-10-16 08:05:00,5.0,0,1,1,3,Very Light,Light,0.0,0.3333333333333333,1.0,746,1.0,8885.0,6.984136773198405e-33,0.4,40.0,LOW
2701,2704,2025-10-16 07:55:00,2025-10-16 08:00:00,5.0,0,1,1,3,Very Light,Light,0.0,0.3333333333333333,1.0,746,1.0,8890.0,6.699110359860209e-33,0.4,40.0,LOW
2701,2704,2025-10-16 07:50:00,2025-10-16 07:55:00,5.0,0,1,1,3,Very Light,Light,0.0,0.3333333333333333,1.0,746,1.0,8895.0,6.425716029188487e-33,0.4,40.0,LOW
2701,2704,2025-10-16 07:25:00,2025-10-16 07:30:00,5.0,0,1,1,3,Very Light,Light,0.0,0.3333333333333333,1.0,746,1.0,8920.0,5.2172723941408916e-33,0.4,40.0,LOW
2701,2704,2025-10-16 07:30:00,2025-10-16 07:35:00,5.0,0,1,1,3,Very Light,Light,0.0,0.3333333333333333,1.0,746,1.0,8915.0,5.439251188044712e-33,0.4,40.0,LOW
2701,2704,2025-10-16 07:35:00,2025-10-16 07:40:00,5.0,0,1,1,3,Very Light,Light,0.0,0.3333333333333333,1.0,746,1.0,8910.0,5.6706744926470255e-33,0.4,40.0,LOW
2701,2704,2025-10-16 07:20:00,2025-10-16 07:25:00,5.0,0,1,1,3,Very Light,Light,0.0,0.3333333333333333,1.0,746,1.0,8925.0,5.004352675326472e-33,0.4,40.0,LOW
2701,2704,2025-10-16 07:00:00,2025-10-16 07:05:00,5.0,0,1,1,3,Very Light,Light,0.0,0.3333333333333333,1.0,746,1.0,8945.0,4.236093084571291e-33,0.4,40.0,LOW
2701,2704,2025-10-16 07:15:00,2025-10-16 07:20:00,5.0,0,1,1,3,Very Light,Light,0.0,0.3333333333333333,1.0,746,1.0,8930.0,4.8001223258290394e-33,0.4,40.0,LOW
2701,2704,2025-10-16 07:10:00,2025-10-16 07:15:00,5.0,0,1,1,3,Very Light,Light,0.0,0.3333333333333333,1.0,746,1.0,8935.0,4.604226727769454e-33,0.4,40.0,LOW
2701,2704,2025-10-16 07:05:00,2025-10-16 07:10:00,5.0,0,1,1,3,Very Light,Light,0.0,0.3333333333333333,1.0,746,1.0,8940.0,4.416325735416545e-33,0.4,40.0,LOW
2701,2704,2025-10-16 06:40:00,2025-10-16 06:45:00,5.0,0,1,1,3,Very Light,Light,0.0,0.3333333333333333,1.0,746,1.0,8965.0,3.5857753810251425e-33,0.4,40.0,LOW
2701,2704,2025-10-16 06:35:00,2025-10-16 06:40:00,5.0,0,1,1,3,Very Light,Light,0.0,0.3333333333333333,1.0,746,1.0,8970.0,3.439437941040803e-33,0.4,40.0,LOW
2701,2704,2025-10-16 06:30:00,2025-10-16 06:35:00,5.0,0,1,1,3,Very Light,Light,0.0,0.3333333333333333,1.0,746,1.0,8975.0,3.299072611427484e-33,0.4,40.0,LOW
2701,2704,2025-10-16 12:00:00,2025-10-16 12:05:00,5.0,0,1,1,3,Very Light,Light,0.0,0.3333333333333333,1.0,746,1.0,8645.0,5.16061784197675e-32,0.4,40.0,LOW
2701,2704,2025-10-16 11:55:00,2025-10-16 12:00:00,5.0,0,1,1,3,Very Light,Light,0.0,0.3333333333333333,1.0,746,1.0,8650.0,4.950010226193459e-32,0.4,40.0,LOW
2701,2704,2025-10-16 06:55:00,2025-10-16 07:00:00,5.0,0,1,1,3,Very Light,Light,0.0,0.3333333333333333,1.0,746,1.0,8950.0,4.06321582605375e-33,0.4,40.0,LOW
2701,2704,2025-10-16 06:50:00,2025-10-16 06:55:00,5.0,0,1,1,3,Very Light,Light,0.0,0.3333333333333333,1.0,746,1.0,8955.0,3.897393782309736e-33,0.4,40.0,LOW
2701,2704,2025-10-16 06:45:00,2025-10-16 06:50:00,5.0,0,1,1,3,Very Light,Light,0.0,0.3333333333333333,1.0,746,1.0,8960.0,3.738339026194189e-33,0.4,40.0,LOW
2701,2704,2025-10-16 11:40:00,2025-10-16 11:45:00,5.0,0,1,1,3,Very Light,Light,0.0,0.3333333333333333,1.0,746,1.0,8665.0,4.368368692377799e-32,0.4,40.0,LOW
2701,2704,2025-10-16 11:45:00,2025-10-16 11:50:00,5.0,0,1,1,3,Very Light,Light,0.0,0.3333333333333333,1.0,746,1.0,8660.0,4.5542292609672813e-32,0.4,40.0,LOW
2701,2704,2025-10-16 11:50:00,2025-10-16 11:55:00,5.0,0,1,1,3,Very Light,Light,0.0,0.3333333333333333,1.0,746,1.0,8655.0,4.747997621547163e-32,0.4,40.0,LOW
2701,2704,2025-10-16 05:40:00,2025-10-16 05:45:00,5.0,0,1,1,3,Very Light,Light,0.0,0.3333333333333333,1.0,746,1.0,9025.0,2.174882707434499e-33,0.4,40.0,LOW
2701,2704,2025-10-16 12:55:00,2025-10-16 13:00:00,5.0,0,1,1,3,Very Light,Light,0.0,0.3333333333333333,1.0,746,1.0,8590.0,8.161187150108307e-32,0.4,40.0,LOW
2701,2704,2025-10-16 12:50:00,2025-10-16 12:55:00,5.0,0,1,1,3,Very Light,Light,0.0,0.3333333333333333,1.0,746,1.0,8595.0,7.828124671878425e-32,0.4,40.0,LOW
2701,2704,2025-10-16 12:45:00,2025-10-16 12:50:00,5.0,0,1,1,3,Very Light,Light,0.0,0.3333333333333333,1.0,746,1.0,8600.0,7.508654654201682e-32,0.4,40.0,LOW
2701,2704,2025-10-16 12:40:00,2025-10-16 12:45:00,5.0,0,1,1,3,Very Light,Light,0.0,0.3333333333333333,1.0,746,1.0,8605.0,7.202222381383783e-32,0.4,40.0,LOW
2701,2704,2025-10-16 12:35:00,2025-10-16 12:40:00,5.0,0,1,1,3,Very Light,Light,0.0,0.3333333333333333,1.0,746,1.0,8610.0,6.908295775978762e-32,0.4,40.0,LOW
2701,2704,2025-10-16 12:30:00,2025-10-16 12:35:00,5.0,0,1,1,3,Very Light,Light,0.0,0.3333333333333333,1.0,746,1.0,8615.0,6.62636447491039e-32,0.4,40.0,LOW
2701,2704,2025-10-16 12:25:00,2025-10-16 12:30:00,5.0,0,1,1,3,Very Light,Light,0.0,0.3333333333333333,1.0,746,1.0,8620.0,6.355938943296637e-32,0.4,40.0,LOW
2701,2704,2025-10-16 12:20:00,2025-10-16 12:25:00,5.0,0,1,1,3,Very Light,Light,0.0,0.3333333333333333,1.0,746,1.0,8625.0,6.096549624439501e-32,0.4,40.0,LOW
2701,2704,2025-10-16 12:15:00,2025-10-16 12:20:00,5.0,0,1,1,3,Very Light,Light,0.0,0.3333333333333333,1.0,746,1.0,8630.0,5.847746124505018e-32,0.4,40.0,LOW
2701,2704,2025-10-16 12:10:00,2025-10-16 12:15:00,5.0,0,1,1,3,Very Light,Light,0.0,0.3333333333333333,1.0,746,1.0,8635.0,5.609096430476088e-32,0.4,40.0,LOW
2701,2704,2025-10-16 12:05:00,2025-10-16 12:10:00,5.0,0,1,1,3,Very Light,Light,0.0,0.3333333333333333,1.0,746,1.0,8640.0,5.380186160021138e-32,0.4,40.0,LOW
2701,2704,2025-10-15 06:40:00,2025-10-15 06:45:00,5.0,0,1,1,1,Very Light,Light,0.0,0.3333333333333333,1.0,746,1.0,10405.0,2.203176539235485e-38,0.4,40.0,LOW
2706,2704,2025-10-21 16:05:00,2025-10-21 17:05:00,60.0,1,3,2,9,Light,Severe,0.3333333333333333,0.6666666666666666,0.0,496,0.6648793565683646,1200.0,4.5399929762484854e-05,0.3997364434782309,39.97,LOW
2706,2704,2025-10-18 16:00:00,2025-10-18 17:00:00,60.0,2,3,1,6,Moderate,Severe,0.6666666666666666,0.3333333333333333,0.0,496,0.6648793565683646,5525.0,1.0100857146216132e-20,0.39973190348525467,39.97,LOW
2706,2704,2025-10-17 15:25:00,2025-10-17 16:25:00,60.0,0,3,3,4,Very Light,Severe,0.0,1.0,0.0,496,0.6648793565683646,7000.0,4.636125910993035e-26,0.39973190348525467,39.97,LOW
2706,2704,2025-10-17 18:10:00,2025-10-17 19:10:00,60.0,0,3,3,5,Very Light,Severe,0.0,1.0,0.0,496,0.6648793565683646,6835.0,1.8336233675097506e-25,0.39973190348525467,39.97,LOW
2702,2704,2025-10-17 05:35:00,2025-10-17 06:10:00,35.0,0,2,2,4,Very Light,Moderate,0.0,0.6666666666666666,0.4545454545454546,654,0.8766756032171582,7590.0,3.3952676819350547e-28,0.3996831586643919,39.97,LOW
2702,2704,2025-10-22 08:40:00,2025-10-22 08:45:00,5.0,0,1,1,11,Very Light,Light,0.0,0.3333333333333333,1.0,654,0.8766756032171582,205.0,0.18116748694692214,0.39961808917726593,39.96,LOW
2706,2704,2025-10-22 10:40:00,2025-10-22 10:45:00,5.0,0,1,1,11,Very Light,Light,0.0,0.3333333333333333,1.0,496,0.6648793565683646,85.0,0.49246428767540973,0.39897833225279566,39.9,LOW
2702,2704,2025-10-22 08:35:00,2025-10-22 08:40:00,5.0,0,1,1,11,Very Light,Light,0.0,0.3333333333333333,1.0,654,0.8766756032171582,210.0,0.17377394345044514,0.39887873482761826,39.89,LOW
2701,2704,2025-10-22 07:55:00,2025-10-22 08:05:00,10.0,0,1,1,11,Very Light,Light,0.0,0.3333333333333333,0.9090909090909091,746,1.0,250.0,0.12451447144412296,0.3988150835080487,39.88,LOW
2702,2704,2025-10-22 08:30:00,2025-10-22 08:35:00,5.0,0,1,1,11,Very Light,Light,0.0,0.3333333333333333,1.0,654,0.8766756032171582,215.0,0.16668213447794653,0.3981695539303684,39.82,LOW
2702,2704,2025-10-22 08:25:00,2025-10-22 08:30:00,5.0,0,1,1,11,Very Light,Light,0.0,0.3333333333333333,1.0,654,0.8766756032171582,220.0,0.1598797460796939,0.39748931509054314,39.75,LOW
2706,2704,2025-10-22 10:35:00,2025-10-22 10:40:00,5.0,0,1,1,11,Very Light,Light,0.0,0.3333333333333333,1.0,496,0.6648793565683646,90.0,0.4723665527410147,0.39696855875935616,39.7,LOW
2702,2704,2025-10-22 08:20:00,2025-10-22 08:25:00,5.0,0,1,1,11,Very Light,Light,0.0,0.3333333333333333,1.0,654,0.8766756032171582,225.0,0.15335496684492847,0.3968368371670666,39.68,LOW
2702,2704,2025-10-22 08:15:00,2025-10-22 08:20:00,5.0,0,1,1,11,Very Light,Light,0.0,0.3333333333333333,1.0,654,0.8766756032171582,230.0,0.1470964673929768,0.3962109872218714,39.62,LOW
2702,2704,2025-10-22 08:05:00,2025-10-22 08:10:00,5.0,0,1,1,11,Very Light,Light,0.0,0.3333333333333333,1.0,654,0.8766756032171582,240.0,0.1353352832366127,0.395034868806235,39.5,LOW
2702,2704,2025-10-22 08:00:00,2025-10-22 08:05:00,5.0,0,1,1,11,Very Light,Light,0.0,0.3333333333333333,1.0,654,0.8766756032171582,245.0,0.129812176855438,0.3944825581681175,39.45,LOW
2702,2704,2025-10-22 07:50:00,2025-10-22 07:55:00,5.0,0,1,1,11,Very Light,Light,0.0,0.3333333333333333,1.0,654,0.8766756032171582,255.0,0.11943296826671962,0.39344463730924567,39.34,LOW
2702,2704,2025-10-22 07:45:00,2025-10-22 07:50:00,5.0,0,1,1,11,Very Light,Light,0.0,0.3333333333333333,1.0,654,0.8766756032171582,260.0,0.11455884399268773,0.3929572248818425,39.3,LOW
2706,2704,2025-10-22 10:20:00,2025-10-22 10:25:00,5.0,0,1,1,11,Very Light,Light,0.0,0.3333333333333333,1.0,496,0.6648793565683646,105.0,0.4168620196785084,0.3914181054531055,39.14,LOW
2706,2704,2025-10-22 10:15:00,2025-10-22 10:20:00,5.0,0,1,1,11,Very Light,Light,0.0,0.3333333333333333,1.0,496,0.6648793565683646,110.0,0.39984965434484737,0.38971686891973945,38.97,LOW
2706,2704,2025-10-22 10:05:00,2025-10-22 10:10:00,5.0,0,1,1,11,Very Light,Light,0.0,0.3333333333333333,1.0,496,0.6648793565683646,120.0,0.36787944117144233,0.38651984760239894,38.65,LOW
2701,2704,2025-10-16 08:50:00,2025-10-16 09:00:00,10.0,0,1,1,3,Very Light,Light,0.0,0.3333333333333333,0.9090909090909091,746,1.0,8835.0,1.0594214696801825e-32,0.38636363636363635,38.64,LOW
2701,2704,2025-10-16 14:05:00,2025-10-16 14:15:00,10.0,0,1,1,3,Very Light,Light,0.0,0.3333333333333333,0.9090909090909091,746,1.0,8520.0,1.462486227251231e-31,0.38636363636363635,38.64,LOW
2701,2704,2025-10-21 07:25:00,2025-10-21 07:35:00,10.0,0,1,1,9,Very Light,Light,0.0,0.3333333333333333,0.9090909090909091,746,1.0,1720.0,5.958163628790234e-07,0.38636369594527264,38.64,LOW
2701,2704,2025-10-21 15:05:00,2025-10-21 15:15:00,10.0,0,1,1,9,Very Light,Light,0.0,0.3333333333333333,0.9090909090909091,746,1.0,1260.0,2.7536449349747158e-05,0.3863663900085713,38.64,LOW
2701,2704,2025-10-16 15:35:00,2025-10-16 15:45:00,10.0,0,1,1,3,Very Light,Light,0.0,0.3333333333333333,0.9090909090909091,746,1.0,8430.0,3.0960833673866636e-31,0.38636363636363635,38.64,LOW
2701,2704,2025-10-21 15:50:00,2025-10-21 16:00:00,10.0,0,1,1,9,Very Light,Light,0.0,0.3333333333333333,0.9090909090909091,746,1.0,1215.0,4.006529739295107e-05,0.38636764289337566,38.64,LOW
2702,2704,2025-10-17 05:30:00,2025-10-17 06:10:00,40.0,0,2,2,4,Very Light,Moderate,0.0,0.6666666666666666,0.36363636363636365,654,0.8766756032171582,7595.0,3.2567049645754953e-28,0.38604679502802824,38.6,LOW
2702,2704,2025-10-16 14:25:00,2025-10-16 14:30:00,5.0,0,1,1,3,Very Light,Light,0.0,0.3333333333333333,1.0,654,0.8766756032171582,8500.0,1.7277233332358432e-31,0.3815013404825737,38.15,LOW
2702,2704,2025-10-16 14:30:00,2025-10-16 14:35:00,5.0,0,1,1,3,Very Light,Light,0.0,0.3333333333333333,1.0,654,0.8766756032171582,8495.0,1.8012326140895477e-31,0.3815013404825737,38.15,LOW
2702,2704,2025-10-16 14:15:00,2025-10-16 14:20:00,5.0,0,1,1,3,Very Light,Light,0.0,0.3333333333333333,1.0,654,0.8766756032171582,8510.0,1.5895822027683797e-31,0.3815013404825737,38.15,LOW
2702,2704,2025-10-16 13:50:00,2025-10-16 13:55:00,5.0,0,1,1,3,Very Light,Light,0.0,0.3333333333333333,1.0,654,0.8766756032171582,8535.0,1.290639565621842e-31,0.3815013404825737,38.15,LOW
2702,2704,2025-10-16 13:40:00,2025-10-16 13:45:00,5.0,0,1,1,3,Very Light,Light,0.0,0.3333333333333333,1.0,654,0.8766756032171582,8545.0,1.1874457236499973e-31,0.3815013404825737,38.15,LOW
2702,2704,2025-10-16 14:20:00,2025-10-16 14:25:00,5.0,0,1,1,3,Very Light,Light,0.0,0.3333333333333333,1.0,654,0.8766756032171582,8505.0,1.6572140060412714e-31,0.3815013404825737,38.15,LOW
2702,2704,2025-10-16 14:35:00,2025-10-16 14:40:00,5.0,0,1,1,3,Very Light,Light,0.0,0.3333333333333333,1.0,654,0.8766756032171582,8490.0,1.8778694873463448e-31,0.3815013404825737,38.15,LOW
2702,2704,2025-10-16 16:40:00,2025-10-16 16:45:00,5.0,0,1,1,3,Very Light,Light,0.0,0.3333333333333333,1.0,654,0.8766756032171582,8365.0,5.321762521301867e-31,0.3815013404825737,38.15,LOW
2702,2704,2025-10-16 16:45:00,2025-10-16 16:50:00,5.0,0,1,1,3,Very Light,Light,0.0,0.3333333333333333,1.0,654,0.8766756032171582,8360.0,5.548187046739294e-31,0.3815013404825737,38.15,LOW
2702,2704,2025-10-16 16:30:00,2025-10-16 16:35:00,5.0,0,1,1,3,Very Light,Light,0.0,0.3333333333333333,1.0,654,0.8766756032171582,8375.0,4.896257883707402e-31,0.3815013404825737,38.15,LOW
2702,2704,2025-10-16 16:25:00,2025-10-16 16:30:00,5.0,0,1,1,3,Very Light,Light,0.0,0.3333333333333333,1.0,654,0.8766756032171582,8380.0,4.696438941339684e-31,0.3815013404825737,38.15,LOW
2702,2704,2025-10-16 16:20:00,2025-10-16 16:25:00,5.0,0,1,1,3,Very Light,Light,0.0,0.3333333333333333,1.0,654,0.8766756032171582,8385.0,4.5047747184898065e-31,0.3815013404825737,38.15,LOW
2702,2704,2025-10-16 16:35:00,2025-10-16 16:40:00,5.0,0,1,1,3,Very Light,Light,0.0,0.3333333333333333,1.0,654,0.8766756032171582,8370.0,5.104578503671272e-31,0.3815013404825737,38.15,LOW
2702,2704,2025-10-16 16:50:00,2025-10-16 16:55:00,5.0,0,1,1,3,Very Light,Light,0.0,0.3333333333333333,1.0,654,0.8766756032171582,8355.0,5.784245234993277e-31,0.3815013404825737,38.15,LOW
2702,2704,2025-10-16 16:10:00,2025-10-16 16:15:00,5.0,0,1,1,3,Very Light,Light,0.0,0.3333333333333333,1.0,654,0.8766756032171582,8395.0,4.144592818909948e-31,0.3815013404825737,38.15,LOW
2702,2704,2025-10-16 16:15:00,2025-10-16 16:20:00,5.0,0,1,1,3,Very Light,Light,0.0,0.3333333333333333,1.0,654,0.8766756032171582,8390.0,4.320932416627188e-31,0.3815013404825737,38.15,LOW
2702,2704,2025-10-16 16:05:00,2025-10-16 16:10:00,5.0,0,1,1,3,Very Light,Light,0.0,0.3333333333333333,1.0,654,0.8766756032171582,8400.0,3.975449735908647e-31,0.3815013404825737,38.15,LOW
2702,2704,2025-10-16 16:00:00,2025-10-16 16:05:00,5.0,0,1,1,3,Very Light,Light,0.0,0.3333333333333333,1.0,654,0.8766756032171582,8405.0,3.8132094739508634e-31,0.3815013404825737,38.15,LOW
2702,2704,2025-10-16 15:50:00,2025-10-16 15:55:00,5.0,0,1,1,3,Very Light,Light,0.0,0.3333333333333333,1.0,654,0.8766756032171582,8415.0,3.5083220783201285e-31,0.3815013404825737,38.15,LOW
2702,2704,2025-10-16 15:55:00,2025-10-16 16:00:00,5.0,0,1,1,3,Very Light,Light,0.0,0.3333333333333333,1.0,654,0.8766756032171582,8410.0,3.657590325162386e-31,0.3815013404825737,38.15,LOW
2702,2704,2025-10-16 15:45:00,2025-10-16 15:50:00,5.0,0,1,1,3,Very Light,Light,0.0,0.3333333333333333,1.0,654,0.8766756032171582,8420.0,3.3651455496678715e-31,0.3815013404825737,38.15,LOW
2702,2704,2025-10-16 15:20:00,2025-10-16 15:25:00,5.0,0,1,1,3,Very Light,Light,0.0,0.3333333333333333,1.0,654,0.8766756032171582,8445.0,2.732283981862415e-31,0.3815013404825737,38.15,LOW
2702,2704,2025-10-16 15:15:00,2025-10-16 15:20:00,5.0,0,1,1,3,Very Light,Light,0.0,0.3333333333333333,1.0,654,0.8766756032171582,8450.0,2.6207779892305916e-31,0.3815013404825737,38.15,LOW
2702,2704,2025-10-16 15:10:00,2025-10-16 15:15:00,5.0,0,1,1,3,Very Light,Light,0.0,0.3333333333333333,1.0,654,0.8766756032171582,8455.0,2.513822616693694e-31,0.3815013404825737,38.15,LOW
2702,2704,2025-10-16 15:05:00,2025-10-16 15:10:00,5.0,0,1,1,3,Very Light,Light,0.0,0.3333333333333333,1.0,654,0.8766756032171582,8460.0,2.411232150975086e-31,0.3815013404825737,38.15,LOW
2702,2704,2025-10-16 15:00:00,2025-10-16 15:05:00,5.0,0,1,1,3,Very Light,Light,0.0,0.3333333333333333,1.0,654,0.8766756032171582,8465.0,2.3128284578578812e-31,0.3815013404825737,38.15,LOW
2702,2704,2025-10-16 14:55:00,2025-10-16 15:00:00,5.0,0,1,1,3,Very Light,Light,0.0,0.3333333333333333,1.0,654,0.8766756032171582,8470.0,2.2184406728792874e-31,0.3815013404825737,38.15,LOW
2702,2704,2025-10-16 14:50:00,2025-10-16 14:55:00,5.0,0,1,1,3,Very Light,Light,0.0,0.3333333333333333,1.0,654,0.8766756032171582,8475.0,2.1279049046479047e-31,0.3815013404825737,38.15,LOW
2702,2704,2025-10-16 14:45:00,2025-10-16 14:50:00,5.0,0,1,1,3,Very Light,Light,0.0,0.3333333333333333,1.0,654,0.8766756032171582,8480.0,2.0410639502690864e-31,0.3815013404825737,38.15,LOW
2702,2704,2025-10-16 14:40:00,2025-10-16 14:45:00,5.0,0,1,1,3,Very Light,Light,0.0,0.3333333333333333,1.0,654,0.8766756032171582,8485.0,1.9577670223836566e-31,0.3815013404825737,38.15,LOW
2702,2704,2025-10-16 11:20:00,2025-10-16 11:25:00,5.0,0,1,1,3,Very Light,Light,0.0,0.3333333333333333,1.0,654,0.8766756032171582,8685.0,3.6977442656820983e-32,0.3815013404825737,38.15,LOW
2702,2704,2025-10-16 11:25:00,2025-10-16 11:30:00,5.0,0,1,1,3,Very Light,Light,0.0,0.3333333333333333,1.0,654,0.8766756032171582,8680.0,3.855071840370927e-32,0.3815013404825737,38.15,LOW
2702,2704,2025-10-16 11:30:00,2025-10-16 11:35:00,5.0,0,1,1,3,Very Light,Light,0.0,0.3333333333333333,1.0,654,0.8766756032171582,8675.0,4.019093216463757e-32,0.3815013404825737,38.15,LOW
2702,2704,2025-10-16 11:35:00,2025-10-16 11:40:00,5.0,0,1,1,3,Very Light,Light,0.0,0.3333333333333333,1.0,654,0.8766756032171582,8670.0,4.1900931944943974e-32,0.3815013404825737,38.15,LOW
2702,2704,2025-10-16 11:40:00,2025-10-16 11:45:00,5.0,0,1,1,3,Very Light,Light,0.0,0.3333333333333333,1.0,654,0.8766756032171582,8665.0,4.368368692377799e-32,0.3815013404825737,38.15,LOW
2702,2704,2025-10-16 11:45:00,2025-10-16 11:50:00,5.0,0,1,1,3,Very Light,Light,0.0,0.3333333333333333,1.0,654,0.8766756032171582,8660.0,4.5542292609672813e-32,0.3815013404825737,38.15,LOW
2702,2704,2025-10-16 11:50:00,2025-10-16 11:55:00,5.0,0,1,1,3,Very Light,Light,0.0,0.3333333333333333,1.0,654,0.8766756032171582,8655.0,4.747997621547163e-32,0.3815013404825737,38.15,LOW
2702,2704,2025-10-16 11:55:00,2025-10-16 12:00:00,5.0,0,1,1,3,Very Light,Light,0.0,0.3333333333333333,1.0,654,0.8766756032171582,8650.0,4.950010226193459e-32,0.3815013404825737,38.15,LOW
2702,2704,2025-10-16 12:00:00,2025-10-16 12:05:00,5.0,0,1,1,3,Very Light,Light,0.0,0.3333333333333333,1.0,654,0.8766756032171582,8645.0,5.16061784197675e-32,0.3815013404825737,38.15,LOW
2702,2704,2025-10-16 12:05:00,2025-10-16 12:10:00,5.0,0,1,1,3,Very Light,Light,0.0,0.3333333333333333,1.0,654,0.8766756032171582,8640.0,5.380186160021138e-32,0.3815013404825737,38.15,LOW
2702,2704,2025-10-16 12:10:00,2025-10-16 12:15:00,5.0,0,1,1,3,Very Light,Light,0.0,0.3333333333333333,1.0,654,0.8766756032171582,8635.0,5.609096430476088e-32,0.3815013404825737,38.15,LOW
2702,2704,2025-10-16 12:15:00,2025-10-16 12:20:00,5.0,0,1,1,3,Very Light,Light,0.0,0.3333333333333333,1.0,654,0.8766756032171582,8630.0,5.847746124505018e-32,0.3815013404825737,38.15,LOW
2702,2704,2025-10-16 12:20:00,2025-10-16 12:25:00,5.0,0,1,1,3,Very Light,Light,0.0,0.3333333333333333,1.0,654,0.8766756032171582,8625.0,6.096549624439501e-32,0.3815013404825737,38.15,LOW
2702,2704,2025-10-16 15:25:00,2025-10-16 15:30:00,5.0,0,1,1,3,Very Light,Light,0.0,0.3333333333333333,1.0,654,0.8766756032171582,8440.0,2.8485342093908605e-31,0.3815013404825737,38.15,LOW
2702,2704,2025-10-16 15:30:00,2025-10-16 15:35:00,5.0,0,1,1,3,Very Light,Light,0.0,0.3333333333333333,1.0,654,0.8766756032171582,8435.0,2.9697305243282323e-31,0.3815013404825737,38.15,LOW
2702,2704,2025-10-16 12:45:00,2025-10-16 12:50:00,5.0,0,1,1,3,Very Light,Light,0.0,0.3333333333333333,1.0,654,0.8766756032171582,8600.0,7.508654654201682e-32,0.3815013404825737,38.15,LOW
2702,2704,2025-10-16 12:50:00,2025-10-16 12:55:00,5.0,0,1,1,3,Very Light,Light,0.0,0.3333333333333333,1.0,654,0.8766756032171582,8595.0,7.828124671878425e-32,0.3815013404825737,38.15,LOW
2702,2704,2025-10-16 12:55:00,2025-10-16 13:00:00,5.0,0,1,1,3,Very Light,Light,0.0,0.3333333333333333,1.0,654,0.8766756032171582,8590.0,8.161187150108307e-32,0.3815013404825737,38.15,LOW
2702,2704,2025-10-16 13:00:00,2025-10-16 13:05:00,5.0,0,1,1,3,Very Light,Light,0.0,0.3333333333333333,1.0,654,0.8766756032171582,8585.0,8.508420406021661e-32,0.3815013404825737,38.15,LOW
2702,2704,2025-10-16 13:05:00,2025-10-16 13:10:00,5.0,0,1,1,3,Very Light,Light,0.0,0.3333333333333333,1.0,654,0.8766756032171582,8580.0,8.870427362353295e-32,0.3815013404825737,38.15,LOW
2702,2704,2025-10-16 13:10:00,2025-10-16 13:15:00,5.0,0,1,1,3,Very Light,Light,0.0,0.3333333333333333,1.0,654,0.8766756032171582,8575.0,9.247836594334089e-32,0.3815013404825737,38.15,LOW
2702,2704,2025-10-16 13:15:00,2025-10-16 13:20:00,5.0,0,1,1,3,Very Light,Light,0.0,0.3333333333333333,1.0,654,0.8766756032171582,8570.0,9.641303421125663e-32,0.3815013404825737,38.15,LOW
2702,2704,2025-10-16 13:20:00,2025-10-16 13:25:00,5.0,0,1,1,3,Very Light,Light,0.0,0.3333333333333333,1.0,654,0.8766756032171582,8565.0,1.0051511043692284e-31,0.3815013404825737,38.15,LOW
2702,2704,2025-10-16 13:25:00,2025-10-16 13:30:00,5.0,0,1,1,3,Very Light,Light,0.0,0.3333333333333333,1.0,654,0.8766756032171582,8560.0,1.047917173108446e-31,0.3815013404825737,38.15,LOW
2702,2704,2025-10-16 13:30:00,2025-10-16 13:35:00,5.0,0,1,1,3,Very Light,Light,0.0,0.3333333333333333,1.0,654,0.8766756032171582,8555.0,1.0925028057196446e-31,0.3815013404825737,38.15,LOW
2702,2704,2025-10-16 12:35:00,2025-10-16 12:40:00,5.0,0,1,1,3,Very Light,Light,0.0,0.3333333333333333,1.0,654,0.8766756032171582,8610.0,6.908295775978762e-32,0.3815013404825737,38.15,LOW
2702,2704,2025-10-16 12:25:00,2025-10-16 12:30:00,5.0,0,1,1,3,Very Light,Light,0.0,0.3333333333333333,1.0,654,0.8766756032171582,8620.0,6.355938943296637e-32,0.3815013404825737,38.15,LOW
2702,2704,2025-10-16 09:40:00,2025-10-16 09:45:00,5.0,0,1,1,3,Very Light,Light,0.0,0.3333333333333333,1.0,654,0.8766756032171582,8785.0,1.607033033382769e-32,0.3815013404825737,38.15,LOW
2702,2704,2025-10-16 12:40:00,2025-10-16 12:45:00,5.0,0,1,1,3,Very Light,Light,0.0,0.3333333333333333,1.0,654,0.8766756032171582,8605.0,7.202222381383783e-32,0.3815013404825737,38.15,LOW
2702,2704,2025-10-16 14:10:00,2025-10-16 14:15:00,5.0,0,1,1,3,Very Light,Light,0.0,0.3333333333333333,1.0,654,0.8766756032171582,8515.0,1.5247104901037646e-31,0.3815013404825737,38.15,LOW
2702,2704,2025-10-16 11:00:00,2025-10-16 11:05:00,5.0,0,1,1,3,Very Light,Light,0.0,0.3333333333333333,1.0,654,0.8766756032171582,8705.0,3.130072944218945e-32,0.3815013404825737,38.15,LOW
2702,2704,2025-10-16 14:00:00,2025-10-16 14:05:00,5.0,0,1,1,3,Very Light,Light,0.0,0.3333333333333333,1.0,654,0.8766756032171582,8525.0,1.4028013703466932e-31,0.3815013404825737,38.15,LOW
2702,2704,2025-10-16 11:15:00,2025-10-16 11:20:00,5.0,0,1,1,3,Very Light,Light,0.0,0.3333333333333333,1.0,654,0.8766756032171582,8690.0,3.546837314728024e-32,0.3815013404825737,38.15,LOW
2702,2704,2025-10-16 08:40:00,2025-10-16 08:45:00,5.0,0,1,1,3,Very Light,Light,0.0,0.3333333333333333,1.0,654,0.8766756032171582,8845.0,9.747148059176454e-33,0.3815013404825737,38.15,LOW
2702,2704,2025-10-16 08:45:00,2025-10-16 08:50:00,5.0,0,1,1,3,Very Light,Light,0.0,0.3333333333333333,1.0,654,0.8766756032171582,8840.0,1.0161859043522947e-32,0.3815013404825737,38.15,LOW
2702,2704,2025-10-16 08:55:00,2025-10-16 09:00:00,5.0,0,1,1,3,Very Light,Light,0.0,0.3333333333333333,1.0,654,0.8766756032171582,8830.0,1.1044965745069117e-32,0.3815013404825737,38.15,LOW
2702,2704,2025-10-16 09:00:00,2025-10-16 09:05:00,5.0,0,1,1,3,Very Light,Light,0.0,0.3333333333333333,1.0,654,0.8766756032171582,8825.0,1.1514894855451166e-32,0.3815013404825737,38.15,LOW
2702,2704,2025-10-16 09:05:00,2025-10-16 09:10:00,5.0,0,1,1,3,Very Light,Light,0.0,0.3333333333333333,1.0,654,0.8766756032171582,8820.0,1.2004817995138824e-32,0.3815013404825737,38.15,LOW
2702,2704,2025-10-16 09:10:00,2025-10-16 09:15:00,5.0,0,1,1,3,Very Light,Light,0.0,0.3333333333333333,1.0,654,0.8766756032171582,8815.0,1.2515585848201157e-32,0.3815013404825737,38.15,LOW
2702,2704,2025-10-16 09:15:00,2025-10-16 09:20:00,5.0,0,1,1,3,Very Light,Light,0.0,0.3333333333333333,1.0,654,0.8766756032171582,8810.0,1.3048085292681647e-32,0.3815013404825737,38.15,LOW
2702,2704,2025-10-16 09:20:00,2025-10-16 09:25:00,5.0,0,1,1,3,Very Light,Light,0.0,0.3333333333333333,1.0,654,0.8766756032171582,8805.0,1.3603240940540357e-32,0.3815013404825737,38.15,LOW
2702,2704,2025-10-16 09:25:00,2025-10-16 09:30:00,5.0,0,1,1,3,Very Light,Light,0.0,0.3333333333333333,1.0,654,0.8766756032171582,8800.0,1.4182016743114204e-32,0.3815013404825737,38.15,LOW
2702,2704,2025-10-16 09:30:00,2025-10-16 09:35:00,5.0,0,1,1,3,Very Light,Light,0.0,0.3333333333333333,1.0,654,0.8766756032171582,8795.0,1.4785417664886213e-32,0.3815013404825737,38.15,LOW
2702,2704,2025-10-16 09:35:00,2025-10-16 09:40:00,5.0,0,1,1,3,Very Light,Light,0.0,0.3333333333333333,1.0,654,0.8766756032171582,8790.0,1.5414491428468625e-32,0.3815013404825737,38.15,LOW
2702,2704,2025-10-16 11:10:00,2025-10-16 11:15:00,5.0,0,1,1,3,Very Light,Light,0.0,0.3333333333333333,1.0,654,0.8766756032171582,8695.0,3.402088958368439e-32,0.3815013404825737,38.15,LOW
2702,2704,2025-10-16 11:05:00,2025-10-16 11:10:00,5.0,0,1,1,3,Very Light,Light,0.0,0.3333333333333333,1.0,654,0.8766756032171582,8700.0,3.263247861014401e-32,0.3815013404825737,38.15,LOW
2702,2704,2025-10-16 08:30:00,2025-10-16 08:35:00,5.0,0,1,1,3,Very Light,Light,0.0,0.3333333333333333,1.0,654,0.8766756032171582,8855.0,8.967809130410259e-33,0.3815013404825737,38.15,LOW
2702,2704,2025-10-16 08:20:00,2025-10-16 08:25:00,5.0,0,1,1,3,Very Light,Light,0.0,0.3333333333333333,1.0,654,0.8766756032171582,8865.0,8.250782701895846e-33,0.3815013404825737,38.15,LOW
2702,2704,2025-10-16 09:55:00,2025-10-16 10:00:00,5.0,0,1,1,3,Very Light,Light,0.0,0.3333333333333333,1.0,654,0.8766756032171582,8770.0,1.8210069958049742e-32,0.3815013404825737,38.15,LOW
2702,2704,2025-10-16 07:25:00,2025-10-16 07:30:00,5.0,0,1,1,3,Very Light,Light,0.0,0.3333333333333333,1.0,654,0.8766756032171582,8920.0,5.2172723941408916e-33,0.3815013404825737,38.15,LOW
2702,2704,2025-10-16 07:30:00,2025-10-16 07:35:00,5.0,0,1,1,3,Very Light,Light,0.0,0.3333333333333333,1.0,654,0.8766756032171582,8915.0,5.439251188044712e-33,0.3815013404825737,38.15,LOW
2702,2704,2025-10-16 07:35:00,2025-10-16 07:40:00,5.0,0,1,1,3,Very Light,Light,0.0,0.3333333333333333,1.0,654,0.8766756032171582,8910.0,5.6706744926470255e-33,0.3815013404825737,38.15,LOW
2702,2704,2025-10-16 10:50:00,2025-10-16 10:55:00,5.0,0,1,1,3,Very Light,Light,0.0,0.3333333333333333,1.0,654,0.8766756032171582,8715.0,2.879806129711015e-32,0.3815013404825737,38.15,LOW
2702,2704,2025-10-16 10:45:00,2025-10-16 10:50:00,5.0,0,1,1,3,Very Light,Light,0.0,0.3333333333333333,1.0,654,0.8766756032171582,8720.0,2.762279678137064e-32,0.3815013404825737,38.15,LOW
2702,2704,2025-10-16 10:40:00,2025-10-16 10:45:00,5.0,0,1,1,3,Very Light,Light,0.0,0.3333333333333333,1.0,654,0.8766756032171582,8725.0,2.64954954485592e-32,0.3815013404825737,38.15,LOW
2702,2704,2025-10-16 10:55:00,2025-10-16 11:00:00,5.0,0,1,1,3,Very Light,Light,0.0,0.3333333333333333,1.0,654,0.8766756032171582,8710.0,3.0023329680774e-32,0.3815013404825737,38.15,LOW
2702,2704,2025-10-16 10:30:00,2025-10-16 10:35:00,5.0,0,1,1,3,Very Light,Light,0.0,0.3333333333333333,1.0,654,0.8766756032171582,8735.0,2.437703260028332e-32,0.3815013404825737,38.15,LOW
2702,2704,2025-10-16 10:25:00,2025-10-16 10:30:00,5.0,0,1,1,3,Very Light,Light,0.0,0.3333333333333333,1.0,654,0.8766756032171582,8740.0,2.3382192665797744e-32,0.3815013404825737,38.15,LOW
2702,2704,2025-10-16 10:20:00,2025-10-16 10:25:00,5.0,0,1,1,3,Very Light,Light,0.0,0.3333333333333333,1.0,654,0.8766756032171582,8745.0,2.2427952689127702e-32,0.3815013404825737,38.15,LOW
2702,2704,2025-10-16 10:15:00,2025-10-16 10:20:00,5.0,0,1,1,3,Very Light,Light,0.0,0.3333333333333333,1.0,654,0.8766756032171582,8750.0,2.1512655763953736e-32,0.3815013404825737,38.15,LOW
2702,2704,2025-10-16 10:10:00,2025-10-16 10:15:00,5.0,0,1,1,3,Very Light,Light,0.0,0.3333333333333333,1.0,654,0.8766756032171582,8755.0,2.0634712603202752e-32,0.3815013404825737,38.15,LOW
2702,2704,2025-10-16 10:05:00,2025-10-16 10:10:00,5.0,0,1,1,3,Very Light,Light,0.0,0.3333333333333333,1.0,654,0.8766756032171582,8760.0,1.9792598779469045e-32,0.3815013404825737,38.15,LOW
2702,2704,2025-10-16 10:00:00,2025-10-16 10:05:00,5.0,0,1,1,3,Very Light,Light,0.0,0.3333333333333333,1.0,654,0.8766756032171582,8765.0,1.8984852078057815e-32,0.3815013404825737,38.15,LOW
2702,2704,2025-10-16 10:35:00,2025-10-16 10:40:00,5.0,0,1,1,3,Very Light,Light,0.0,0.3333333333333333,1.0,654,0.8766756032171582,8730.0,2.5414199895141027e-32,0.3815013404825737,38.15,LOW
2702,2704,2025-10-21 16:50:00,2025-10-21 16:55:00,5.0,0,1,1,9,Very Light,Light,0.0,0.3333333333333333,1.0,654,0.8766756032171582,1155.0,6.605650802868481e-05,0.3815079461333766,38.15,LOW
2702,2704,2025-10-15 07:40:00,2025-10-15 07:45:00,5.0,0,1,1,1,Very Light,Light,0.0,0.3333333333333333,1.0,654,0.8766756032171582,10345.0,3.632424023345039e-38,0.3815013404825737,38.15,LOW
2702,2704,2025-10-16 09:45:00,2025-10-16 09:50:00,5.0,0,1,1,3,Very Light,Light,0.0,0.3333333333333333,1.0,654,0.8766756032171582,8780.0,1.675407315491274e-32,0.3815013404825737,38.15,LOW
2702,2704,2025-10-16 09:50:00,2025-10-16 09:55:00,5.0,0,1,1,3,Very Light,Light,0.0,0.3333333333333333,1.0,654,0.8766756032171582,8775.0,1.7466907116981076e-32,0.3815013404825737,38.15,LOW
2702,2704,2025-10-16 08:15:00,2025-10-16 08:20:00,5.0,0,1,1,3,Very Light,Light,0.0,0.3333333333333333,1.0,654,0.8766756032171582,8870.0,7.914063780556908e-33,0.3815013404825737,38.15,LOW
2702,2704,2025-10-16 08:10:00,2025-10-16 08:15:00,5.0,0,1,1,3,Very Light,Light,0.0,0.3333333333333333,1.0,654,0.8766756032171582,8875.0,7.591086541199547e-33,0.3815013404825737,38.15,LOW
2702,2704,2025-10-16 08:05:00,2025-10-16 08:10:00,5.0,0,1,1,3,Very Light,Light,0.0,0.3333333333333333,1.0,654,0.8766756032171582,8880.0,7.281290178321643e-33,0.3815013404825737,38.15,LOW
2702,2704,2025-10-16 08:00:00,2025-10-16 08:05:00,5.0,0,1,1,3,Very Light,Light,0.0,0.3333333333333333,1.0,654,0.8766756032171582,8885.0,6.984136773198405e-33,0.3815013404825737,38.15,LOW
2702,2704,2025-10-16 07:55:00,2025-10-16 08:00:00,5.0,0,1,1,3,Very Light,Light,0.0,0.3333333333333333,1.0,654,0.8766756032171582,8890.0,6.699110359860209e-33,0.3815013404825737,38.15,LOW
2702,2704,2025-10-16 07:50:00,2025-10-16 07:55:00,5.0,0,1,1,3,Very Light,Light,0.0,0.3333333333333333,1.0,654,0.8766756032171582,8895.0,6.425716029188487e-33,0.3815013404825737,38.15,LOW
2702,2704,2025-10-16 07:45:00,2025-10-16 07:50:00,5.0,0,1,1,3,Very Light,Light,0.0,0.3333333333333333,1.0,654,0.8766756032171582,8900.0,6.163479069574763e-33,0.3815013404825737,38.15,LOW
2702,2704,2025-10-16 07:40:00,2025-10-16 07:45:00,5.0,0,1,1,3,Very Light,Light,0.0,0.3333333333333333,1.0,654,0.8766756032171582,8905.0,5.911944142649009e-33,0.3815013404825737,38.15,LOW
2702,2704,2025-10-21 16:35:00,2025-10-21 16:40:00,5.0,0,1,1,9,Very Light,Light,0.0,0.3333333333333333,1.0,654,0.8766756032171582,1170.0,5.829466373086881e-05,0.3815071699489468,38.15,LOW
2702,2704,2025-10-21 16:40:00,2025-10-21 16:45:00,5.0,0,1,1,9,Very Light,Light,0.0,0.3333333333333333,1.0,654,0.8766756032171582,1165.0,6.077492126170848e-05,0.3815074179746999,38.15,LOW
2702,2704,2025-10-21 09:50:00,2025-10-21 09:55:00,5.0,0,1,1,9,Very Light,Light,0.0,0.3333333333333333,1.0,654,0.8766756032171582,1575.0,1.994733700481656e-06,0.38150153995594377,38.15,LOW
2702,2704,2025-10-21 10:00:00,2025-10-21 10:05:00,5.0,0,1,1,9,Very Light,Light,0.0,0.3333333333333333,1.0,654,0.8766756032171582,1565.0,2.168084136769979e-06,0.3815015572909874,38.15,LOW
2702,2704,2025-10-21 15:00:00,2025-10-21 15:05:00,5.0,0,1,1,9,Very Light,Light,0.0,0.3333333333333333,1.0,654,0.8766756032171582,1265.0,2.6412671902497274e-05,0.38150398174976397,38.15,LOW
2702,2704,2025-10-21 07:55:00,2025-10-21 08:00:00,5.0,0,1,1,9,Very Light,Light,0.0,0.3333333333333333,1.0,654,0.8766756032171582,1690.0,7.650433536151126e-07,0.3815014169869091,38.15,LOW
2702,2704,2025-10-21 07:50:00,2025-10-21 07:55:00,5.0,0,1,1,9,Very Light,Light,0.0,0.3333333333333333,1.0,654,0.8766756032171582,1695.0,7.338215190190347e-07,0.38150141386472564,38.15,LOW
2702,2704,2025-10-21 15:40:00,2025-10-21 15:45:00,5.0,0,1,1,9,Very Light,Light,0.0,0.3333333333333333,1.0,654,0.8766756032171582,1225.0,3.686185308684739e-05,0.3815050266678824,38.15,LOW
2702,2704,2025-10-21 15:35:00,2025-10-21 15:40:00,5.0,0,1,1,9,Very Light,Light,0.0,0.3333333333333333,1.0,654,0.8766756032171582,1230.0,3.535750085040998e-05,0.3815048762326588,38.15,LOW
2702,2704,2025-10-21 15:20:00,2025-10-21 15:25:00,5.0,0,1,1,9,Very Light,Light,0.0,0.3333333333333333,1.0,654,0.8766756032171582,1245.0,3.1202884983619004e-05,0.3815044607710721,38.15,LOW
2702,2704,2025-10-21 16:30:00,2025-10-21 16:35:00,5.0,0,1,1,9,Very Light,Light,0.0,0.3333333333333333,1.0,654,0.8766756032171582,1175.0,5.591562685637185e-05,0.3815069320452594,38.15,LOW
2702,2704,2025-10-21 16:45:00,2025-10-21 16:50:00,5.0,0,1,1,9,Very Light,Light,0.0,0.3333333333333333,1.0,654,0.8766756032171582,1160.0,6.336070607455965e-05,0.3815076765531812,38.15,LOW
2702,2704,2025-10-21 16:10:00,2025-10-21 16:15:00,5.0,0,1,1,9,Very Light,Light,0.0,0.3333333333333333,1.0,654,0.8766756032171582,1195.0,4.7331556269721534e-05,0.3815060736382007,38.15,LOW
2702,2704,2025-10-21 16:25:00,2025-10-21 16:30:00,5.0,0,1,1,9,Very Light,Light,0.0,0.3333333333333333,1.0,654,0.8766756032171582,1180.0,5.36336797682804e-05,0.3815067038505506,38.15,LOW
2702,2704,2025-10-21 16:15:00,2025-10-21 16:20:00,5.0,0,1,1,9,Very Light,Light,0.0,0.3333333333333333,1.0,654,0.8766756032171582,1190.0,4.9345367506824176e-05,0.3815062750193244,38.15,LOW
2702,2704,2025-10-21 16:20:00,2025-10-21 16:25:00,5.0,0,1,1,9,Very Light,Light,0.0,0.3333333333333333,1.0,654,0.8766756032171582,1185.0,5.144486017970228e-05,0.3815064849685917,38.15,LOW
2702,2704,2025-10-21 16:00:00,2025-10-21 16:05:00,5.0,0,1,1,9,Very Light,Light,0.0,0.3333333333333333,1.0,654,0.8766756032171582,1205.0,4.354713398167087e-05,0.3815056951959719,38.15,LOW
2702,2704,2025-10-21 16:05:00,2025-10-21 16:10:00,5.0,0,1,1,9,Very Light,Light,0.0,0.3333333333333333,1.0,654,0.8766756032171582,1200.0,4.5399929762484854e-05,0.38150588047554995,38.15,LOW
2702,2704,2025-10-21 15:55:00,2025-10-21 16:00:00,5.0,0,1,1,9,Very Light,Light,0.0,0.3333333333333333,1.0,654,0.8766756032171582,1210.0,4.176995180253774e-05,0.38150551747775396,38.15,LOW
2702,2704,2025-10-21 16:55:00,2025-10-21 17:00:00,5.0,0,1,1,9,Very Light,Light,0.0,0.3333333333333333,1.0,654,0.8766756032171582,1150.0,6.886700801296313e-05,0.381508227183375,38.15,LOW
2702,2704,2025-10-21 09:05:00,2025-10-21 09:10:00,5.0,0,1,1,9,Very Light,Light,0.0,0.3333333333333333,1.0,654,0.8766756032171582,1620.0,1.3709590863840845e-06,0.38150147757848235,38.15,LOW
2702,2704,2025-10-15 07:35:00,2025-10-15 07:40:00,5.0,0,1,1,1,Very Light,Light,0.0,0.3333333333333333,1.0,654,0.8766756032171582,10350.0,3.484182826942503e-38,0.3815013404825737,38.15,LOW
2702,2704,2025-10-21 10:25:00,2025-10-21 10:30:00,5.0,0,1,1,9,Very Light,Light,0.0,0.3333333333333333,1.0,654,0.8766756032171582,1540.0,2.6702636814434975e-06,0.38150160750894185,38.15,LOW
2702,2704,2025-10-21 10:05:00,2025-10-21 10:10:00,5.0,0,1,1,9,Very Light,Light,0.0,0.3333333333333333,1.0,654,0.8766756032171582,1560.0,2.2603294069810542e-06,0.3815015665155144,38.15,LOW
2702,2704,2025-10-21 12:00:00,2025-10-21 12:05:00,5.0,0,1,1,9,Very Light,Light,0.0,0.3333333333333333,1.0,654,0.8766756032171582,1445.0,5.893463711552149e-06,0.3815019298289449,38.15,LOW
2702,2704,2025-10-21 12:05:00,2025-10-21 12:10:00,5.0,0,1,1,9,Very Light,Light,0.0,0.3333333333333333,1.0,654,0.8766756032171582,1440.0,6.14421235332821e-06,0.38150195490380906,38.15,LOW
2702,2704,2025-10-21 12:10:00,2025-10-21 12:15:00,5.0,0,1,1,9,Very Light,Light,0.0,0.3333333333333333,1.0,654,0.8766756032171582,1435.0,6.4056295737924355e-06,0.3815019810455311,38.15,LOW
2702,2704,2025-10-21 11:55:00,2025-10-21 12:00:00,5.0,0,1,1,9,Very Light,Light,0.0,0.3333333333333333,1.0,654,0.8766756032171582,1450.0,5.652948257976106e-06,0.3815019057773995,38.15,LOW
2702,2704,2025-10-21 15:10:00,2025-10-21 15:15:00,5.0,0,1,1,9,Very Light,Light,0.0,0.3333333333333333,1.0,654,0.8766756032171582,1255.0,2.8708040049499833e-05,0.3815042112865787,38.15,LOW
2702,2704,2025-10-21 15:15:00,2025-10-21 15:20:00,5.0,0,1,1,9,Very Light,Light,0.0,0.3333333333333333,1.0,654,0.8766756032171582,1250.0,2.9929478307676412e-05,0.3815043334304045,38.15,LOW
2702,2704,2025-10-21 09:00:00,2025-10-21 09:05:00,5.0,0,1,1,9,Very Light,Light,0.0,0.3333333333333333,1.0,654,0.8766756032171582,1625.0,1.3150095017875907e-06,0.3815014719835239,38.15,LOW
2702,2704,2025-10-21 09:15:00,2025-10-21 09:20:00,5.0,0,1,1,9,Very Light,Light,0.0,0.3333333333333333,1.0,654,0.8766756032171582,1610.0,1.4901009827187863e-06,0.381501489492672,38.15,LOW
2702,2704,2025-10-21 09:35:00,2025-10-21 09:40:00,5.0,0,1,1,9,Very Light,Light,0.0,0.3333333333333333,1.0,654,0.8766756032171582,1590.0,1.7603463121561693e-06,0.38150151651720493,38.15,LOW
2702,2704,2025-10-16 08:35:00,2025-10-16 08:40:00,5.0,0,1,1,3,Very Light,Light,0.0,0.3333333333333333,1.0,654,0.8766756032171582,8850.0,9.349361655243808e-33,0.3815013404825737,38.15,LOW
2702,2704,2025-10-21 09:25:00,2025-10-21 09:30:00,5.0,0,1,1,9,Very Light,Light,0.0,0.3333333333333333,1.0,654,0.8766756032171582,1600.0,1.6195967923126097e-06,0.38150150244225295,38.15,LOW
2702,2704,2025-10-21 09:20:00,2025-10-21 09:25:00,5.0,0,1,1,9,Very Light,Light,0.0,0.3333333333333333,1.0,654,0.8766756032171582,1605.0,1.5535001679540347e-06,0.3815014958325905,38.15,LOW
2702,2704,2025-10-16 15:40:00,2025-10-16 15:45:00,5.0,0,1,1,3,Very Light,Light,0.0,0.3333333333333333,1.0,654,0.8766756032171582,8425.0,3.227812132879189e-31,0.3815013404825737,38.15,LOW
2702,2704,2025-10-21 09:10:00,2025-10-21 09:15:00,5.0,0,1,1,9,Very Light,Light,0.0,0.3333333333333333,1.0,654,0.8766756032171582,1615.0,1.4292891526518243e-06,0.381501483411489,38.15,LOW
2702,2704,2025-10-21 08:55:00,2025-10-21 09:00:00,5.0,0,1,1,9,Very Light,Light,0.0,0.3333333333333333,1.0,654,0.8766756032171582,1630.0,1.261343250112996e-06,0.3815014666168987,38.15,LOW
2702,2704,2025-10-21 08:15:00,2025-10-21 08:20:00,5.0,0,1,1,9,Very Light,Light,0.0,0.3333333333333333,1.0,654,0.8766756032171582,1670.0,9.037919320868689e-07,0.3815014308617669,38.15,LOW
2702,2704,2025-10-22 07:55:00,2025-10-22 08:05:00,10.0,0,1,1,11,Very Light,Light,0.0,0.3333333333333333,0.9090909090909091,654,0.8766756032171582,250.0,0.12451447144412296,0.3803164239906224,38.03,LOW
2706,2704,2025-10-22 09:35:00,2025-10-22 09:40:00,5.0,0,1,1,11,Very Light,Light,0.0,0.3333333333333333,1.0,496,0.6648793565683646,150.0,0.2865047968601901,0.3783823831712737,37.84,LOW
2706,2704,2025-10-22 09:30:00,2025-10-22 09:35:00,5.0,0,1,1,11,Very Light,Light,0.0,0.3333333333333333,1.0,496,0.6648793565683646,155.0,0.27481238055948964,0.37721314154120367,37.72,LOW
2706,2704,2025-10-22 09:25:00,2025-10-22 09:30:00,5.0,0,1,1,11,Very Light,Light,0.0,0.3333333333333333,1.0,496,0.6648793565683646,160.0,0.26359713811572677,0.3760916172968274,37.61,LOW
2706,2704,2025-10-22 09:20:00,2025-10-22 09:25:00,5.0,0,1,1,11,Very Light,Light,0.0,0.3333333333333333,1.0,496,0.6648793565683646,165.0,0.25283959580474646,0.3750158630657293,37.5,LOW
2706,2704,2025-10-22 09:15:00,2025-10-22 09:20:00,5.0,0,1,1,11,Very Light,Light,0.0,0.3333333333333333,1.0,496,0.6648793565683646,170.0,0.2425210746356487,0.37398401094881956,37.4,LOW
2701,2704,2025-10-21 15:45:00,2025-10-21 16:00:00,15.0,0,1,1,9,Very Light,Light,0.0,0.3333333333333333,0.8181818181818181,746,1.0,1220.0,3.843021085526093e-05,0.3727311157483582,37.27,LOW
2702,2704,2025-10-17 05:25:00,2025-10-17 06:10:00,45.0,0,2,2,4,Very Light,Moderate,0.0,0.6666666666666666,0.2727272727272727,654,0.8766756032171582,7600.0,3.1237970669357894e-28,0.37241043139166463,37.24,LOW
2706,2704,2025-10-22 09:05:00,2025-10-22 09:10:00,5.0,0,1,1,11,Very Light,Light,0.0,0.3333333333333333,1.0,496,0.6648793565683646,180.0,0.22313016014842982,0.37204491950009766,37.2,LOW
2706,2704,2025-10-22 08:55:00,2025-10-22 09:00:00,5.0,0,1,1,11,Very Light,Light,0.0,0.3333333333333333,1.0,496,0.6648793565683646,190.0,0.20528965757990927,0.37026086924324564,37.03,LOW
2706,2704,2025-10-22 08:50:00,2025-10-22 08:55:00,5.0,0,1,1,11,Very Light,Light,0.0,0.3333333333333333,1.0,496,0.6648793565683646,195.0,0.19691167520419406,0.36942307100567406,36.94,LOW
2706,2704,2025-10-22 08:45:00,2025-10-22 08:50:00,5.0,0,1,1,11,Very Light,Light,0.0,0.3333333333333333,1.0,496,0.6648793565683646,200.0,0.18887560283756183,0.3686194637690109,36.86,LOW
2702,2704,2025-10-21 15:50:00,2025-10-21 16:00:00,10.0,0,1,1,9,Very Light,Light,0.0,0.3333333333333333,0.9090909090909091,654,0.8766756032171582,1215.0,4.006529739295107e-05,0.36786898337594937,36.79,LOW
2702,2704,2025-10-21 15:05:00,2025-10-21 15:15:00,10.0,0,1,1,9,Very Light,Light,0.0,0.3333333333333333,0.9090909090909091,654,0.8766756032171582,1260.0,2.7536449349747158e-05,0.367867730491145,36.79,LOW
2702,2704,2025-10-16 15:35:00,2025-10-16 15:45:00,10.0,0,1,1,3,Very Light,Light,0.0,0.3333333333333333,0.9090909090909091,654,0.8766756032171582,8430.0,3.0960833673866636e-31,0.36786497684621006,36.79,LOW
2702,2704,2025-10-16 08:50:00,2025-10-16 09:00:00,10.0,0,1,1,3,Very Light,Light,0.0,0.3333333333333333,0.9090909090909091,654,0.8766756032171582,8835.0,1.0594214696801825e-32,0.36786497684621006,36.79,LOW
2702,2704,2025-10-16 14:05:00,2025-10-16 14:15:00,10.0,0,1,1,3,Very Light,Light,0.0,0.3333333333333333,0.9090909090909091,654,0.8766756032171582,8520.0,1.462486227251231e-31,0.36786497684621006,36.79,LOW
2702,2704,2025-10-16 13:35:00,2025-10-16 13:45:00,10.0,0,1,1,3,Very Light,Light,0.0,0.3333333333333333,0.9090909090909091,654,0.8766756032171582,8550.0,1.1389854190144031e-31,0.36786497684621006,36.79,LOW
2706,2704,2025-10-22 08:40:00,2025-10-22 08:45:00,5.0,0,1,1,11,Very Light,Light,0.0,0.3333333333333333,1.0,496,0.6648793565683646,205.0,0.18116748694692214,0.3678486521799469,36.78,LOW
2706,2704,2025-10-22 08:35:00,2025-10-22 08:40:00,5.0,0,1,1,11,Very Light,Light,0.0,0.3333333333333333,1.0,496,0.6648793565683646,210.0,0.17377394345044514,0.3671092978302992,36.71,LOW
2706,2704,2025-10-22 08:30:00,2025-10-22 08:35:00,5.0,0,1,1,11,Very Light,Light,0.0,0.3333333333333333,1.0,496,0.6648793565683646,215.0,0.16668213447794653,0.36640011693304936,36.64,LOW
2706,2704,2025-10-22 08:25:00,2025-10-22 08:30:00,5.0,0,1,1,11,Very Light,Light,0.0,0.3333333333333333,1.0,496,0.6648793565683646,220.0,0.1598797460796939,0.3657198780932241,36.57,LOW
2706,2704,2025-10-22 08:20:00,2025-10-22 08:25:00,5.0,0,1,1,11,Very Light,Light,0.0,0.3333333333333333,1.0,496,0.6648793565683646,225.0,0.15335496684492847,0.36506740016974754,36.51,LOW
2706,2704,2025-10-22 08:15:00,2025-10-22 08:20:00,5.0,0,1,1,11,Very Light,Light,0.0,0.3333333333333333,1.0,496,0.6648793565683646,230.0,0.1470964673929768,0.3644415502245524,36.44,LOW
2706,2704,2025-10-22 08:10:00,2025-10-22 08:15:00,5.0,0,1,1,11,Very Light,Light,0.0,0.3333333333333333,1.0,496,0.6648793565683646,235.0,0.1410933807013415,0.36384124155538883,36.38,LOW
2706,2704,2025-10-22 08:05:00,2025-10-22 08:10:00,5.0,0,1,1,11,Very Light,Light,0.0,0.3333333333333333,1.0,496,0.6648793565683646,240.0,0.1353352832366127,0.36326543180891596,36.33,LOW
2706,2704,2025-10-22 08:00:00,2025-10-22 08:05:00,5.0,0,1,1,11,Very Light,Light,0.0,0.3333333333333333,1.0,496,0.6648793565683646,245.0,0.129812176855438,0.36271312117079846,36.27,LOW
2706,2704,2025-10-22 07:50:00,2025-10-22 07:55:00,5.0,0,1,1,11,Very Light,Light,0.0,0.3333333333333333,1.0,496,0.6648793565683646,255.0,0.11943296826671962,0.3616752003119266,36.17,LOW
2706,2704,2025-10-22 07:45:00,2025-10-22 07:50:00,5.0,0,1,1,11,Very Light,Light,0.0,0.3333333333333333,1.0,496,0.6648793565683646,260.0,0.11455884399268773,0.36118778788452344,36.12,LOW
2702,2704,2025-10-17 05:20:00,2025-10-17 06:10:00,50.0,0,2,2,4,Very Light,Moderate,0.0,0.6666666666666666,0.18181818181818177,654,0.8766756032171582,7605.0,2.996313212753265e-28,0.35877406775530096,35.88,LOW
2702,2704,2025-10-21 15:45:00,2025-10-21 16:00:00,15.0,0,1,1,9,Very Light,Light,0.0,0.3333333333333333,0.8181818181818181,654,0.8766756032171582,1220.0,3.843021085526093e-05,0.35423245623093197,35.42,LOW
2706,2704,2025-10-16 07:55:00,2025-10-16 08:00:00,5.0,0,1,1,3,Very Light,Light,0.0,0.3333333333333333,1.0,496,0.6648793565683646,8890.0,6.699110359860209e-33,0.3497319034852547,34.97,LOW
2706,2704,2025-10-16 07:40:00,2025-10-16 07:45:00,5.0,0,1,1,3,Very Light,Light,0.0,0.3333333333333333,1.0,496,0.6648793565683646,8905.0,5.911944142649009e-33,0.3497319034852547,34.97,LOW
2706,2704,2025-10-16 07:45:00,2025-10-16 07:50:00,5.0,0,1,1,3,Very Light,Light,0.0,0.3333333333333333,1.0,496,0.6648793565683646,8900.0,6.163479069574763e-33,0.3497319034852547,34.97,LOW
2706,2704,2025-10-16 16:00:00,2025-10-16 16:05:00,5.0,0,1,1,3,Very Light,Light,0.0,0.3333333333333333,1.0,496,0.6648793565683646,8405.0,3.8132094739508634e-31,0.3497319034852547,34.97,LOW
2706,2704,2025-10-16 16:10:00,2025-10-16 16:15:00,5.0,0,1,1,3,Very Light,Light,0.0,0.3333333333333333,1.0,496,0.6648793565683646,8395.0,4.144592818909948e-31,0.3497319034852547,34.97,LOW
2706,2704,2025-10-16 16:15:00,2025-10-16 16:20:00,5.0,0,1,1,3,Very Light,Light,0.0,0.3333333333333333,1.0,496,0.6648793565683646,8390.0,4.320932416627188e-31,0.3497319034852547,34.97,LOW
2706,2704,2025-10-15 07:55:00,2025-10-15 08:00:00,5.0,0,1,1,1,Very Light,Light,0.0,0.3333333333333333,1.0,496,0.6648793565683646,10330.0,4.1160756629362087e-38,0.3497319034852547,34.97,LOW
2706,2704,2025-10-16 16:05:00,2025-10-16 16:10:00,5.0,0,1,1,3,Very Light,Light,0.0,0.3333333333333333,1.0,496,0.6648793565683646,8400.0,3.975449735908647e-31,0.3497319034852547,34.97,LOW
2706,2704,2025-10-16 06:35:00,2025-10-16 06:40:00,5.0,0,1,1,3,Very Light,Light,0.0,0.3333333333333333,1.0,496,0.6648793565683646,8970.0,3.439437941040803e-33,0.3497319034852547,34.97,LOW
2706,2704,2025-10-15 07:10:00,2025-10-15 07:15:00,5.0,0,1,1,1,Very Light,Light,0.0,0.3333333333333333,1.0,496,0.6648793565683646,10375.0,2.8289346738285e-38,0.3497319034852547,34.97,LOW
2706,2704,2025-10-15 07:20:00,2025-10-15 07:25:00,5.0,0,1,1,1,Very Light,Light,0.0,0.3333333333333333,1.0,496,0.6648793565683646,10365.0,3.074780552815198e-38,0.3497319034852547,34.97,LOW
2706,2704,2025-10-15 07:15:00,2025-10-15 07:20:00,5.0,0,1,1,1,Very Light,Light,0.0,0.3333333333333333,1.0,496,0.6648793565683646,10370.0,2.949297089184532e-38,0.3497319034852547,34.97,LOW
2706,2704,2025-10-15 07:30:00,2025-10-15 07:35:00,5.0,0,1,1,1,Very Light,Light,0.0,0.3333333333333333,1.0,496,0.6648793565683646,10355.0,3.341991434243946e-38,0.3497319034852547,34.97,LOW
2706,2704,2025-10-15 07:35:00,2025-10-15 07:40:00,5.0,0,1,1,1,Very Light,Light,0.0,0.3333333333333333,1.0,496,0.6648793565683646,10350.0,3.484182826942503e-38,0.3497319034852547,34.97,LOW
2706,2704,2025-10-15 07:40:00,2025-10-15 07:45:00,5.0,0,1,1,1,Very Light,Light,0.0,0.3333333333333333,1.0,496,0.6648793565683646,10345.0,3.632424023345039e-38,0.3497319034852547,34.97,LOW
2706,2704,2025-10-15 07:25:00,2025-10-15 07:30:00,5.0,0,1,1,1,Very Light,Light,0.0,0.3333333333333333,1.0,496,0.6648793565683646,10360.0,3.205602949475871e-38,0.3497319034852547,34.97,LOW
2706,2704,2025-10-15 07:50:00,2025-10-15 07:55:00,5.0,0,1,1,1,Very Light,Light,0.0,0.3333333333333333,1.0,496,0.6648793565683646,10335.0,3.948096380551899e-38,0.3497319034852547,34.97,LOW
2706,2704,2025-10-16 09:00:00,2025-10-16 09:05:00,5.0,0,1,1,3,Very Light,Light,0.0,0.3333333333333333,1.0,496,0.6648793565683646,8825.0,1.1514894855451166e-32,0.3497319034852547,34.97,LOW
2706,2704,2025-10-16 09:05:00,2025-10-16 09:10:00,5.0,0,1,1,3,Very Light,Light,0.0,0.3333333333333333,1.0,496,0.6648793565683646,8820.0,1.2004817995138824e-32,0.3497319034852547,34.97,LOW
2706,2704,2025-10-16 09:10:00,2025-10-16 09:15:00,5.0,0,1,1,3,Very Light,Light,0.0,0.3333333333333333,1.0,496,0.6648793565683646,8815.0,1.2515585848201157e-32,0.3497319034852547,34.97,LOW
2706,2704,2025-10-16 09:15:00,2025-10-16 09:20:00,5.0,0,1,1,3,Very Light,Light,0.0,0.3333333333333333,1.0,496,0.6648793565683646,8810.0,1.3048085292681647e-32,0.3497319034852547,34.97,LOW
2706,2704,2025-10-16 09:20:00,2025-10-16 09:25:00,5.0,0,1,1,3,Very Light,Light,0.0,0.3333333333333333,1.0,496,0.6648793565683646,8805.0,1.3603240940540357e-32,0.3497319034852547,34.97,LOW
2706,2704,2025-10-16 09:25:00,2025-10-16 09:30:00,5.0,0,1,1,3,Very Light,Light,0.0,0.3333333333333333,1.0,496,0.6648793565683646,8800.0,1.4182016743114204e-32,0.3497319034852547,34.97,LOW
2706,2704,2025-10-16 09:30:00,2025-10-16 09:35:00,5.0,0,1,1,3,Very Light,Light,0.0,0.3333333333333333,1.0,496,0.6648793565683646,8795.0,1.4785417664886213e-32,0.3497319034852547,34.97,LOW
2706,2704,2025-10-16 07:30:00,2025-10-16 07:35:00,5.0,0,1,1,3,Very Light,Light,0.0,0.3333333333333333,1.0,496,0.6648793565683646,8915.0,5.439251188044712e-33,0.3497319034852547,34.97,LOW
2706,2704,2025-10-16 06:40:00,2025-10-16 06:45:00,5.0,0,1,1,3,Very Light,Light,0.0,0.3333333333333333,1.0,496,0.6648793565683646,8965.0,3.5857753810251425e-33,0.3497319034852547,34.97,LOW
2706,2704,2025-10-16 06:50:00,2025-10-16 06:55:00,5.0,0,1,1,3,Very Light,Light,0.0,0.3333333333333333,1.0,496,0.6648793565683646,8955.0,3.897393782309736e-33,0.3497319034852547,34.97,LOW
2706,2704,2025-10-16 06:55:00,2025-10-16 07:00:00,5.0,0,1,1,3,Very Light,Light,0.0,0.3333333333333333,1.0,496,0.6648793565683646,8950.0,4.06321582605375e-33,0.3497319034852547,34.97,LOW
2706,2704,2025-10-16 07:00:00,2025-10-16 07:05:00,5.0,0,1,1,3,Very Light,Light,0.0,0.3333333333333333,1.0,496,0.6648793565683646,8945.0,4.236093084571291e-33,0.3497319034852547,34.97,LOW
2706,2704,2025-10-16 07:05:00,2025-10-16 07:10:00,5.0,0,1,1,3,Very Light,Light,0.0,0.3333333333333333,1.0,496,0.6648793565683646,8940.0,4.416325735416545e-33,0.3497319034852547,34.97,LOW
2706,2704,2025-10-16 07:15:00,2025-10-16 07:20:00,5.0,0,1,1,3,Very Light,Light,0.0,0.3333333333333333,1.0,496,0.6648793565683646,8930.0,4.8001223258290394e-33,0.3497319034852547,34.97,LOW
2706,2704,2025-10-16 07:25:00,2025-10-16 07:30:00,5.0,0,1,1,3,Very Light,Light,0.0,0.3333333333333333,1.0,496,0.6648793565683646,8920.0,5.2172723941408916e-33,0.3497319034852547,34.97,LOW
2706,2704,2025-10-16 11:50:00,2025-10-16 11:55:00,5.0,0,1,1,3,Very Light,Light,0.0,0.3333333333333333,1.0,496,0.6648793565683646,8655.0,4.747997621547163e-32,0.3497319034852547,34.97,LOW
2706,2704,2025-10-16 11:05:00,2025-10-16 11:10:00,5.0,0,1,1,3,Very Light,Light,0.0,0.3333333333333333,1.0,496,0.6648793565683646,8700.0,3.263247861014401e-32,0.3497319034852547,34.97,LOW
2706,2704,2025-10-16 11:40:00,2025-10-16 11:45:00,5.0,0,1,1,3,Very Light,Light,0.0,0.3333333333333333,1.0,496,0.6648793565683646,8665.0,4.368368692377799e-32,0.3497319034852547,34.97,LOW
2706,2704,2025-10-16 07:50:00,2025-10-16 07:55:00,5.0,0,1,1,3,Very Light,Light,0.0,0.3333333333333333,1.0,496,0.6648793565683646,8895.0,6.425716029188487e-33,0.3497319034852547,34.97,LOW
2706,2704,2025-10-16 08:05:00,2025-10-16 08:10:00,5.0,0,1,1,3,Very Light,Light,0.0,0.3333333333333333,1.0,496,0.6648793565683646,8880.0,7.281290178321643e-33,0.3497319034852547,34.97,LOW
2706,2704,2025-10-16 08:00:00,2025-10-16 08:05:00,5.0,0,1,1,3,Very Light,Light,0.0,0.3333333333333333,1.0,496,0.6648793565683646,8885.0,6.984136773198405e-33,0.3497319034852547,34.97,LOW
2706,2704,2025-10-15 07:00:00,2025-10-15 07:05:00,5.0,0,1,1,1,Very Light,Light,0.0,0.3333333333333333,1.0,496,0.6648793565683646,10385.0,2.602745546007113e-38,0.3497319034852547,34.97,LOW
2706,2704,2025-10-16 07:35:00,2025-10-16 07:40:00,5.0,0,1,1,3,Very Light,Light,0.0,0.3333333333333333,1.0,496,0.6648793565683646,8910.0,5.6706744926470255e-33,0.3497319034852547,34.97,LOW
2706,2704,2025-10-16 16:45:00,2025-10-16 16:50:00,5.0,0,1,1,3,Very Light,Light,0.0,0.3333333333333333,1.0,496,0.6648793565683646,8360.0,5.548187046739294e-31,0.3497319034852547,34.97,LOW
2706,2704,2025-10-16 12:20:00,2025-10-16 12:25:00,5.0,0,1,1,3,Very Light,Light,0.0,0.3333333333333333,1.0,496,0.6648793565683646,8625.0,6.096549624439501e-32,0.3497319034852547,34.97,LOW
2706,2704,2025-10-16 12:05:00,2025-10-16 12:10:00,5.0,0,1,1,3,Very Light,Light,0.0,0.3333333333333333,1.0,496,0.6648793565683646,8640.0,5.380186160021138e-32,0.3497319034852547,34.97,LOW
2706,2704,2025-10-16 12:10:00,2025-10-16 12:15:00,5.0,0,1,1,3,Very Light,Light,0.0,0.3333333333333333,1.0,496,0.6648793565683646,8635.0,5.609096430476088e-32,0.3497319034852547,34.97,LOW
2706,2704,2025-10-16 11:45:00,2025-10-16 11:50:00,5.0,0,1,1,3,Very Light,Light,0.0,0.3333333333333333,1.0,496,0.6648793565683646,8660.0,4.5542292609672813e-32,0.3497319034852547,34.97,LOW
2706,2704,2025-10-16 08:35:00,2025-10-16 08:40:00,5.0,0,1,1,3,Very Light,Light,0.0,0.3333333333333333,1.0,496,0.6648793565683646,8850.0,9.349361655243808e-33,0.3497319034852547,34.97,LOW
2706,2704,2025-10-16 08:25:00,2025-10-16 08:30:00,5.0,0,1,1,3,Very Light,Light,0.0,0.3333333333333333,1.0,496,0.6648793565683646,8860.0,8.601827971256671e-33,0.3497319034852547,34.97,LOW
2706,2704,2025-10-16 08:15:00,2025-10-16 08:20:00,5.0,0,1,1,3,Very Light,Light,0.0,0.3333333333333333,1.0,496,0.6648793565683646,8870.0,7.914063780556908e-33,0.3497319034852547,34.97,LOW
2706,2704,2025-10-16 13:55:00,2025-10-16 14:00:00,5.0,0,1,1,3,Very Light,Light,0.0,0.3333333333333333,1.0,496,0.6648793565683646,8530.0,1.3455522848548126e-31,0.3497319034852547,34.97,LOW
2706,2704,2025-10-16 08:55:00,2025-10-16 09:00:00,5.0,0,1,1,3,Very Light,Light,0.0,0.3333333333333333,1.0,496,0.6648793565683646,8830.0,1.1044965745069117e-32,0.3497319034852547,34.97,LOW
2706,2704,2025-10-16 13:30:00,2025-10-16 13:35:00,5.0,0,1,1,3,Very Light,Light,0.0,0.3333333333333333,1.0,496,0.6648793565683646,8555.0,1.0925028057196446e-31,0.3497319034852547,34.97,LOW
2706,2704,2025-10-16 13:40:00,2025-10-16 13:45:00,5.0,0,1,1,3,Very Light,Light,0.0,0.3333333333333333,1.0,496,0.6648793565683646,8545.0,1.1874457236499973e-31,0.3497319034852547,34.97,LOW
2706,2704,2025-10-16 14:25:00,2025-10-16 14:30:00,5.0,0,1,1,3,Very Light,Light,0.0,0.3333333333333333,1.0,496,0.6648793565683646,8500.0,1.7277233332358432e-31,0.3497319034852547,34.97,LOW
2706,2704,2025-10-16 08:40:00,2025-10-16 08:45:00,5.0,0,1,1,3,Very Light,Light,0.0,0.3333333333333333,1.0,496,0.6648793565683646,8845.0,9.747148059176454e-33,0.3497319034852547,34.97,LOW
2706,2704,2025-10-16 08:45:00,2025-10-16 08:50:00,5.0,0,1,1,3,Very Light,Light,0.0,0.3333333333333333,1.0,496,0.6648793565683646,8840.0,1.0161859043522947e-32,0.3497319034852547,34.97,LOW
2706,2704,2025-10-16 08:20:00,2025-10-16 08:25:00,5.0,0,1,1,3,Very Light,Light,0.0,0.3333333333333333,1.0,496,0.6648793565683646,8865.0,8.250782701895846e-33,0.3497319034852547,34.97,LOW
2706,2704,2025-10-16 10:45:00,2025-10-16 10:50:00,5.0,0,1,1,3,Very Light,Light,0.0,0.3333333333333333,1.0,496,0.6648793565683646,8720.0,2.762279678137064e-32,0.3497319034852547,34.97,LOW
2706,2704,2025-10-16 14:35:00,2025-10-16 14:40:00,5.0,0,1,1,3,Very Light,Light,0.0,0.3333333333333333,1.0,496,0.6648793565683646,8490.0,1.8778694873463448e-31,0.3497319034852547,34.97,LOW
2706,2704,2025-10-16 09:45:00,2025-10-16 09:50:00,5.0,0,1,1,3,Very Light,Light,0.0,0.3333333333333333,1.0,496,0.6648793565683646,8780.0,1.675407315491274e-32,0.3497319034852547,34.97,LOW
2706,2704,2025-10-16 09:40:00,2025-10-16 09:45:00,5.0,0,1,1,3,Very Light,Light,0.0,0.3333333333333333,1.0,496,0.6648793565683646,8785.0,1.607033033382769e-32,0.3497319034852547,34.97,LOW
2706,2704,2025-10-16 10:10:00,2025-10-16 10:15:00,5.0,0,1,1,3,Very Light,Light,0.0,0.3333333333333333,1.0,496,0.6648793565683646,8755.0,2.0634712603202752e-32,0.3497319034852547,34.97,LOW
2706,2704,2025-10-16 10:20:00,2025-10-16 10:25:00,5.0,0,1,1,3,Very Light,Light,0.0,0.3333333333333333,1.0,496,0.6648793565683646,8745.0,2.2427952689127702e-32,0.3497319034852547,34.97,LOW
2706,2704,2025-10-16 10:35:00,2025-10-16 10:40:00,5.0,0,1,1,3,Very Light,Light,0.0,0.3333333333333333,1.0,496,0.6648793565683646,8730.0,2.5414199895141027e-32,0.3497319034852547,34.97,LOW
2706,2704,2025-10-16 10:00:00,2025-10-16 10:05:00,5.0,0,1,1,3,Very Light,Light,0.0,0.3333333333333333,1.0,496,0.6648793565683646,8765.0,1.8984852078057815e-32,0.3497319034852547,34.97,LOW
2706,2704,2025-10-16 15:25:00,2025-10-16 15:30:00,5.0,0,1,1,3,Very Light,Light,0.0,0.3333333333333333,1.0,496,0.6648793565683646,8440.0,2.8485342093908605e-31,0.3497319034852547,34.97,LOW
2706,2704,2025-10-16 10:50:00,2025-10-16 10:55:00,5.0,0,1,1,3,Very Light,Light,0.0,0.3333333333333333,1.0,496,0.6648793565683646,8715.0,2.879806129711015e-32,0.3497319034852547,34.97,LOW
2706,2704,2025-10-16 11:00:00,2025-10-16 11:05:00,5.0,0,1,1,3,Very Light,Light,0.0,0.3333333333333333,1.0,496,0.6648793565683646,8705.0,3.130072944218945e-32,0.3497319034852547,34.97,LOW
2706,2704,2025-10-20 07:15:00,2025-10-20 07:20:00,5.0,0,1,1,8,Very Light,Light,0.0,0.3333333333333333,1.0,496,0.6648793565683646,3170.0,3.368119070610635e-12,0.34973190348559147,34.97,LOW
2706,2704,2025-10-16 15:40:00,2025-10-16 15:45:00,5.0,0,1,1,3,Very Light,Light,0.0,0.3333333333333333,1.0,496,0.6648793565683646,8425.0,3.227812132879189e-31,0.3497319034852547,34.97,LOW
2706,2704,2025-10-16 14:00:00,2025-10-16 14:05:00,5.0,0,1,1,3,Very Light,Light,0.0,0.3333333333333333,1.0,496,0.6648793565683646,8525.0,1.4028013703466932e-31,0.3497319034852547,34.97,LOW
2706,2704,2025-10-16 14:30:00,2025-10-16 14:35:00,5.0,0,1,1,3,Very Light,Light,0.0,0.3333333333333333,1.0,496,0.6648793565683646,8495.0,1.8012326140895477e-31,0.3497319034852547,34.97,LOW
2706,2704,2025-10-16 08:30:00,2025-10-16 08:35:00,5.0,0,1,1,3,Very Light,Light,0.0,0.3333333333333333,1.0,496,0.6648793565683646,8855.0,8.967809130410259e-33,0.3497319034852547,34.97,LOW
2706,2704,2025-10-21 08:15:00,2025-10-21 08:20:00,5.0,0,1,1,9,Very Light,Light,0.0,0.3333333333333333,1.0,496,0.6648793565683646,1670.0,9.037919320868689e-07,0.34973199386444787,34.97,LOW
2706,2704,2025-10-21 07:35:00,2025-10-21 07:40:00,5.0,0,1,1,9,Very Light,Light,0.0,0.3333333333333333,1.0,496,0.6648793565683646,1710.0,6.475952175842209e-07,0.3497319682447764,34.97,LOW
2706,2704,2025-10-16 15:55:00,2025-10-16 16:00:00,5.0,0,1,1,3,Very Light,Light,0.0,0.3333333333333333,1.0,496,0.6648793565683646,8410.0,3.657590325162386e-31,0.3497319034852547,34.97,LOW
2706,2704,2025-10-16 12:25:00,2025-10-16 12:30:00,5.0,0,1,1,3,Very Light,Light,0.0,0.3333333333333333,1.0,496,0.6648793565683646,8620.0,6.355938943296637e-32,0.3497319034852547,34.97,LOW
2706,2704,2025-10-16 12:30:00,2025-10-16 12:35:00,5.0,0,1,1,3,Very Light,Light,0.0,0.3333333333333333,1.0,496,0.6648793565683646,8615.0,6.62636447491039e-32,0.3497319034852547,34.97,LOW
2706,2704,2025-10-16 12:35:00,2025-10-16 12:40:00,5.0,0,1,1,3,Very Light,Light,0.0,0.3333333333333333,1.0,496,0.6648793565683646,8610.0,6.908295775978762e-32,0.3497319034852547,34.97,LOW
2706,2704,2025-10-16 12:40:00,2025-10-16 12:45:00,5.0,0,1,1,3,Very Light,Light,0.0,0.3333333333333333,1.0,496,0.6648793565683646,8605.0,7.202222381383783e-32,0.3497319034852547,34.97,LOW
2706,2704,2025-10-16 12:50:00,2025-10-16 12:55:00,5.0,0,1,1,3,Very Light,Light,0.0,0.3333333333333333,1.0,496,0.6648793565683646,8595.0,7.828124671878425e-32,0.3497319034852547,34.97,LOW
2706,2704,2025-10-16 13:00:00,2025-10-16 13:05:00,5.0,0,1,1,3,Very Light,Light,0.0,0.3333333333333333,1.0,496,0.6648793565683646,8585.0,8.508420406021661e-32,0.3497319034852547,34.97,LOW
2706,2704,2025-10-16 13:05:00,2025-10-16 13:10:00,5.0,0,1,1,3,Very Light,Light,0.0,0.3333333333333333,1.0,496,0.6648793565683646,8580.0,8.870427362353295e-32,0.3497319034852547,34.97,LOW
2706,2704,2025-10-16 13:20:00,2025-10-16 13:25:00,5.0,0,1,1,3,Very Light,Light,0.0,0.3333333333333333,1.0,496,0.6648793565683646,8565.0,1.0051511043692284e-31,0.3497319034852547,34.97,LOW
2706,2704,2025-10-16 13:25:00,2025-10-16 13:30:00,5.0,0,1,1,3,Very Light,Light,0.0,0.3333333333333333,1.0,496,0.6648793565683646,8560.0,1.047917173108446e-31,0.3497319034852547,34.97,LOW
2706,2704,2025-10-21 07:05:00,2025-10-21 07:10:00,5.0,0,1,1,9,Very Light,Light,0.0,0.3333333333333333,1.0,496,0.6648793565683646,1740.0,5.04347662567888e-07,0.34973195392002093,34.97,LOW
2706,2704,2025-10-21 07:15:00,2025-10-21 07:20:00,5.0,0,1,1,9,Very Light,Light,0.0,0.3333333333333333,1.0,496,0.6648793565683646,1730.0,5.481775168116042e-07,0.34973195830300635,34.97,LOW
2706,2704,2025-10-21 07:20:00,2025-10-21 07:25:00,5.0,0,1,1,9,Very Light,Light,0.0,0.3333333333333333,1.0,496,0.6648793565683646,1725.0,5.715007736466721e-07,0.349731960635332,34.97,LOW
2706,2704,2025-10-21 07:30:00,2025-10-21 07:35:00,5.0,0,1,1,9,Very Light,Light,0.0,0.3333333333333333,1.0,496,0.6648793565683646,1715.0,6.211665051810835e-07,0.3497319656019052,34.97,LOW
2706,2704,2025-10-21 08:40:00,2025-10-21 08:45:00,5.0,0,1,1,9,Very Light,Light,0.0,0.3333333333333333,1.0,496,0.6648793565683646,1645.0,1.1131315113207056e-06,0.3497320147984058,34.97,LOW
2706,2704,2025-10-21 08:20:00,2025-10-21 08:25:00,5.0,0,1,1,9,Very Light,Light,0.0,0.3333333333333333,1.0,496,0.6648793565683646,1665.0,9.422454817328475e-07,0.34973199770980284,34.97,LOW
2706,2704,2025-10-21 07:40:00,2025-10-21 07:45:00,5.0,0,1,1,9,Very Light,Light,0.0,0.3333333333333333,1.0,496,0.6648793565683646,1705.0,6.751483899082682e-07,0.3497319710000937,34.97,LOW
2706,2704,2025-10-21 07:45:00,2025-10-21 07:50:00,5.0,0,1,1,9,Very Light,Light,0.0,0.3333333333333333,1.0,496,0.6648793565683646,1700.0,7.038738644428715e-07,0.3497319738726411,34.97,LOW
2706,2704,2025-10-21 07:50:00,2025-10-21 07:55:00,5.0,0,1,1,9,Very Light,Light,0.0,0.3333333333333333,1.0,496,0.6648793565683646,1695.0,7.338215190190347e-07,0.3497319768674066,34.97,LOW
2706,2704,2025-10-21 07:55:00,2025-10-21 08:00:00,5.0,0,1,1,9,Very Light,Light,0.0,0.3333333333333333,1.0,496,0.6648793565683646,1690.0,7.650433536151126e-07,0.34973197998959005,34.97,LOW
2706,2704,2025-10-21 08:00:00,2025-10-21 08:05:00,5.0,0,1,1,9,Very Light,Light,0.0,0.3333333333333333,1.0,496,0.6648793565683646,1685.0,7.975935806476088e-07,0.34973198324461274,34.97,LOW
2706,2704,2025-10-21 08:05:00,2025-10-21 08:10:00,5.0,0,1,1,9,Very Light,Light,0.0,0.3333333333333333,1.0,496,0.6648793565683646,1680.0,8.315287191035679e-07,0.3497319866381266,34.97,LOW
2706,2704,2025-10-21 08:50:00,2025-10-21 08:55:00,5.0,0,1,1,9,Very Light,Light,0.0,0.3333333333333333,1.0,496,0.6648793565683646,1635.0,1.2098671473041613e-06,0.34973202447196944,34.97,LOW
2706,2704,2025-10-21 08:45:00,2025-10-21 08:50:00,5.0,0,1,1,9,Very Light,Light,0.0,0.3333333333333333,1.0,496,0.6648793565683646,1640.0,1.1604918121968607e-06,0.3497320195344359,34.97,LOW
2706,2704,2025-10-21 08:25:00,2025-10-21 08:30:00,5.0,0,1,1,9,Very Light,Light,0.0,0.3333333333333333,1.0,496,0.6648793565683646,1660.0,9.823351109098322e-07,0.3497320017187658,34.97,LOW
2706,2704,2025-10-21 08:35:00,2025-10-21 08:40:00,5.0,0,1,1,9,Very Light,Light,0.0,0.3333333333333333,1.0,496,0.6648793565683646,1650.0,1.0677040100347827e-06,0.3497320102556557,34.97,LOW
2706,2704,2025-10-21 08:55:00,2025-10-21 09:00:00,5.0,0,1,1,9,Very Light,Light,0.0,0.3333333333333333,1.0,496,0.6648793565683646,1630.0,1.261343250112996e-06,0.34973202961957967,34.97,LOW
2706,2704,2025-10-16 15:30:00,2025-10-16 15:35:00,5.0,0,1,1,3,Very Light,Light,0.0,0.3333333333333333,1.0,496,0.6648793565683646,8435.0,2.9697305243282323e-31,0.3497319034852547,34.97,LOW
2706,2704,2025-10-16 15:50:00,2025-10-16 15:55:00,5.0,0,1,1,3,Very Light,Light,0.0,0.3333333333333333,1.0,496,0.6648793565683646,8415.0,3.5083220783201285e-31,0.3497319034852547,34.97,LOW
2706,2704,2025-10-16 15:45:00,2025-10-16 15:50:00,5.0,0,1,1,3,Very Light,Light,0.0,0.3333333333333333,1.0,496,0.6648793565683646,8420.0,3.3651455496678715e-31,0.3497319034852547,34.97,LOW
2706,2704,2025-10-16 15:10:00,2025-10-16 15:15:00,5.0,0,1,1,3,Very Light,Light,0.0,0.3333333333333333,1.0,496,0.6648793565683646,8455.0,2.513822616693694e-31,0.3497319034852547,34.97,LOW
2706,2704,2025-10-21 15:55:00,2025-10-21 16:00:00,5.0,0,1,1,9,Very Light,Light,0.0,0.3333333333333333,1.0,496,0.6648793565683646,1210.0,4.176995180253774e-05,0.3497360804804349,34.97,LOW
2706,2704,2025-10-21 15:20:00,2025-10-21 15:25:00,5.0,0,1,1,9,Very Light,Light,0.0,0.3333333333333333,1.0,496,0.6648793565683646,1245.0,3.1202884983619004e-05,0.34973502377375304,34.97,LOW
2706,2704,2025-10-21 09:00:00,2025-10-21 09:05:00,5.0,0,1,1,9,Very Light,Light,0.0,0.3333333333333333,1.0,496,0.6648793565683646,1625.0,1.3150095017875907e-06,0.34973203498620486,34.97,LOW
2706,2704,2025-10-21 09:55:00,2025-10-21 10:00:00,5.0,0,1,1,9,Very Light,Light,0.0,0.3333333333333333,1.0,496,0.6648793565683646,1570.0,2.079603446115328e-06,0.3497321114455993,34.97,LOW
2706,2704,2025-10-21 09:05:00,2025-10-21 09:10:00,5.0,0,1,1,9,Very Light,Light,0.0,0.3333333333333333,1.0,496,0.6648793565683646,1620.0,1.3709590863840845e-06,0.3497320405811633,34.97,LOW
2706,2704,2025-10-21 09:20:00,2025-10-21 09:25:00,5.0,0,1,1,9,Very Light,Light,0.0,0.3333333333333333,1.0,496,0.6648793565683646,1605.0,1.5535001679540347e-06,0.3497320588352715,34.97,LOW
2706,2704,2025-10-21 09:30:00,2025-10-21 09:35:00,5.0,0,1,1,9,Very Light,Light,0.0,0.3333333333333333,1.0,496,0.6648793565683646,1595.0,1.6885056234811505e-06,0.34973207233581705,34.97,LOW
2706,2704,2025-10-21 10:45:00,2025-10-21 10:50:00,5.0,0,1,1,9,Very Light,Light,0.0,0.3333333333333333,1.0,496,0.6648793565683646,1520.0,3.1545438051702337e-06,0.3497322189396352,34.97,LOW
2706,2704,2025-10-21 10:50:00,2025-10-21 10:55:00,5.0,0,1,1,9,Very Light,Light,0.0,0.3333333333333333,1.0,496,0.6648793565683646,1515.0,3.2887598813664843e-06,0.3497322323612428,34.97,LOW
2706,2704,2025-10-21 11:25:00,2025-10-21 11:30:00,5.0,0,1,1,9,Very Light,Light,0.0,0.3333333333333333,1.0,496,0.6648793565683646,1480.0,4.402520529973925e-06,0.34973234373730766,34.97,LOW
2706,2704,2025-10-21 11:30:00,2025-10-21 11:35:00,5.0,0,1,1,9,Very Light,Light,0.0,0.3333333333333333,1.0,496,0.6648793565683646,1475.0,4.589834153559722e-06,0.34973236246867,34.97,LOW
2706,2704,2025-10-21 11:35:00,2025-10-21 11:40:00,5.0,0,1,1,9,Very Light,Light,0.0,0.3333333333333333,1.0,496,0.6648793565683646,1470.0,4.785117392129009e-06,0.3497323819969939,34.97,LOW
2706,2704,2025-10-21 10:15:00,2025-10-21 10:20:00,5.0,0,1,1,9,Very Light,Light,0.0,0.3333333333333333,1.0,496,0.6648793565683646,1550.0,2.4567611856996272e-06,0.34973214916137324,34.97,LOW
2706,2704,2025-10-21 10:35:00,2025-10-21 10:40:00,5.0,0,1,1,9,Very Light,Light,0.0,0.3333333333333333,1.0,496,0.6648793565683646,1530.0,2.902320408650404e-06,0.3497321937172955,34.97,LOW
2706,2704,2025-10-21 10:40:00,2025-10-21 10:45:00,5.0,0,1,1,9,Very Light,Light,0.0,0.3333333333333333,1.0,496,0.6648793565683646,1525.0,3.0258051599082278e-06,0.34973220606577066,34.97,LOW
2706,2704,2025-10-21 13:40:00,2025-10-21 13:45:00,5.0,0,1,1,9,Very Light,Light,0.0,0.3333333333333333,1.0,496,0.6648793565683646,1345.0,1.3560717914133226e-05,0.3497332595570461,34.97,LOW
2706,2704,2025-10-21 13:45:00,2025-10-21 13:50:00,5.0,0,1,1,9,Very Light,Light,0.0,0.3333333333333333,1.0,496,0.6648793565683646,1340.0,1.4137684493534087e-05,0.34973331725370405,34.97,LOW
2706,2704,2025-10-21 13:50:00,2025-10-21 13:55:00,5.0,0,1,1,9,Very Light,Light,0.0,0.3333333333333333,1.0,496,0.6648793565683646,1335.0,1.4739199215286483e-05,0.3497333774051762,34.97,LOW
2706,2704,2025-10-21 14:00:00,2025-10-21 14:05:00,5.0,0,1,1,9,Very Light,Light,0.0,0.3333333333333333,1.0,496,0.6648793565683646,1325.0,1.6020095313795006e-05,0.34973350549478605,34.97,LOW
2706,2704,2025-10-21 14:30:00,2025-10-21 14:35:00,5.0,0,1,1,9,Very Light,Light,0.0,0.3333333333333333,1.0,496,0.6648793565683646,1295.0,2.057020956067297e-05,0.34973396050621075,34.97,LOW
2706,2704,2025-10-21 14:35:00,2025-10-21 14:40:00,5.0,0,1,1,9,Very Light,Light,0.0,0.3333333333333333,1.0,496,0.6648793565683646,1290.0,2.1445408316589164e-05,0.3497340480260863,34.97,LOW
2706,2704,2025-10-21 14:40:00,2025-10-21 14:45:00,5.0,0,1,1,9,Very Light,Light,0.0,0.3333333333333333,1.0,496,0.6648793565683646,1285.0,2.235784407099572e-05,0.3497341392696618,34.97,LOW
2706,2704,2025-10-21 14:45:00,2025-10-21 14:50:00,5.0,0,1,1,9,Very Light,Light,0.0,0.3333333333333333,1.0,496,0.6648793565683646,1280.0,2.3309101142937016e-05,0.349734234395369,34.97,LOW
2706,2704,2025-10-21 15:15:00,2025-10-21 15:20:00,5.0,0,1,1,9,Very Light,Light,0.0,0.3333333333333333,1.0,496,0.6648793565683646,1250.0,2.9929478307676412e-05,0.3497348964330855,34.97,LOW
2706,2704,2025-10-21 14:55:00,2025-10-21 15:00:00,5.0,0,1,1,9,Very Light,Light,0.0,0.3333333333333333,1.0,496,0.6648793565683646,1270.0,2.5334756422958116e-05,0.34973443696089695,34.97,LOW
2706,2704,2025-10-21 15:00:00,2025-10-21 15:05:00,5.0,0,1,1,9,Very Light,Light,0.0,0.3333333333333333,1.0,496,0.6648793565683646,1265.0,2.6412671902497274e-05,0.3497345447524449,34.97,LOW
2706,2704,2025-10-21 15:10:00,2025-10-21 15:15:00,5.0,0,1,1,9,Very Light,Light,0.0,0.3333333333333333,1.0,496,0.6648793565683646,1255.0,2.8708040049499833e-05,0.34973477428925964,34.97,LOW
2706,2704,2025-10-21 15:35:00,2025-10-21 15:40:00,5.0,0,1,1,9,Very Light,Light,0.0,0.3333333333333333,1.0,496,0.6648793565683646,1230.0,3.535750085040998e-05,0.34973543923533973,34.97,LOW
2706,2704,2025-10-21 12:00:00,2025-10-21 12:05:00,5.0,0,1,1,9,Very Light,Light,0.0,0.3333333333333333,1.0,496,0.6648793565683646,1445.0,5.893463711552149e-06,0.34973249283162583,34.97,LOW
2706,2704,2025-10-21 13:10:00,2025-10-21 13:15:00,5.0,0,1,1,9,Very Light,Light,0.0,0.3333333333333333,1.0,496,0.6648793565683646,1375.0,1.0561097730537384e-05,0.34973295959502776,34.97,LOW
2706,2704,2025-10-21 13:30:00,2025-10-21 13:35:00,5.0,0,1,1,9,Very Light,Light,0.0,0.3333333333333333,1.0,496,0.6648793565683646,1355.0,1.2476462775262095e-05,0.3497331511315322,34.97,LOW
2706,2704,2025-10-16 15:20:00,2025-10-16 15:25:00,5.0,0,1,1,3,Very Light,Light,0.0,0.3333333333333333,1.0,496,0.6648793565683646,8445.0,2.732283981862415e-31,0.3497319034852547,34.97,LOW
2706,2704,2025-10-16 16:40:00,2025-10-16 16:45:00,5.0,0,1,1,3,Very Light,Light,0.0,0.3333333333333333,1.0,496,0.6648793565683646,8365.0,5.321762521301867e-31,0.3497319034852547,34.97,LOW
2706,2704,2025-10-16 16:35:00,2025-10-16 16:40:00,5.0,0,1,1,3,Very Light,Light,0.0,0.3333333333333333,1.0,496,0.6648793565683646,8370.0,5.104578503671272e-31,0.3497319034852547,34.97,LOW
2706,2704,2025-10-21 16:00:00,2025-10-21 16:05:00,5.0,0,1,1,9,Very Light,Light,0.0,0.3333333333333333,1.0,496,0.6648793565683646,1205.0,4.354713398167087e-05,0.34973625819865284,34.97,LOW
2706,2704,2025-10-21 16:25:00,2025-10-21 16:30:00,5.0,0,1,1,9,Very Light,Light,0.0,0.3333333333333333,1.0,496,0.6648793565683646,1180.0,5.36336797682804e-05,0.34973726685323153,34.97,LOW
2706,2704,2025-10-21 16:10:00,2025-10-21 16:15:00,5.0,0,1,1,9,Very Light,Light,0.0,0.3333333333333333,1.0,496,0.6648793565683646,1195.0,4.7331556269721534e-05,0.34973663664088167,34.97,LOW
2706,2704,2025-10-21 16:15:00,2025-10-21 16:20:00,5.0,0,1,1,9,Very Light,Light,0.0,0.3333333333333333,1.0,496,0.6648793565683646,1190.0,4.9345367506824176e-05,0.34973683802200534,34.97,LOW
2706,2704,2025-10-21 16:20:00,2025-10-21 16:25:00,5.0,0,1,1,9,Very Light,Light,0.0,0.3333333333333333,1.0,496,0.6648793565683646,1185.0,5.144486017970228e-05,0.34973704797127264,34.97,LOW
2706,2704,2025-10-21 16:45:00,2025-10-21 16:50:00,5.0,0,1,1,9,Very Light,Light,0.0,0.3333333333333333,1.0,496,0.6648793565683646,1160.0,6.336070607455965e-05,0.34973823955586214,34.97,LOW
2706,2704,2025-10-21 16:50:00,2025-10-21 16:55:00,5.0,0,1,1,9,Very Light,Light,0.0,0.3333333333333333,1.0,496,0.6648793565683646,1155.0,6.605650802868481e-05,0.34973850913605753,34.97,LOW
2706,2704,2025-10-16 16:20:00,2025-10-16 16:25:00,5.0,0,1,1,3,Very Light,Light,0.0,0.3333333333333333,1.0,496,0.6648793565683646,8385.0,4.5047747184898065e-31,0.3497319034852547,34.97,LOW
2706,2704,2025-10-16 16:25:00,2025-10-16 16:30:00,5.0,0,1,1,3,Very Light,Light,0.0,0.3333333333333333,1.0,496,0.6648793565683646,8380.0,4.696438941339684e-31,0.3497319034852547,34.97,LOW
2706,2704,2025-10-16 16:30:00,2025-10-16 16:35:00,5.0,0,1,1,3,Very Light,Light,0.0,0.3333333333333333,1.0,496,0.6648793565683646,8375.0,4.896257883707402e-31,0.3497319034852547,34.97,LOW
2706,2704,2025-10-21 16:30:00,2025-10-21 16:35:00,5.0,0,1,1,9,Very Light,Light,0.0,0.3333333333333333,1.0,496,0.6648793565683646,1175.0,5.591562685637185e-05,0.3497374950479403,34.97,LOW
2706,2704,2025-10-21 16:35:00,2025-10-21 16:40:00,5.0,0,1,1,9,Very Light,Light,0.0,0.3333333333333333,1.0,496,0.6648793565683646,1170.0,5.829466373086881e-05,0.34973773295162774,34.97,LOW
2706,2704,2025-10-21 16:40:00,2025-10-21 16:45:00,5.0,0,1,1,9,Very Light,Light,0.0,0.3333333333333333,1.0,496,0.6648793565683646,1165.0,6.077492126170848e-05,0.34973798097738085,34.97,LOW
2706,2704,2025-10-21 16:55:00,2025-10-21 17:00:00,5.0,0,1,1,9,Very Light,Light,0.0,0.3333333333333333,1.0,496,0.6648793565683646,1150.0,6.886700801296313e-05,0.34973879018605597,34.97,LOW
2706,2704,2025-10-16 15:05:00,2025-10-16 15:10:00,5.0,0,1,1,3,Very Light,Light,0.0,0.3333333333333333,1.0,496,0.6648793565683646,8460.0,2.411232150975086e-31,0.3497319034852547,34.97,LOW
2706,2704,2025-10-16 15:00:00,2025-10-16 15:05:00,5.0,0,1,1,3,Very Light,Light,0.0,0.3333333333333333,1.0,496,0.6648793565683646,8465.0,2.3128284578578812e-31,0.3497319034852547,34.97,LOW
2706,2704,2025-10-16 16:50:00,2025-10-16 16:55:00,5.0,0,1,1,3,Very Light,Light,0.0,0.3333333333333333,1.0,496,0.6648793565683646,8355.0,5.784245234993277e-31,0.3497319034852547,34.97,LOW
2706,2704,2025-10-16 14:55:00,2025-10-16 15:00:00,5.0,0,1,1,3,Very Light,Light,0.0,0.3333333333333333,1.0,496,0.6648793565683646,8470.0,2.2184406728792874e-31,0.3497319034852547,34.97,LOW
2706,2704,2025-10-16 14:40:00,2025-10-16 14:45:00,5.0,0,1,1,3,Very Light,Light,0.0,0.3333333333333333,1.0,496,0.6648793565683646,8485.0,1.9577670223836566e-31,0.3497319034852547,34.97,LOW
2706,2704,2025-10-16 14:45:00,2025-10-16 14:50:00,5.0,0,1,1,3,Very Light,Light,0.0,0.3333333333333333,1.0,496,0.6648793565683646,8480.0,2.0410639502690864e-31,0.3497319034852547,34.97,LOW
2706,2704,2025-10-16 14:50:00,2025-10-16 14:55:00,5.0,0,1,1,3,Very Light,Light,0.0,0.3333333333333333,1.0,496,0.6648793565683646,8475.0,2.1279049046479047e-31,0.3497319034852547,34.97,LOW
2706,2704,2025-10-16 15:15:00,2025-10-16 15:20:00,5.0,0,1,1,3,Very Light,Light,0.0,0.3333333333333333,1.0,496,0.6648793565683646,8450.0,2.6207779892305916e-31,0.3497319034852547,34.97,LOW
2706,2704,2025-10-22 07:55:00,2025-10-22 08:05:00,10.0,0,1,1,11,Very Light,Light,0.0,0.3333333333333333,0.9090909090909091,496,0.6648793565683646,250.0,0.12451447144412296,0.34854698699330333,34.85,LOW
2702,2704,2025-10-17 05:15:00,2025-10-17 06:10:00,55.0,0,2,2,4,Very Light,Moderate,0.0,0.6666666666666666,0.09090909090909094,654,0.8766756032171582,7610.0,2.874032043869749e-28,0.34513770411893735,34.51,LOW
2706,2704,2025-10-16 08:50:00,2025-10-16 09:00:00,10.0,0,1,1,3,Very Light,Light,0.0,0.3333333333333333,0.9090909090909091,496,0.6648793565683646,8835.0,1.0594214696801825e-32,0.336095539848891,33.61,LOW
2706,2704,2025-10-21 07:25:00,2025-10-21 07:35:00,10.0,0,1,1,9,Very Light,Light,0.0,0.3333333333333333,0.9090909090909091,496,0.6648793565683646,1720.0,5.958163628790234e-07,0.3360955994305273,33.61,LOW
2706,2704,2025-10-16 15:35:00,2025-10-16 15:45:00,10.0,0,1,1,3,Very Light,Light,0.0,0.3333333333333333,0.9090909090909091,496,0.6648793565683646,8430.0,3.0960833673866636e-31,0.336095539848891,33.61,LOW
2706,2704,2025-10-21 14:20:00,2025-10-21 14:30:00,10.0,0,1,1,9,Very Light,Light,0.0,0.3333333333333333,0.9090909090909091,496,0.6648793565683646,1305.0,1.892550641405186e-05,0.33609743239953244,33.61,LOW
2702,2704,2025-10-17 05:10:00,2025-10-17 06:10:00,60.0,0,2,2,4,Very Light,Moderate,0.0,0.6666666666666666,0.0,654,0.8766756032171582,7615.0,2.7567412358736784e-28,0.33150134048257374,33.15,LOW
